depth,measured,predicted
4151.8,119.6682,119.42363
4151.9,119.658,119.51531
4152.0,119.1817,114.09987
4152.1,118.8714,119.069725
4152.2,118.867,119.449425
4152.3,119.7307,119.91909
4152.4,120.2371,120.15557
4152.5,120.249,120.196655
4152.6,120.8052,120.59103
4152.7,120.6575,120.75309
4152.8,120.653,120.89708
4152.9,121.0026,121.15065
4153.0,121.2342,121.3572
4153.1,121.2458,121.490944
4153.2,121.2092,121.585915
4153.3,121.0591,121.22837
4153.4,121.054,121.050964
4153.5,120.9507,121.24135
4153.6,120.8072,121.29386
4153.7,120.8078,121.1266
4153.8,120.555,120.7398
4153.9,120.545,120.44832
4154.0,120.0938,119.90176
4154.1,119.6453,119.527176
4154.2,119.627,119.742645
4154.3,119.4222,119.583015
4154.4,119.4445,119.12288
4154.5,119.446,118.8481
4154.6,119.8143,120.10738
4154.7,120.157,120.16181
4154.8,120.173,120.03912
4154.9,120.465,120.204254
4155.0,119.9318,120.05956
4155.1,119.9087,119.85323
4155.2,119.7649,119.87858
4155.3,119.3242,119.57036
4155.4,119.2991,119.93798
4155.5,119.5145,120.68494
4155.6,119.5166,120.337845
4155.7,119.5217,118.66468
4155.8,119.7085,118.69285
4155.9,119.863,119.68609
4156.0,119.8776,120.59918
4156.1,119.6573,119.242195
4156.2,119.6261,119.909515
4156.3,119.6306,120.03449
4156.4,119.8444,119.96413
4156.5,119.3943,120.173164
4156.6,119.3676,120.68498
4156.7,118.8772,121.82203
4156.8,118.485,118.81671
4156.9,118.459,118.60847
4157.0,120.1787,119.357765
4157.1,120.3154,120.21059
4157.2,122.5861,122.12986
4157.3,125.5219,124.57384
4157.4,125.7446,123.78716
4157.5,127.2381,127.36156
4157.6,128.4568,128.20126
4157.7,128.5525,128.46718
4157.8,128.4599,129.03294
4158.0,127.8706,128.16028
4158.1,126.2948,128.5203
4158.2,124.2804,125.18507
4158.3,124.1185,123.605515
4158.4,122.6075,122.40873
4158.5,121.6042,120.54244
4158.6,121.5286,120.030334
4158.7,121.3619,121.49643
4158.8,121.4098,121.62836
4158.9,121.416,121.252396
4159.0,121.6208,121.37771
4159.1,121.5555,121.848854
4159.2,121.547,121.4838
4159.3,121.5515,122.169525
4159.4,121.5257,122.02648
4159.5,121.523,121.21698
4159.6,121.6469,121.17345
4159.7,121.4631,121.51487
4159.8,121.442,121.33909
4159.9,121.2762,120.79915
4160.0,121.213,120.77509
4160.1,121.2134,121.0756
4160.2,121.2248,120.9849
4160.3,121.2314,121.04681
4160.4,121.3817,121.242
4160.5,121.5834,121.52168
4160.6,121.6104,121.62275
4160.7,121.7441,121.72616
4160.8,121.6637,121.56787
4160.9,121.652,121.26493
4161.0,121.4927,120.77645
4161.1,121.4028,121.03077
4161.2,121.3949,121.50801
4161.3,121.4385,122.135254
4161.4,121.5583,122.428894
4161.5,121.573,121.90376
4161.6,121.8639,120.756935
4161.7,122.2959,122.14897
4161.8,122.348,122.754265
4161.9,122.956,123.19634
4162.0,123.6937,123.330795
4162.1,123.7892,123.72665
4162.2,124.2071,124.431046
4162.3,124.3834,124.926834
4162.4,124.4,124.59083
4162.5,124.4254,124.0001
4162.6,124.6414,124.04139
4162.7,124.6781,124.57578
4162.8,125.0305,125.47639
4162.9,125.3913,125.41319
4163.0,125.4422,125.685646
4163.1,125.5629,125.18924
4163.2,125.5089,125.22711
4163.3,125.5032,125.377594
4163.4,125.4633,125.155655
4163.5,125.457,124.6885
4163.6,125.7638,124.20662
4163.7,126.2936,125.12652
4163.8,126.37,125.36497
4163.9,126.1564,125.88968
4164.0,125.2455,125.82561
4164.1,125.1064,125.799774
4164.2,123.1942,122.34906
4164.3,120.844,120.77638
4164.4,120.5016,120.57831
4164.5,117.8663,119.803375
4164.6,115.5528,115.354836
4164.7,115.2374,115.32358
4164.8,114.3799,114.75816
4164.9,115.3656,117.00606
4165.0,115.57,116.32218
4165.1,117.2014,118.22587
4165.2,119.7174,122.429726
4165.3,120.1211,120.458305
4165.4,121.4361,120.18575
4165.5,122.5954,120.83529
4165.6,122.7691,123.44473
4165.7,122.8054,123.30731
4165.8,122.5686,123.793144
4165.9,122.5222,123.25938
4166.0,122.0885,122.09098
4166.1,121.1459,121.34298
4166.2,120.981,120.98662
4166.3,121.084,120.979965
4166.4,120.992,121.20249
4166.5,120.97,121.121155
4166.6,121.2403,121.560875
4166.7,121.2982,121.92641
4166.8,120.7756,121.223114
4166.9,120.9609,121.07069
4167.0,121.0258,120.67504
4167.1,120.6066,120.951485
4167.2,120.5034,121.29258
4167.3,120.505,120.83514
4167.4,120.4449,120.91455
4167.5,120.9461,121.11036
4167.6,121.0599,121.12003
4167.7,121.0108,121.29542
4167.8,120.9137,121.71712
4167.9,120.895,121.027
4168.0,120.5407,120.242744
4168.1,120.3164,120.14724
4168.2,120.284,120.05581
4168.3,120.3191,120.826294
4168.4,120.305,120.23946
4168.5,120.3,120.19204
4168.6,120.6069,120.933334
4168.7,120.8697,121.019196
4168.8,120.914,120.583115
4168.9,120.9067,120.04422
4169.0,120.9018,120.89414
4169.1,120.9059,120.41669
4169.2,121.0323,120.95727
4169.3,121.0378,120.44367
4169.4,121.032,120.66423
4169.5,120.1117,120.70501
4169.6,119.6268,120.61278
4169.7,119.5678,120.931366
4169.8,119.634,119.77238
4169.9,119.65,119.3339
4170.0,120.0309,119.341415
4170.1,119.7224,120.015816
4170.2,119.6202,119.89268
4170.3,119.3761,120.32794
4170.4,119.2049,120.3943
4170.5,119.177,119.97134
4170.6,119.127,119.86078
4170.7,119.4162,119.84412
4170.8,119.495,119.42615
4170.9,118.9989,118.843704
4171.0,119.0055,119.08545
4171.1,119.0467,119.090965
4171.2,119.126,119.52263
4171.3,119.8106,119.90914
4171.4,119.9916,120.03118
4171.5,119.7572,119.760376
4171.6,119.4805,120.325386
4171.7,119.4267,120.40011
4171.8,119.3185,120.06884
4171.9,119.2333,120.89328
4172.0,119.2227,119.3568
4172.1,119.1133,118.6174
4172.2,118.8976,118.618645
4172.3,118.8489,118.9368
4172.4,118.6746,118.813774
4172.5,118.6426,118.49731
4172.6,118.6526,118.26976
4172.7,118.8148,118.134796
4172.8,119.035,118.237656
4172.9,119.0868,118.11203
4173.0,119.486,118.33207
4173.1,119.6096,118.73528
4173.2,119.7393,119.164185
4173.3,118.9195,118.9532
4173.4,118.6575,119.1294
4173.5,118.4603,118.795616
4173.6,118.2097,118.60817
4173.7,118.1548,118.47369
4173.8,117.906,118.50124
4173.9,117.5905,118.68623
4174.0,117.5198,118.22491
4174.1,118.2491,118.781525
4174.2,119.2557,119.88278
4174.3,119.5068,120.34096
4174.4,119.8317,120.536415
4174.5,119.9073,120.91352
4174.6,119.9033,120.91467
4174.7,120.7464,120.96025
4174.8,121.3831,122.243355
4174.9,121.5027,122.38131
4175.0,122.0379,123.44218
4175.1,122.1066,122.87712
4175.2,122.0715,123.98757
4175.3,122.607,124.391556
4175.4,122.9305,121.89552
4175.5,122.979,122.245705
4175.6,122.9693,123.43466
4175.7,122.6694,123.375114
4175.8,122.567,122.28648
4175.9,122.5544,121.70986
4176.0,122.6026,122.334526
4176.1,122.6254,122.462456
4176.2,122.8167,122.20799
4176.3,122.8884,122.79829
4176.4,123.0387,123.13275
4176.5,123.0494,123.44966
4176.6,123.0384,123.20711
4176.7,122.9476,122.65103
4176.8,122.8605,122.279594
4176.9,122.841,122.30173
4177.0,122.8892,122.54684
4177.1,122.7291,122.773705
4177.2,122.663,122.64547
4177.3,122.5357,122.415504
4177.4,122.4589,122.71885
4177.5,122.448,122.905815
4177.6,122.637,123.086136
4177.7,122.7792,122.598145
4177.8,122.806,122.623764
4177.9,122.6278,122.33057
4178.0,122.4805,122.28576
4178.1,122.4543,122.27161
4178.2,122.4416,122.31875
4178.3,122.4267,122.72549
4178.4,122.423,122.568306
4178.5,122.3329,122.75063
4178.6,122.2263,122.11497
4178.7,122.2023,122.001434
4178.8,122.1135,122.16128
4178.9,122.1574,122.201584
4179.0,122.1943,122.23029
4179.1,122.4088,122.69867
4179.2,122.7772,122.837204
4179.3,122.8972,123.280045
4179.4,123.1462,124.09885
4179.5,123.249,124.43653
4179.6,123.4082,124.53093
4179.7,123.5685,124.3041
4179.8,123.608,123.8919
4179.9,123.7384,124.255264
4180.0,123.9474,124.06855
4180.1,124.0172,124.10269
4180.2,124.158,124.167305
4180.3,124.2382,124.123085
4180.4,124.247,123.9955
4180.5,124.3652,123.99576
4180.6,124.5135,124.25793
4180.7,124.5602,124.26369
4180.8,124.6665,123.93256
4180.9,124.74,123.75564
4181.0,124.7561,124.34191
4181.1,124.7904,124.98744
4181.2,124.8167,125.915436
4181.3,124.8261,126.41641
4181.4,125.0037,125.45577
4181.5,125.1518,125.05054
4181.6,125.1878,124.76926
4181.7,125.3062,125.19588
4181.8,125.2426,126.03833
4181.9,125.188,125.8037
4182.0,125.7357,126.00442
4182.1,126.0908,125.994125
4182.2,126.137,125.8219
4182.3,126.2528,126.14466
4182.4,125.7067,126.19287
4182.5,125.4183,125.989
4182.6,125.5495,125.94677
4182.7,125.617,125.731804
4182.8,125.5867,125.28368
4182.9,125.5354,125.21658
4183.0,125.522,125.57718
4183.1,125.6699,126.07103
4183.2,125.8797,126.0398
4183.3,125.952,126.04859
4183.4,126.0393,125.71412
4183.5,126.1891,125.65581
4183.6,126.2477,126.34133
4183.7,126.4696,126.28367
4183.8,126.7082,126.540855
4183.9,126.773,126.77938
4184.0,126.9275,127.0066
4184.1,126.9411,127.17533
4184.2,126.907,127.16966
4184.3,126.8051,127.08338
4184.4,126.4776,126.64729
4184.5,126.334,126.249916
4184.6,126.031,125.91867
4184.7,125.788,125.72825
4184.8,125.744,126.028275
4184.9,125.6072,125.467995
4185.0,125.3259,125.20462
4185.1,125.2179,125.19759
4185.2,125.0566,125.00747
4185.3,125.08,125.14717
4185.4,125.1416,124.863106
4185.5,125.1446,124.85356
4185.6,125.0603,125.387856
4185.7,125.0169,125.62491
4185.8,124.9972,125.11089
4185.9,124.985,124.75824
4186.0,124.5098,124.70071
4186.1,123.6676,124.46285
4186.2,123.343,123.89249
4186.3,123.1601,123.30206
4186.4,123.2965,122.79036
4186.5,123.434,122.53405
4186.6,123.5539,123.20863
4186.7,123.5172,123.26194
4186.8,123.456,123.47251
4186.9,123.5122,124.01124
4187.0,123.7858,123.85605
4187.1,123.9308,123.283035
4187.2,124.0128,123.85046
4187.3,123.8837,124.306305
4187.4,123.7784,123.97626
4187.5,123.6379,124.17961
4187.6,123.5365,123.5507
4187.7,123.5297,124.7895
4187.8,123.4212,123.794495
4187.9,123.3447,123.441055
4188.0,123.3427,123.36811
4188.1,123.1505,122.96686
4188.2,123.0267,123.1824
4188.3,123.0277,123.07198
4188.4,122.8543,122.86
4188.5,123.1345,122.60376
4188.6,123.3817,122.760376
4188.7,123.6674,123.478424
4188.8,123.3524,123.33349
4188.9,123.0388,123.22184
4189.0,123.3835,123.91732
4189.1,123.6077,125.04715
4189.2,123.7177,124.13626
4189.3,123.7627,124.61412
4189.4,123.747,123.39396
4189.5,123.3662,123.25659
4189.6,123.1935,124.353836
4189.7,123.2466,123.49387
4189.8,123.24,122.66726
4189.9,122.89,122.176865
4190.0,122.665,122.18464
4190.1,122.8264,122.48479
4190.2,122.9348,122.324104
4190.3,122.9396,122.86831
4190.4,122.9402,122.59355
4190.5,122.939,123.315865
4190.6,122.9426,123.53439
4190.7,122.9367,123.36552
4190.8,122.928,123.93075
4190.9,122.926,124.67934
4191.0,122.9443,124.16451
4191.1,122.957,123.29292
4191.2,122.957,122.634766
4191.3,122.957,122.67328
4191.4,122.9599,122.66183
4191.5,122.962,122.57003
4191.6,122.9965,123.1261
4191.7,123.0192,123.21496
4191.8,123.018,123.68937
4191.9,123.0122,123.24799
4192.0,123.0115,122.63193
4192.1,123.0076,122.502
4192.2,123.099,123.48681
4192.3,123.1725,123.433846
4192.4,123.3203,123.54535
4192.5,123.5064,123.813095
4192.6,123.5684,124.22061
4192.7,123.6295,124.196884
4192.8,123.5494,124.458435
4192.9,123.4564,124.50234
4193.0,123.4611,124.05665
4193.1,123.0681,123.655
4193.2,122.768,123.113976
4193.3,122.8072,123.66532
4193.4,122.4467,123.56864
4193.5,122.1474,123.14879
4193.6,122.5884,123.6825
4193.7,122.5554,123.24958
4193.8,122.266,122.63896
4193.9,122.0083,123.26496
4194.0,121.6165,122.86182
4194.1,121.4704,122.50752
4194.2,121.8282,122.642456
4194.3,121.7428,123.72683
4194.4,121.4514,123.33996
4194.5,121.5099,122.690315
4194.6,121.6269,122.59632
4194.7,121.6863,122.40223
4194.8,121.7409,122.5555
4194.9,121.5426,121.8118
4195.0,121.3498,121.26895
4195.1,121.3141,121.895775
4195.2,121.283,122.31977
4195.3,121.2857,122.32825
4195.4,121.3465,122.28573
4195.5,121.395,121.7316
4195.6,121.6607,121.0416
4195.7,122.0629,121.544044
4195.8,122.214,121.87148
4195.9,122.1485,122.53279
4196.0,122.086,122.651505
4196.1,122.0838,122.092384
4196.2,122.199,122.158585
4196.3,122.3068,122.47527
4196.4,122.317,122.43267
4196.5,122.1869,121.82204
4196.6,122.0724,121.891556
4196.7,122.0742,122.25985
4196.8,122.0791,122.292435
4196.9,122.1421,121.85957
4197.0,122.1992,121.64858
4197.1,122.3693,122.08609
4197.2,122.5825,122.32796
4197.3,122.6432,121.794685
4197.4,122.7066,122.055725
4197.5,122.7389,122.45362
4197.6,122.7216,122.579765
4197.7,122.5539,121.89762
4197.8,122.6597,123.11019
4197.9,122.8985,123.37417
4198.0,123.0957,123.055885
4198.1,123.0697,123.11266
4198.2,122.878,122.60347
4198.3,122.6581,122.55977
4198.4,122.4525,122.53912
4198.5,122.5814,122.92698
4198.6,122.9479,123.22069
4198.7,123.1816,123.30029
4198.8,123.0754,123.22226
4198.9,122.9536,123.24545
4199.0,122.9391,123.23103
4199.1,122.9501,123.262054
4199.2,122.9824,123.73481
4199.3,123.009,123.443985
4199.4,123.0079,122.87165
4199.5,123.008,122.51142
4199.6,123.015,122.57578
4199.7,122.9994,122.9124
4199.8,122.3911,122.89918
4199.9,121.8055,122.67488
4200.0,122.0533,122.59374
4200.1,122.307,122.416214
4200.2,122.312,122.036575
4200.3,122.3558,122.48053
4200.4,122.4919,122.74977
4200.5,122.585,122.86431
4200.6,122.6775,124.21279
4200.7,122.846,123.88853
4200.8,122.922,122.65693
4200.9,122.9815,122.63759
4201.0,122.9478,122.43781
4201.1,122.8519,122.30927
4201.2,122.7133,122.4707
4201.3,122.3052,122.82332
4201.4,122.0315,122.26917
4201.5,122.0426,122.18537
4201.6,122.0579,122.08047
4201.7,122.0823,122.18386
4201.8,122.119,122.40019
4201.9,122.134,122.10409
4202.0,121.9053,121.71943
4202.1,121.4451,120.75214
4202.2,121.214,121.159225
4202.3,121.2231,121.500824
4202.4,121.2502,121.84071
4202.5,121.269,121.42981
4202.6,121.091,120.625206
4202.7,120.9598,120.741684
4202.8,121.033,121.08508
4202.9,120.9429,120.56643
4203.0,120.9559,120.263016
4203.1,121.0868,120.66508
4203.2,121.1748,119.971535
4203.3,120.9807,120.614
4203.4,120.6495,120.226295
4203.5,119.9875,119.715805
4203.6,119.0649,118.99835
4203.7,118.8793,119.39561
4203.8,118.6951,119.516304
4203.9,118.3945,118.865135
4204.0,118.2993,118.428635
4204.1,118.2593,118.38076
4204.2,118.1531,117.977005
4204.3,118.0893,117.72309
4204.4,118.0317,117.97209
4204.5,117.9063,118.04785
4204.6,117.8452,117.80322
4204.7,118.249,118.09949
4204.8,118.731,119.07278
4204.9,119.0882,118.8381
4205.0,119.2395,118.95982
4205.1,118.8977,118.859886
4205.2,118.8709,118.658905
4205.3,118.8653,118.94197
4205.4,118.9044,119.16619
4205.5,119.2236,119.65939
4205.6,119.3493,119.61001
4205.7,119.0128,118.705025
4205.8,118.7366,118.656944
4205.9,118.1215,118.41552
4206.0,117.7892,118.017654
4206.1,117.7278,117.67412
4206.2,117.3061,117.18828
4206.3,116.8736,116.68427
4206.4,116.6919,117.03226
4206.5,117.3995,117.67379
4206.6,118.6286,119.35805
4206.7,118.8579,120.585976
4206.8,119.1431,120.141426
4206.9,119.13,121.03198
4207.0,119.7888,122.381775
4207.1,120.6665,121.72809
4207.2,120.675,122.030075
4207.3,120.7819,122.26664
4207.4,121.6604,122.38592
4207.5,122.6499,123.49661
4207.6,122.6981,123.53898
4207.7,123.1953,123.917625
4207.8,123.785,124.22862
4207.9,123.8019,124.32368
4208.0,123.8275,123.95437
4208.1,123.8281,124.22153
4208.2,123.9793,124.16121
4208.3,124.1975,124.115685
4208.4,124.1993,124.77031
4208.5,124.1471,124.17253
4208.6,124.0795,124.26369
4208.7,124.0578,124.61622
4208.8,124.0245,124.96193
4208.9,124.028,126.94338
4209.0,124.0793,126.32375
4209.1,124.1735,124.219894
4209.2,124.203,123.78997
4209.3,124.1977,124.22831
4209.4,124.0392,124.64685
4209.5,123.819,124.08715
4209.6,123.8016,123.78936
4209.7,123.7651,123.70452
4209.8,123.749,123.83968
4209.9,123.7618,124.30788
4210.0,123.6929,124.55556
4210.1,123.5634,124.546486
4210.2,123.4837,123.8444
4210.3,123.3103,123.4638
4210.4,123.2376,123.40592
4210.5,123.2018,123.79059
4210.6,123.0864,123.66302
4210.7,122.9944,123.40762
4210.8,122.9764,122.80604
4210.9,122.934,122.77171
4211.0,122.9223,123.05878
4211.1,123.0082,123.312164
4211.2,123.1374,124.648674
4211.3,123.162,123.43663
4211.4,123.2607,123.323616
4211.5,123.357,123.408325
4211.6,123.3655,123.76843
4211.7,123.5451,123.85169
4211.8,123.812,123.45088
4211.9,123.9185,123.3835
4212.0,124.1325,123.37176
4212.1,124.2023,123.324715
4212.2,124.1806,124.31205
4212.3,124.0427,124.062454
4212.4,123.8836,124.18338
4212.5,123.8747,124.26056
4212.6,123.8396,124.12396
4212.7,123.8062,124.04525
4212.8,123.8286,123.574814
4212.9,123.8842,124.60431
4213.0,123.9276,124.522804
4213.1,124.0007,124.30961
4213.2,124.146,124.131485
4213.3,124.1962,123.87689
4213.4,124.2539,123.884605
4213.5,124.3953,124.40905
4213.6,124.4812,124.69096
4213.7,124.5239,125.04418
4213.8,124.6185,125.412056
4213.9,124.665,125.03735
4214.0,124.7043,124.917046
4214.1,124.7891,124.92393
4214.2,124.816,124.60721
4214.3,124.8235,124.451614
4214.4,124.837,124.51389
4214.5,124.8875,124.87128
4214.6,124.9762,125.49668
4214.7,124.9731,125.032715
4214.8,124.929,124.10797
4214.9,124.7798,124.34408
4215.0,124.6691,123.97723
4215.1,124.6552,124.78957
4215.2,124.5913,124.84857
4215.3,124.5361,124.03607
4215.4,124.5178,124.428795
4215.5,124.4508,124.71252
4215.6,124.4051,124.820465
4215.7,124.399,124.65589
4215.8,124.3262,124.42981
4215.9,124.223,124.21075
4216.0,124.2036,124.42138
4216.1,124.1477,124.82156
4216.2,124.112,124.82449
4216.3,124.0826,124.225296
4216.4,124.0253,124.14526
4216.5,124.026,123.99814
4216.6,123.7877,123.75093
4216.7,123.3394,124.05236
4216.8,123.39,123.41606
4216.9,123.3764,123.592636
4217.0,123.4995,123.42406
4217.1,123.806,124.03855
4217.2,123.7558,123.85542
4217.3,123.6299,123.825226
4217.4,123.599,123.21836
4217.5,123.5306,123.41589
4217.6,123.3909,123.69361
4217.7,123.4135,123.45329
4217.8,123.4436,123.06177
4217.9,123.426,122.9117
4218.0,123.4266,122.49763
4218.1,123.3989,122.57475
4218.2,123.337,122.579666
4218.3,123.3008,123.343254
4218.4,123.1476,122.73199
4218.5,122.9847,123.30873
4218.6,122.955,123.01925
4218.7,122.801,122.91739
4218.8,122.602,123.11867
4218.9,122.8161,123.01944
4219.0,123.3452,123.11398
4219.1,123.4719,123.2129
4219.2,123.5708,123.523834
4219.3,123.7482,123.20095
4219.4,123.67,123.31244
4219.5,123.8672,124.94872
4219.6,124.3214,125.48512
4219.7,124.3378,125.327065
4219.8,124.3311,125.44887
4219.9,124.3748,124.989265
4220.0,124.5358,124.76659
4220.1,124.3374,124.217255
4220.2,123.8786,124.954895
4220.3,123.9148,124.57119
4220.4,123.9267,124.046005
4220.5,124.1059,124.01214
4220.6,124.4908,124.09881
4220.7,124.4042,124.16187
4220.8,124.186,124.50189
4220.9,124.1067,124.543396
4221.0,123.8242,124.57303
4221.1,123.6067,125.16293
4221.2,123.6107,124.808365
4221.3,123.6437,124.19977
4221.4,123.727,123.67151
4221.5,123.6799,123.85915
4221.6,123.5119,123.74315
4221.7,123.3877,124.13588
4221.8,123.379,124.12216
4221.9,123.3421,123.57452
4222.0,123.3337,123.21474
4222.1,123.3668,123.62628
4222.2,123.4271,123.37318
4222.3,123.3927,124.14648
4222.4,123.366,123.74395
4222.5,123.2751,123.94483
4222.6,123.2506,123.737015
4222.7,123.2257,123.294754
4222.8,123.1235,123.537285
4222.9,123.058,123.53792
4223.0,123.0734,123.25675
4223.1,123.1301,123.42863
4223.2,123.1707,123.52623
4223.3,123.132,123.250824
4223.4,123.0232,122.60724
4223.5,123.01,123.2674
4223.6,122.9952,123.40639
4223.7,122.9485,123.53769
4223.8,122.933,123.48401
4223.9,122.9348,123.30887
4224.0,122.9416,123.61322
4224.1,122.9473,123.68294
4224.2,122.9404,122.97318
4224.3,122.9116,123.07337
4224.4,122.9083,122.93964
4224.5,122.8998,122.62235
4224.6,122.9415,123.753296
4224.7,122.9594,123.07047
4224.8,123.0005,122.93317
4224.9,123.005,123.134285
4225.0,123.0027,123.06358
4225.1,123.0092,122.858765
4225.2,123.049,122.70975
4225.3,123.0619,122.64711
4225.4,123.0403,122.72838
4225.5,122.855,122.19027
4225.6,123.0151,122.61833
4225.7,123.5034,123.46865
4225.8,123.486,124.109985
4225.9,123.4896,124.625404
4226.0,123.3361,124.82403
4226.1,122.8177,123.567665
4226.2,122.8739,123.09424
4226.3,123.0403,123.8068
4226.4,123.054,124.02165
4226.5,123.066,124.08093
4226.6,123.1186,123.42439
4226.7,123.1646,122.95621
4226.8,123.1875,123.17219
4226.9,123.245,122.69699
4227.0,123.2457,123.47182
4227.1,123.2388,123.85117
4227.2,123.208,123.223625
4227.3,123.19,123.52679
4227.4,123.1224,123.49424
4227.5,123.1,123.366
4227.6,123.1328,123.491844
4227.7,123.2789,124.826256
4227.8,123.393,124.71277
4227.9,123.395,123.93029
4228.0,123.3876,123.57295
4228.1,123.3383,123.84375
4228.2,123.3189,124.600746
4228.3,123.1908,125.01539
4228.4,123.039,123.15132
4228.5,123.0043,122.23272
4228.6,122.9025,122.76979
4228.7,122.9937,123.389786
4228.8,123.2117,124.53028
4228.9,123.9982,124.748695
4229.0,124.0113,125.00543
4229.1,123.9816,125.144196
4229.2,123.6781,125.12979
4229.3,123.0202,123.1177
4229.4,123.0612,122.64236
4229.5,123.1667,122.97179
4229.6,123.0392,122.80848
4229.7,123.0185,123.41584
4229.8,122.9074,123.81842
4229.9,122.862,123.15768
4230.0,122.8684,122.559875
4230.1,122.8952,122.812485
4230.2,122.9141,123.46836
4230.3,122.9872,123.39468
4230.4,123.053,124.072296
4230.5,123.0579,123.231544
4230.6,123.0833,123.3014
4230.7,123.1062,123.035835
4230.8,123.1785,122.74719
4230.9,123.5235,123.20754
4231.0,123.7881,123.81666
4231.1,123.9061,124.85742
4231.2,124.4449,125.64377
4231.3,124.6861,125.64303
4231.4,124.764,125.01893
4231.5,125.1011,124.76789
4231.6,125.1861,125.53679
4231.7,125.2088,126.34519
4231.8,125.3046,126.01678
4231.9,125.379,125.38567
4232.0,125.3799,125.96166
4232.1,125.38,124.5787
4232.2,125.3618,125.37492
4232.3,125.3215,124.78829
4232.4,125.1307,125.05751
4232.5,125.092,125.57826
4232.6,125.0743,125.01236
4232.7,124.9752,125.98329
4232.8,124.9,125.35353
4232.9,124.8973,125.12698
4233.0,124.9301,125.10257
4233.1,125.1552,124.86125
4233.2,125.2404,124.8069
4233.3,125.632,124.8463
4233.4,125.6644,125.36954
4233.5,125.7519,126.10093
4233.6,125.506,126.3632
4233.7,125.4949,126.41503
4233.8,125.4464,127.056786
4233.9,125.618,126.15969
4234.0,125.6391,126.01743
4234.1,125.7677,126.27361
4234.2,125.866,126.5945
4234.3,125.8807,126.41652
4234.4,125.9811,125.92458
4234.5,126.1,126.556
4234.6,126.0548,126.31608
4234.7,125.738,126.198685
4234.8,125.353,125.495705
4234.9,125.3182,124.98531
4235.0,125.1585,124.999985
4235.1,125.3539,125.41801
4235.2,125.4069,125.4823
4235.3,125.7048,125.42169
4235.4,125.842,125.50852
4235.5,125.849,125.21482
4235.6,125.8787,125.54621
4235.7,125.8129,125.81039
4235.8,125.768,125.95018
4235.9,125.4003,125.8045
4236.0,124.9917,125.228355
4236.1,124.9538,125.1194
4236.2,124.7143,124.763824
4236.3,124.8408,124.7368
4236.4,124.8597,125.19756
4236.5,124.946,125.58923
4236.6,124.9972,125.747856
4236.7,125.2873,125.65256
4236.8,125.037,125.29096
4236.9,125.0596,124.96601
4237.0,125.164,125.19556
4237.1,124.8727,125.4604
4237.2,124.8337,125.37854
4237.3,124.4493,123.88663
4237.4,123.8239,123.3608
4237.5,123.8825,123.36137
4237.6,124.3077,124.182594
4237.7,124.3909,124.29164
4237.8,124.4586,124.341225
4237.9,124.9859,124.793594
4238.0,125.6199,125.051155
4238.1,125.6449,125.59583
4238.2,125.7575,125.620735
4238.3,125.5617,125.58251
4238.4,125.65,125.644936
4238.5,126.2428,126.10318
4238.6,125.9827,125.97154
4238.7,125.9735,125.72084
4238.8,125.8498,125.889275
4238.9,125.762,125.69806
4239.0,125.8309,125.6551
4239.1,126.3364,125.87654
4239.2,125.9589,125.54544
4239.3,125.9427,125.21014
4239.4,125.7944,125.68236
4239.5,125.614,126.16836
4239.6,125.5875,125.661736
4239.7,125.3615,125.071106
4239.8,125.3326,124.75747
4239.9,125.0135,125.00689
4240.0,124.7716,124.76678
4240.1,124.7642,124.87742
4240.2,124.6496,124.41803
4240.3,124.6556,124.30246
4240.4,124.6639,124.701225
4240.5,124.69,124.597305
4240.6,124.6815,125.20759
4240.7,124.6614,125.6287
4240.8,124.3725,125.21025
4240.9,123.8698,124.24394
4241.0,123.8327,124.27999
4241.1,123.4745,124.15319
4241.2,123.419,124.111595
4241.3,123.4119,123.43369
4241.4,123.3417,123.26592
4241.5,123.381,123.11581
4241.6,123.4257,123.21874
4241.7,123.9473,123.63745
4241.8,124.387,123.735954
4241.9,124.3813,123.6934
4242.0,124.3427,123.90626
4242.1,124.6345,124.398766
4242.2,124.6552,124.99098
4242.3,124.7978,125.892746
4242.4,124.3809,125.44305
4242.5,124.3768,125.01373
4242.6,124.3405,125.5142
4242.7,124.3715,125.638794
4242.8,124.4003,125.57946
4242.9,124.6841,125.86557
4243.0,124.6962,125.49717
4243.1,124.8466,125.17222
4243.2,124.894,124.505005
4243.3,124.8925,124.13058
4243.4,124.8802,124.16648
4243.5,124.995,124.64281
4243.6,125.0172,125.03359
4243.7,125.3499,124.79878
4243.8,125.539,125.20989
4243.9,125.5504,124.832954
4244.0,125.7182,125.27692
4244.1,125.6454,124.79263
4244.2,125.6497,124.82874
4244.3,125.6111,124.82285
4244.4,125.32,124.688995
4244.5,125.3082,124.886475
4244.6,125.0942,124.98353
4244.7,124.8393,124.91393
4244.8,124.8376,124.31797
4244.9,124.6979,124.461334
4245.0,124.5503,124.659294
4245.1,124.5485,124.481155
4245.2,124.396,123.89293
4245.3,124.2013,123.25131
4245.4,124.1932,123.767746
4245.5,123.9095,124.178856
4245.6,123.8583,125.01865
4245.7,123.8602,123.83102
4245.8,123.7755,123.98304
4245.9,123.719,123.53327
4246.0,123.712,124.0291
4246.1,123.5492,124.17867
4246.2,123.548,123.95869
4246.3,123.3684,123.278275
4246.4,123.175,123.37396
4246.5,123.1625,123.92791
4246.6,122.8309,123.42411
4246.7,122.9382,123.214134
4246.8,122.9567,124.08102
4246.9,123.3094,123.47964
4247.0,123.5642,123.31794
4247.1,123.575,123.70094
4247.2,123.7116,124.26919
4247.3,124.0012,124.36334
4247.4,124.0155,124.127045
4247.5,124.3272,125.025215
4247.6,124.5242,125.05235
4247.7,124.5298,124.26632
4247.8,124.523,124.48047
4247.9,124.606,125.4966
4248.0,124.6072,125.65535
4248.1,124.6619,125.312035
4248.2,124.658,124.631516
4248.3,124.6562,124.46334
4248.4,124.5596,124.36965
4248.5,124.654,124.42805
4248.6,124.6551,124.76012
4248.7,124.7271,125.57367
4248.8,124.806,125.74523
4248.9,124.8059,125.4334
4249.0,124.8008,124.77715
4249.1,125.0561,124.425415
4249.2,125.0608,124.39852
4249.3,124.927,124.26002
4249.4,124.9315,124.28835
4249.5,124.7154,124.34785
4249.6,124.617,124.60227
4249.7,124.6227,125.32287
4249.8,124.5416,124.845184
4249.9,124.417,124.561
4250.0,124.4161,124.034706
4250.1,124.499,123.925354
4250.2,124.6119,124.40713
4250.3,124.612,126.01811
4250.4,124.5372,127.430786
4250.5,124.4513,125.9961
4250.6,124.451,125.28317
4250.7,124.2949,124.118744
4250.8,124.1053,124.055435
4250.9,124.104,124.306046
4251.0,124.1823,124.548965
4251.1,124.4434,126.34491
4251.2,124.4519,125.43032
4251.3,124.8531,125.7529
4251.4,124.9478,125.721756
4251.5,124.95,125.14865
4251.6,124.947,125.308266
4251.7,124.883,124.985725
4251.8,124.8869,124.93827
4251.9,124.7191,124.8295
4252.0,124.3471,124.88126
4252.1,124.3449,124.57561
4252.2,124.3519,125.44055
4252.3,124.6082,126.14251
4252.4,124.6199,125.65279
4252.5,124.8962,125.60558
4252.6,124.903,125.272675
4252.7,125.0062,125.410034
4252.8,125.0839,125.23884
4252.9,125.086,124.957405
4253.0,125.2365,125.08647
4253.1,125.4418,126.15247
4253.2,125.4538,126.419556
4253.3,125.5024,125.95175
4253.4,125.6278,125.78093
4253.5,125.633,126.221855
4253.6,125.9225,125.70424
4253.7,125.9976,126.48207
4253.8,126.0058,126.47986
4253.9,125.8598,125.73765
4254.0,125.8165,125.65756
4254.1,125.8208,126.12919
4254.2,125.7711,125.7885
4254.3,125.6981,124.81838
4254.4,125.7007,125.05144
4254.5,125.6685,126.08928
4254.6,125.7023,125.607216
4254.7,125.7097,125.75007
4254.8,125.6042,125.76886
4254.9,125.52,125.20251
4255.0,125.515,126.72878
4255.1,125.3459,126.69166
4255.2,125.2601,126.48059
4255.3,125.2551,126.00502
4255.4,125.0807,125.444855
4255.5,124.8241,125.41431
4255.6,124.81,124.75544
4255.7,124.5221,124.6419
4255.8,124.5107,125.00992
4255.9,124.5826,125.734535
4256.0,123.8972,126.969185
4256.1,123.8587,125.76992
4256.2,123.6026,124.77237
4256.3,123.1207,124.22952
4256.4,123.0956,124.0262
4256.5,123.3544,123.81524
4256.6,122.9138,122.66659
4256.7,122.8876,122.146774
4256.8,122.791,123.99586
4256.9,122.6526,124.691666
4257.0,122.643,124.51499
4257.1,122.6402,124.63386
4257.2,122.7301,124.958755
4257.3,122.737,124.60579
4257.4,122.7101,122.74053
4257.5,122.6191,123.795334
4257.6,122.612,125.12218
4257.7,122.7515,124.63778
4257.8,122.9772,123.48264
4257.9,122.995,123.09138
4258.0,123.0254,124.11877
4258.1,122.7179,122.71497
4258.2,122.6956,122.58795
4258.3,122.3526,122.18672
4258.4,122.2092,121.87197
4258.5,122.199,122.41975
4258.6,122.3234,123.71023
4258.7,122.5809,123.71337
4258.8,122.6104,123.79436
4258.9,122.933,124.140274
4259.0,122.964,124.717224
4259.1,123.389,124.9521
4259.2,123.6501,124.30573
4259.3,123.672,123.95062
4259.4,123.721,123.77971
4259.5,123.8057,123.914505
4259.6,123.814,123.87565
4259.7,123.9686,123.42492
4259.8,123.9778,123.43443
4259.9,123.977,124.157684
4260.0,123.7418,124.96775
4260.1,123.5765,124.094734
4260.2,123.5664,123.080215
4260.3,123.4862,123.58425
4260.4,123.0293,123.72308
4260.5,122.9771,124.106636
4260.6,122.5975,123.93694
4260.7,122.5315,123.56191
4260.8,122.5344,123.21682
4260.9,122.8999,122.33062
4261.0,123.5963,123.07676
4261.1,123.6813,124.13972
4261.2,124.4235,125.30631
4261.3,124.8677,125.27108
4261.4,124.9173,125.06252
4261.5,125.0137,124.73857
4261.6,125.1092,124.152534
4261.7,125.1253,124.58619
4261.8,124.9503,125.588715
4261.9,124.8917,125.35538
4262.0,124.887,124.786674
4262.1,124.9512,124.61196
4262.2,124.9653,124.11004
4262.3,125.2681,125.14308
4262.4,125.5416,125.07931
4262.5,125.574,125.207855
4262.6,125.7779,126.169945
4262.7,125.8437,126.01928
4262.8,125.8542,125.23738
4262.9,125.8524,125.59868
4263.0,125.6821,126.124535
4263.1,125.6622,125.99901
4263.2,125.61,125.146645
4263.3,125.5994,125.02643
4263.4,125.6042,124.983604
4263.5,125.6067,125.27522
4263.6,125.5136,124.5804
4263.7,125.5042,125.22076
4263.8,125.4489,125.05119
4263.9,125.4883,125.27547
4264.0,125.496,126.062584
4264.1,125.4461,126.186424
4264.2,125.3057,126.067276
4264.3,125.284,125.03162
4264.4,125.2077,125.81853
4264.5,124.9433,125.78282
4264.6,124.901,124.93572
4264.7,124.4474,123.943504
4264.8,124.1883,124.12641
4264.9,124.157,124.99358
4265.0,123.9774,123.57395
4265.1,123.9511,123.9557
4265.2,123.8399,124.65541
4265.3,123.7835,124.104324
4265.4,123.7821,123.91554
4265.5,123.9666,123.57505
4265.6,124.1716,123.06119
4265.7,124.2081,123.15918
4265.8,124.2478,123.678116
4265.9,124.2651,122.47415
4266.0,124.267,122.84287
4266.1,124.3426,123.71256
4266.2,124.4241,124.55695
4266.3,124.437,123.72219
4266.4,124.3818,123.865715
4266.5,124.4212,124.38028
4266.6,124.431,124.344925
4266.7,124.1657,123.528625
4266.8,123.8864,123.36998
4266.9,123.841,123.38305
4267.0,123.6448,123.23062
4267.1,123.6075,123.1106
4267.2,123.613,122.692764
4267.3,123.3084,123.11557
4267.4,123.1598,123.471214
4267.5,123.142,123.36584
4267.6,122.9704,122.98427
4267.7,123.5802,122.02071
4267.8,123.7229,122.29443
4267.9,123.6056,122.921524
4268.0,123.4486,123.350876
4268.1,123.4249,123.584816
4268.2,123.3605,123.95558
4268.3,123.3468,124.104706
4268.4,123.7335,123.91348
4268.5,124.1375,123.64565
4268.6,124.2098,123.709175
4268.7,123.5839,123.700195
4268.8,123.3825,123.83236
4268.9,123.369,123.6163
4269.0,123.2579,123.16185
4269.1,122.9825,122.83134
4269.2,122.928,122.72352
4269.3,122.7811,122.76206
4269.4,122.7799,122.91269
4269.5,122.788,123.20527
4269.6,123.0022,122.72939
4269.7,123.1601,122.842636
4269.8,123.1916,123.13357
4269.9,123.2957,123.44978
4270.0,123.5205,123.650764
4270.1,123.5748,123.37452
4270.2,123.6487,123.31368
4270.3,123.7636,123.264275
4270.4,123.7928,123.31509
4270.5,123.9055,123.28707
4270.6,124.0724,123.82672
4270.7,124.1128,124.22678
4270.8,124.0577,124.69413
4270.9,123.7768,124.74975
4271.0,123.7062,124.077545
4271.1,123.4302,123.23688
4271.2,123.4154,122.697876
4271.3,123.431,123.147415
4271.4,123.3405,123.95169
4271.5,123.316,123.82904
4271.6,123.7086,123.85545
4271.7,123.7839,123.83855
4271.8,123.7797,123.62448
4271.9,123.7622,123.58783
4272.0,122.975,123.340065
4272.1,122.7599,123.11493
4272.2,122.5553,123.1053
4272.3,122.1561,122.874916
4272.4,122.0637,122.35853
4272.5,122.0712,122.77111
4272.6,122.1288,122.48638
4272.7,122.1496,122.755295
4272.8,122.6729,123.05789
4272.9,123.0175,123.35823
4273.0,123.0748,123.68956
4273.1,123.5764,123.555664
4273.2,124.2175,123.63718
4273.3,124.3642,124.279755
4273.4,124.2282,124.78926
4273.5,123.9464,124.74554
4273.6,123.8722,124.50652
4273.7,124.0921,124.47867
4273.8,123.7822,123.57965
4273.9,123.665,123.61572
4274.0,123.0903,123.19963
4274.1,122.3033,121.885506
4274.2,122.1166,121.34428
4274.3,122.3379,121.01181
4274.4,121.9378,121.610565
4274.5,121.7862,121.73167
4274.6,122.3766,122.182625
4274.7,122.5725,123.06384
4274.8,122.4196,122.27431
4274.9,122.372,123.48561
4275.0,122.373,122.51674
4275.1,123.2178,123.83398
4275.2,123.6286,123.975716
4275.3,123.6735,124.075356
4275.4,124.1709,123.95398
4275.5,125.9502,125.0187
4275.6,126.4995,126.801636
4275.7,127.9186,128.47379
4275.8,128.1503,127.892654
4275.9,128.062,127.070786
4276.0,128.0679,127.41063
4276.1,126.6998,126.22733
4276.2,126.2227,125.42497
4276.3,125.8512,125.9727
4276.4,125.3577,126.54932
4276.5,125.2283,125.37406
4276.6,124.5582,123.56994
4276.7,123.5783,122.5146
4276.8,123.3154,122.04197
4276.9,123.3192,122.28597
4277.0,123.3207,121.79508
4277.1,123.3254,122.853775
4277.2,123.3336,122.732445
4277.3,123.639,122.94321
4277.4,123.7564,123.18431
4277.5,123.7515,123.31564
4277.6,123.7439,123.83968
4277.7,123.7456,124.24333
4277.8,123.7521,124.4353
4277.9,123.754,124.05266
4278.0,123.7468,123.06488
4278.1,123.7318,122.6266
4278.2,123.7313,123.68034
4278.3,123.733,123.83599
4278.4,123.7344,123.96334
4278.5,123.735,124.1197
4278.6,123.7243,124.199455
4278.7,124.8007,125.62345
4278.8,125.2394,125.85218
4278.9,126.3154,127.0266
4279.0,127.4582,128.07852
4279.1,127.751,128.61293
4279.2,128.1154,128.38748
4279.3,127.9056,128.19969
4279.4,127.7622,128.22401
4279.5,127.413,128.09094
4279.6,127.2691,127.50049
4279.7,127.2742,126.72785
4279.8,126.9237,126.25579
4279.9,126.2834,126.34003
4280.0,126.0736,126.04702
4280.1,125.6605,125.76554
4280.2,125.126,125.18802
4280.3,124.9706,124.03714
4280.4,124.212,122.74149
4280.5,123.4645,123.22694
4280.6,123.282,122.92328
4280.7,122.6425,122.606415
4280.8,122.7964,123.08109
4280.9,122.989,123.639565
4281.0,123.3388,123.814896
4281.1,123.4998,124.18356
4281.2,124.1231,124.549515
4281.3,124.679,124.705124
4281.4,124.8081,123.907166
4281.5,124.9816,124.07508
4281.6,124.0745,123.392136
4281.7,123.6261,123.058716
4281.8,123.3232,124.998665
4281.9,123.2209,124.9417
4282.0,123.2397,123.910255
4282.1,123.3679,125.38098
4282.2,123.7086,124.478035
4282.3,123.841,124.59818
4282.4,124.0198,124.31228
4282.5,124.3363,124.8102
4282.6,124.4477,124.45153
4282.7,124.4466,124.1773
4282.8,124.1363,123.582855
4282.9,123.986,123.10554
4283.0,124.1028,123.54932
4283.1,124.2264,123.72113
4283.2,124.263,124.41882
4283.3,124.5323,125.360504
4283.4,125.1595,125.465515
4283.5,125.4067,125.120804
4283.6,125.576,125.35674
4283.7,125.5142,125.10764
4283.8,125.4446,125.91734
4283.9,125.5848,125.47856
4284.0,125.7886,125.575874
4284.1,125.861,125.27956
4284.2,125.5947,125.1184
4284.3,125.4567,125.61495
4284.4,125.8153,126.49305
4284.5,125.6889,126.53227
4284.6,125.5243,126.445946
4284.7,125.2701,125.35726
4284.8,124.8309,123.91169
4284.9,124.669,124.92872
4285.0,124.4287,124.3056
4285.1,124.2577,124.24581
4285.2,124.2389,124.94537
4285.3,124.6644,125.56622
4285.4,124.9186,126.0814
4285.5,124.932,125.61953
4285.6,125.0269,124.717
4285.7,124.9978,125.174576
4285.8,124.9569,124.78613
4285.9,124.9873,125.56997
4286.0,125.1306,125.20955
4286.1,125.2058,125.26131
4286.2,125.3231,125.08568
4286.3,125.4282,125.86003
4286.4,125.4548,126.18185
4286.5,125.5359,125.955475
4286.6,125.7011,125.98364
4286.7,125.7738,127.06118
4286.8,125.916,126.2022
4286.9,126.04,126.133934
4287.0,126.0656,125.56908
4287.1,126.2274,125.73449
4287.2,125.9312,125.90972
4287.3,125.7004,126.25953
4287.4,125.6065,125.18773
4287.5,125.5504,126.320206
4287.6,125.3586,125.47804
4287.7,125.3096,128.43361
4287.8,125.3521,127.04327
4287.9,124.8891,125.24675
4288.0,124.4784,124.893875
4288.1,124.4037,124.67524
4288.2,124.3267,124.06355
4288.3,124.283,123.94495
4288.4,124.2897,125.00293
4288.5,124.2242,125.25395
4288.6,124.1438,124.808205
4288.7,124.1237,124.443474
4288.8,124.1787,124.225006
4288.9,124.1324,124.385376
4289.0,124.082,124.02481
4289.1,123.927,123.170166
4289.2,123.6025,123.378006
4289.3,123.458,122.238396
4289.4,123.246,123.0398
4289.5,122.8555,122.213104
4289.6,122.691,122.72097
4289.7,122.6463,122.963684
4289.8,122.5259,123.23461
4289.9,122.466,122.88014
4290.0,122.1948,121.97178
4290.1,121.665,121.42326
4290.2,121.435,121.04754
4290.3,121.3419,120.8714
4290.4,121.361,121.14931
4290.5,121.4176,121.058334
4290.6,121.6508,122.02906
4290.7,121.8126,122.18524
4290.8,122.0464,122.50186
4290.9,122.5053,123.02431
4291.0,122.7126,122.81237
4291.1,123.0377,124.81654
4291.2,123.4363,124.924126
4291.3,123.557,125.23796
4291.4,123.6281,125.482735
4291.5,123.7267,125.37672
4291.6,123.761,124.21406
4291.7,123.8259,123.59157
4291.8,123.7652,123.116165
4291.9,123.689,123.26102
4292.0,123.3093,124.33202
4292.1,123.0453,123.053955
4292.2,123.0555,122.66536
4292.3,123.1575,121.15518
4292.4,123.4321,122.863495
4292.5,123.5806,124.53348
4292.6,123.516,124.148
4292.7,123.5559,123.37293
4292.8,123.6244,124.33188
4292.9,123.5142,125.822075
4293.0,123.2803,125.47218
4293.1,123.1709,123.71861
4293.2,122.8963,122.5236
4293.3,122.1356,121.613495
4293.4,121.7204,121.21667
4293.5,121.3004,121.13088
4293.6,121.0432,120.575264
4293.7,121.098,120.83001
4293.8,121.4537,120.91942
4293.9,121.727,121.735664
4294.0,121.8477,121.9919
4294.1,121.8417,121.86215
4294.2,121.7658,121.923515
4294.3,121.6669,122.00673
4294.4,121.3607,121.38591
4294.5,121.1804,120.85427
4294.6,120.9156,120.81534
4294.7,120.3918,120.13851
4294.8,120.1438,119.94471
4294.9,120.1692,120.62155
4295.0,120.3358,121.414505
4295.1,120.4593,120.38548
4295.2,120.5318,120.904816
4295.3,120.7853,121.35416
4295.4,120.9497,121.53182
4295.5,120.9919,121.32551
4295.6,120.8826,120.66684
4295.7,120.7673,120.22001
4295.8,120.733,120.82745
4295.9,120.9803,121.30395
4296.0,121.2155,121.22342
4296.1,121.2122,120.613655
4296.2,121.0013,121.29004
4296.3,120.824,121.29328
4296.4,120.8261,121.02339
4296.5,120.8301,120.765076
4296.6,120.832,120.63748
4296.7,120.9106,120.36438
4296.8,121.0665,120.54459
4296.9,121.143,121.132484
4297.0,121.1627,121.39655
4297.1,121.1832,121.22293
4297.2,121.1987,120.643005
4297.3,121.5783,121.11238
4297.4,121.9102,121.491974
4297.5,121.9809,121.95444
4297.6,122.5039,122.23424
4297.7,122.9247,122.82934
4297.8,123.0866,123.35469
4297.9,124.0931,124.88799
4298.0,124.8826,127.10889
4298.1,124.5613,126.51564
4298.2,124.0619,124.38263
4298.3,123.8755,123.75216
4298.4,123.9541,123.42212
4298.5,124.0621,123.62808
4298.6,124.095,123.967316
4298.7,124.1495,123.97948
4298.8,124.2518,123.5864
4298.9,124.3,123.78137
4299.0,124.2683,124.48028
4299.1,124.19,123.95677
4299.2,124.1465,124.47327
4299.3,123.8047,123.86869
4299.4,123.3705,123.76645
4299.5,123.272,123.565834
4299.6,122.9864,122.89651
4299.7,121.9735,122.06282
4299.8,121.2545,120.879944
4299.9,120.3344,120.475815
4300.0,118.9671,119.46583
4300.1,118.5175,118.78316
4300.2,117.6279,118.36106
4300.3,116.733,117.89763
4300.4,116.241,118.060875
4300.5,116.0404,118.729004
4300.6,116.3405,118.50656
4300.7,117.017,118.550285
4300.8,118.2597,117.877914
4300.9,118.826,118.85632
4301.0,119.2246,119.50068
4301.1,120.0686,119.95835
4301.2,120.5194,120.41012
4301.3,120.4204,120.68641
4301.4,121.0297,121.32563
4301.5,121.7835,122.141594
4301.6,122.4958,123.00672
4301.7,123.1754,123.11452
4301.8,123.0989,122.06683
4301.9,122.783,122.31679
4302.0,122.7872,123.20082
4302.1,123.1619,123.42153
4302.2,122.9679,124.08885
4302.3,122.0912,122.22779
4302.4,121.3719,122.039474
4302.5,121.2392,120.52642
4302.6,121.3477,121.31871
4302.7,121.6348,121.65767
4302.8,121.7128,121.458824
4302.9,121.7005,121.001945
4303.0,121.594,121.46771
4303.1,121.7704,121.78362
4303.2,122.0869,122.23326
4303.3,122.2205,122.17599
4303.4,122.3468,121.94669
4303.5,122.4905,122.614685
4303.6,122.6679,123.24064
4303.7,123.0406,123.897934
4303.8,123.2392,123.727234
4303.9,123.4881,122.99784
4304.0,123.9973,122.35989
4304.1,124.2622,122.99066
4304.2,124.2435,124.50222
4304.3,124.2427,124.062515
4304.4,124.2753,123.90331
4304.5,124.3798,123.08748
4304.6,124.5165,124.06185
4304.7,124.5377,124.48978
4304.8,124.5469,124.192505
4304.9,124.611,123.61616
4305.0,124.6805,123.81234
4305.1,124.8117,124.268074
4305.2,125.0515,122.65264
4305.3,125.15,123.507614
4305.4,125.1169,124.94828
4305.5,125.0671,124.59971
4305.6,125.056,124.89565
4305.7,125.0462,125.0466
4305.8,125.4341,125.16113
4305.9,125.936,125.09037
4306.0,125.993,126.0704
4306.1,126.0725,126.69827
4306.2,126.0842,126.189316
4306.3,125.7221,126.11072
4306.4,125.2572,125.92637
4306.5,125.3534,125.85778
4306.6,125.437,125.28907
4306.7,125.3912,123.58968
4306.8,125.3181,123.78951
4306.9,125.1545,124.18076
4307.0,125.0696,124.507935
4307.1,124.9045,124.530815
4307.2,124.5697,124.65566
4307.3,124.4136,124.83888
4307.4,124.2484,124.61579
4307.5,123.9815,123.604546
4307.6,123.919,123.44814
4307.7,124.1491,126.37982
4307.8,124.5,124.797035
4307.9,124.553,123.62665
4308.0,124.7128,124.08575
4308.1,124.9589,125.143684
4308.2,124.9985,125.442635
4308.3,125.2883,125.36426
4308.4,125.5653,125.53863
4308.5,125.397,123.81788
4308.6,125.3604,124.36103
4308.7,125.2522,124.988266
4308.8,125.1741,124.415764
4308.9,125.1085,124.75267
4309.0,125.1427,125.022
4309.1,125.3339,124.995804
4309.2,125.4228,125.13782
4309.3,125.5532,124.87034
4309.4,125.5674,125.68301
4309.5,125.5686,125.461685
4309.6,125.565,125.599525
4309.7,125.546,125.952065
4309.8,125.4688,125.48577
4309.9,125.396,125.18166
4310.0,125.3446,125.20399
4310.1,125.1903,124.82105
4310.2,125.076,124.40839
4310.3,124.9686,124.08524
4310.4,124.7439,124.49452
4310.5,124.656,124.73184
4310.6,124.6133,124.94475
4310.7,124.5879,124.72012
4310.8,124.6514,124.16373
4310.9,124.6703,123.49891
4311.0,124.7367,124.125435
4311.1,124.8053,123.971756
4311.2,124.809,124.16996
4311.3,124.8008,124.72333
4311.4,124.7903,125.21471
4311.5,124.7855,125.09821
4311.6,124.7427,124.65507
4311.7,124.6983,124.680115
4311.8,124.6855,124.27338
4311.9,124.6586,124.23877
4312.0,124.658,124.3212
4312.1,124.5906,124.66054
4312.2,124.4222,124.62188
4312.3,124.3264,124.385826
4312.4,124.6548,124.39391
4312.5,125.424,125.048935
4312.6,125.803,125.64633
4312.7,125.9989,126.47143
4312.8,126.3279,127.01713
4312.9,126.1805,126.3607
4313.0,126.0247,126.58083
4313.1,126.1922,125.699066
4313.2,126.1845,124.72493
4313.3,126.0898,124.65953
4313.4,125.9632,125.49298
4313.5,125.9098,125.03254
4313.6,125.6797,122.37711
4313.7,125.4538,124.47663
4313.8,125.1937,123.89725
4313.9,124.5956,123.98302
4314.0,124.3536,123.716
4314.1,124.3032,124.481636
4314.2,124.2506,123.1783
4314.3,124.314,123.61714
4314.4,124.314,124.29665
4314.5,124.2808,124.09994
4314.6,124.221,124.135956
4314.7,124.1827,123.71772
4314.8,124.0879,123.28015
4314.9,124.042,123.304565
4315.0,124.1658,123.06571
4315.1,124.145,123.44023
4315.2,123.6861,123.53467
4315.3,123.6816,123.68669
4315.4,123.6559,123.701035
4315.5,123.637,123.19505
4315.6,123.8828,123.91216
4315.7,124.2174,124.02528
4315.8,123.9711,123.70455
4315.9,124.0,123.6331
4316.0,124.048,123.540596
4316.1,123.7697,123.5353
4316.2,123.2473,123.44854
4316.3,123.279,123.28731
4316.4,123.3121,122.97822
4316.5,123.6207,123.13919
4316.6,124.1013,123.3228
4316.7,124.0049,123.60588
4316.8,123.815,123.83356
4316.9,123.821,123.6412
4317.0,123.8144,123.511665
4317.1,123.7726,123.637184
4317.2,123.717,123.23502
4317.3,123.7223,123.404976
4317.4,123.7296,123.76227
4317.5,123.739,123.61774
4317.6,123.7579,123.67695
4317.7,123.799,123.594795
4317.8,123.8049,123.46955
4317.9,123.838,123.69978
4318.0,123.8823,124.18487
4318.1,123.8489,124.38286
4318.2,123.846,124.37466
4318.3,123.8488,124.79551
4318.4,123.8889,123.8819
4318.5,124.0808,124.29838
4318.6,124.6322,124.64592
4318.7,124.9509,123.90505
4318.8,125.0958,124.16425
4318.9,125.5172,124.92067
4319.0,125.7663,125.16124
4319.1,126.018,124.94009
4319.2,126.5772,126.30223
4319.3,126.6953,127.28453
4319.4,126.9552,126.412766
4319.5,126.969,127.81116
4319.6,126.9705,128.42424
4319.7,126.9612,127.907585
4319.8,126.9338,126.9714
4319.9,126.9341,127.30554
4320.0,126.919,126.79186
4320.1,126.9068,126.61456
4320.2,126.9098,126.77925
4320.3,126.9028,127.19913
4320.4,126.8948,127.08508
4320.5,126.8904,127.23967
4320.6,126.8706,127.05334
4320.7,126.8738,127.20257
4320.8,126.8774,126.82954
4320.9,126.8775,126.33905
4321.0,126.881,125.99187
4321.1,126.8793,126.11059
4321.2,126.9376,126.95315
4321.3,127.0904,127.2734
4321.4,126.8744,126.828705
4321.5,126.337,125.8605
4321.6,126.322,126.59914
4321.7,126.3177,124.93126
4321.8,126.5158,126.38973
4321.9,127.043,126.46533
4322.0,126.9785,126.95565
4322.1,126.8104,127.74891
4322.2,126.8027,129.23445
4322.3,126.8056,127.93329
4322.4,126.8037,127.3534
4322.5,126.8174,127.41385
4322.6,126.8486,127.92745
4322.7,126.8676,127.48011
4322.8,126.8747,126.93095
4322.9,126.8755,127.05628
4323.0,126.858,127.18392
4323.1,126.8564,127.38229
4323.2,126.8674,127.25631
4323.3,126.909,126.52259
4323.4,126.9462,127.46453
4323.5,127.0797,126.43808
4323.6,127.167,126.444496
4323.7,127.1448,127.6096
4323.8,127.0564,127.28052
4323.9,126.982,126.090744
4324.0,127.0461,127.863594
4324.1,127.2546,128.47183
4324.2,127.3346,126.16431
4324.3,127.3064,125.97099
4324.4,127.2194,126.489265
4324.5,127.238,126.61021
4324.6,127.2695,127.04284
4324.7,127.3618,126.5806
4324.8,127.3655,125.43848
4324.9,127.3556,125.92742
4325.0,127.2969,125.73141
4325.1,127.2505,125.66094
4325.2,127.2655,125.4887
4325.3,127.2393,125.61625
4325.4,127.0665,127.62984
4325.5,127.0258,128.10374
4325.6,126.8878,126.50121
4325.7,126.8765,125.88063
4325.8,126.7133,127.116905
4325.9,126.308,126.09793
4326.0,126.2589,124.62754
4326.1,126.1599,124.6985
4326.2,126.3347,124.13301
4326.3,126.4828,126.582664
4326.4,126.9853,127.12924
4326.5,127.137,126.91823
4326.6,127.3294,127.582924
4326.7,128.0718,127.50441
4326.8,128.4604,128.18593
4326.9,128.4878,128.82126
4327.0,128.5815,128.39995
4327.1,128.6444,128.33551
4327.2,128.6699,128.63377
4327.3,128.7437,128.65204
4327.4,128.7574,128.36528
4327.5,128.7534,127.291214
4327.6,128.7764,126.77491
4327.7,128.9574,127.55086
4327.8,128.9871,128.4067
4327.9,129.0976,128.73317
4328.0,129.1802,129.87192
4328.1,129.2223,129.26445
4328.2,129.395,128.88336
4328.3,129.491,129.0842
4328.4,129.5217,128.9689
4328.5,129.6322,129.86122
4328.6,129.633,130.91737
4328.7,129.6403,130.2399
4328.8,129.6681,129.19427
4328.9,129.5871,128.8809
4329.0,129.2395,128.91203
4329.1,129.1163,129.70325
4329.2,129.1214,128.96782
4329.3,129.124,128.66096
4329.4,129.1293,128.29979
4329.5,129.0978,128.90332
4329.6,128.9364,128.86958
4329.7,128.8502,128.90347
4329.8,128.7849,128.73819
4329.9,128.4348,128.52321
4330.0,128.1348,128.17528
4330.1,128.0338,127.43014
4330.2,127.5761,127.15904
4330.3,127.34,127.17663
4330.4,127.3242,127.21869
4330.5,127.2602,127.03771
4330.6,127.261,127.12864
4330.7,127.2592,127.097115
4330.8,127.2506,127.62953
4330.9,127.245,127.76543
4331.0,127.2381,127.27565
4331.1,127.2048,127.52924
4331.2,127.1881,127.49807
4331.3,127.2,127.72267
4331.4,127.2338,127.24856
4331.5,127.25,126.73446
4331.6,127.2147,126.364075
4331.7,126.9898,126.169365
4331.8,126.6811,126.14786
4331.9,126.6277,126.01539
4332.0,126.3668,125.42996
4332.1,126.2517,123.90884
4332.2,125.5869,123.29102
4332.3,124.9158,124.40424
4332.4,124.8259,125.08051
4332.5,124.3869,125.53035
4332.6,124.261,124.75005
4332.7,124.2544,123.54233
4332.8,124.2532,123.48994
4332.9,124.397,124.113106
4333.0,124.5264,124.608
4333.1,125.258,124.88757
4333.2,125.7832,125.381096
4333.3,125.9209,124.2706
4333.4,126.6427,125.85991
4333.5,127.0032,127.18663
4333.6,127.0209,129.16866
4333.7,127.0219,129.26535
4333.8,126.5967,126.88865
4333.9,126.5029,126.87918
4334.0,125.926,126.90251
4334.1,125.5228,125.87897
4334.2,125.5033,125.165146
4334.3,125.3742,125.26007
4334.4,125.3499,125.62504
4334.5,125.3559,125.37927
4334.6,125.3657,125.410736
4334.7,125.3919,125.07626
4334.8,125.405,125.69198
4334.9,125.4563,126.07129
4335.0,125.497,126.16545
4335.1,125.4984,126.49711
4335.2,125.5069,126.07437
4335.3,125.5306,125.80815
4335.4,125.6926,125.71067
4335.5,126.0131,125.819305
4335.6,126.0198,126.06232
4335.7,126.0415,126.35921
4335.8,125.9687,126.52122
4335.9,125.9516,125.20064
4336.0,125.8044,125.58178
4336.1,125.6928,125.05707
4336.2,125.6737,125.680626
4336.3,125.514,126.42065
4336.4,125.4528,126.25841
4336.5,125.4343,125.91612
4336.6,125.2823,125.33213
4336.7,125.2658,125.21462
4336.8,125.2644,125.360985
4336.9,125.2083,126.19046
4337.0,125.1189,126.28547
4337.1,125.0927,124.63986
4337.2,124.9136,124.278275
4337.3,124.8369,125.38921
4337.4,124.8049,124.72935
4337.5,124.7125,124.45251
4337.6,125.5351,126.19806
4337.7,125.5828,126.34573
4337.8,125.9515,126.72862
4337.9,126.238,126.7004
4338.0,126.1941,126.09596
4338.1,125.9324,126.24341
4338.2,126.3287,126.501465
4338.3,126.3459,125.973816
4338.4,126.4347,126.309395
4338.5,126.4419,125.53351
4338.6,126.4616,125.34981
4338.7,126.5047,125.4342
4338.8,126.5021,125.713005
4338.9,126.454,126.63766
4339.0,126.556,126.22036
4339.1,126.5605,126.25919
4339.2,126.6005,126.057625
4339.3,126.629,127.55992
4339.4,126.6182,127.93366
4339.5,126.5075,126.3581
4339.6,126.328,126.44709
4339.7,126.317,125.49102
4339.8,126.2075,125.65594
4339.9,126.074,126.44255
4340.0,126.0534,125.803986
4340.1,125.8469,124.98024
4340.2,125.6236,125.39302
4340.3,125.6251,125.45445
4340.4,125.5915,125.22536
4340.5,125.605,125.57814
4340.6,125.5936,125.81984
4340.7,125.4904,124.62759
4340.8,125.5326,124.25769
4340.9,125.5509,125.225555
4341.0,125.6857,125.76519
4341.1,125.7725,125.649765
4341.2,125.79,125.47527
4341.3,125.9365,125.89746
4341.4,126.1874,126.29403
4341.5,126.1894,125.485245
4341.6,126.162,124.98063
4341.7,126.1614,125.83889
4341.8,126.1569,126.345116
4341.9,126.178,126.17381
4342.0,126.1829,126.28075
4342.1,126.2283,125.83594
4342.2,126.1185,125.85497
4342.3,126.1379,125.409
4342.4,126.3227,124.69629
4342.5,126.5911,125.40416
4342.6,126.6241,126.90444
4342.7,127.0174,127.34543
4342.8,127.0474,126.76882
4342.9,127.0502,126.97496
4343.0,127.0152,127.13448
4343.1,127.0304,126.02277
4343.2,127.0295,126.751915
4343.3,126.9202,126.58541
4343.4,126.6134,127.22776
4343.5,126.5954,126.89189
4343.6,126.2645,127.35084
4343.7,126.2444,127.35852
4343.8,126.2538,126.74115
4343.9,126.3221,126.137794
4344.0,126.517,126.78101
4344.1,126.5295,126.12702
4344.2,126.731,125.582146
4344.3,126.856,124.06018
4344.4,126.8586,124.47
4344.5,126.9011,125.49052
4344.6,126.9086,126.10295
4344.7,127.027,126.30079
4344.8,127.1483,127.61564
4344.9,127.149,127.96497
4345.0,127.0447,126.646164
4345.1,126.7843,125.73889
4345.2,126.7816,126.70824
4345.3,126.6108,126.555374
4345.4,126.4123,126.31299
4345.5,126.4181,126.50023
4345.6,126.4181,126.98543
4345.7,126.3583,127.10769
4345.8,126.362,127.42256
4345.9,126.3273,126.122765
4346.0,126.512,126.51817
4346.1,126.5196,125.86601
4346.2,126.7049,126.5998
4346.3,126.872,126.75829
4346.4,126.877,126.32441
4346.5,127.0069,126.66859
4346.6,127.108,126.31309
4346.7,127.1046,126.64228
4346.8,127.0077,126.456924
4346.9,126.941,126.52141
4347.0,126.9439,126.081825
4347.1,127.0284,127.186745
4347.2,126.9462,126.53931
4347.3,126.9446,126.61772
4347.4,126.6942,126.41855
4347.5,126.668,126.18333
4347.6,126.669,126.44427
4347.7,126.7062,126.28626
4347.8,126.7081,125.64748
4347.9,126.542,126.05526
4348.0,126.289,125.92958
4348.1,126.2852,126.02854
4348.2,126.1505,125.98876
4348.3,125.929,125.7014
4348.4,125.9321,125.576416
4348.5,126.0334,125.08502
4348.6,125.249,123.95274
4348.7,125.2443,123.39982
4348.8,125.0018,122.926796
4348.9,125.06,123.05263
4349.0,125.0676,123.45093
4349.1,125.6918,123.62292
4349.2,125.3131,124.50697
4349.3,125.328,125.38869
4349.4,126.21,126.17214
4349.5,126.456,126.211845
4349.6,126.4589,125.936615
4349.7,126.7709,125.989944
4349.8,126.351,126.517426
4349.9,126.3593,125.72223
4350.0,126.7977,126.3585
4350.1,126.653,125.44289
4350.2,126.659,125.06585
4350.3,126.3763,125.138084
4350.4,126.2532,125.56145
4350.5,126.259,124.350365
4350.6,125.8726,125.1788
4350.7,125.477,123.47857
4350.8,125.481,122.31483
4350.9,125.5545,124.8476
4351.0,125.555,125.802765
4351.1,125.7998,126.278076
4351.2,125.6624,125.90778
4351.3,125.6669,125.281654
4351.4,125.7322,125.59086
4351.5,125.8278,125.74131
4351.6,125.829,125.61815
4351.7,126.0565,125.46084
4351.8,126.1466,125.523796
4351.9,126.1539,125.72641
4352.0,126.1933,125.83813
4352.1,126.4481,126.8043
4352.2,126.4589,127.29813
4352.3,126.4306,126.078476
4352.4,126.2471,125.76079
4352.5,126.2489,125.40137
4352.6,125.9211,125.53172
4352.7,126.2182,126.753586
4352.8,126.2328,126.12527
4352.9,126.738,126.24157
4353.0,127.1807,126.90017
4353.1,127.194,127.693886
4353.2,127.7042,127.90445
4353.3,128.629,128.6903
4353.4,128.6599,129.23491
4353.5,129.5274,129.66989
4353.6,129.8072,129.8949
4353.7,129.816,129.08853
4353.8,129.4554,128.97563
4353.9,128.7766,128.52972
4354.0,128.751,128.10329
4354.1,128.0033,128.18527
4354.2,127.9778,127.77196
4354.3,127.1503,127.42724
4354.4,126.612,126.395645
4354.5,126.5948,126.47776
4354.6,126.5539,126.53745
4354.7,126.7373,126.91464
4354.8,126.7508,126.04044
4354.9,125.8037,125.1549
4355.0,125.8398,125.28595
4355.1,125.844,126.45654
4355.2,126.2345,126.47225
4355.3,126.7732,126.41841
4355.4,126.8001,125.72065
4355.5,126.3899,125.59725
4355.6,126.4228,126.22087
4355.7,126.426,126.513535
4355.8,126.4581,126.33104
4355.9,126.4402,126.08303
4356.0,126.439,125.82189
4356.1,126.4174,126.78126
4356.2,126.4724,126.58238
4356.3,126.4816,126.77337
4356.4,126.4942,126.7735
4356.5,126.4313,126.45246
4356.6,126.427,126.38242
4356.7,126.4766,126.53342
4356.8,126.5304,126.85175
4356.9,126.5405,126.64704
4357.0,126.7722,127.279175
4357.1,126.9799,128.0698
4357.2,126.9996,128.25992
4357.3,127.5036,128.24464
4357.4,127.542,127.569466
4357.5,127.6347,127.9051
4357.6,127.329,127.01184
4357.7,127.3031,126.57751
4357.8,126.8761,127.102234
4357.9,126.8244,127.0464
4358.0,126.823,126.18893
4358.1,126.9446,125.52768
4358.2,126.9605,125.85262
4358.3,126.9665,126.4684
4358.4,126.9027,126.76095
4358.5,126.8649,126.495605
4358.6,126.862,126.93031
4358.7,126.8464,128.23103
4358.8,126.8349,127.59335
4358.9,126.8386,127.17733
4359.0,126.6611,126.51786
4359.1,126.3251,126.42615
4359.2,126.2995,125.62442
4359.3,126.0191,125.26354
4359.4,125.8811,125.625275
4359.5,125.8754,125.513664
4359.6,125.7473,125.41185
4359.7,125.5838,125.798904
4359.8,125.5734,126.381775
4359.9,125.5731,126.89635
4360.0,125.6795,126.505554
4360.1,125.691,126.35574
4360.2,125.6955,126.10409
4360.3,125.9379,125.90319
4360.4,125.965,126.51118
4360.5,126.3131,126.63029
4360.6,126.3539,125.987305
4360.7,126.5339,126.02659
4360.8,126.5309,126.25435
4360.9,126.5343,125.99948
4361.0,126.8695,126.85752
4361.1,127.3662,127.19911
4361.2,127.4273,128.32042
4361.3,127.8895,128.26884
4361.4,128.1246,127.92491
4361.5,128.1523,128.65088
4361.6,128.3222,128.20618
4361.7,128.398,129.4253
4361.8,128.4103,128.36115
4361.9,128.607,128.65114
4362.0,127.2975,127.667915
4362.1,127.1164,124.38985
4362.2,126.4154,125.865875
4362.3,126.0264,125.14813
4362.4,125.9878,127.02989
4362.5,127.1748,127.7063
4362.6,127.6433,127.55091
4362.7,127.6869,128.21143
4362.8,127.4693,127.54035
4362.9,127.1734,127.86468
4363.0,127.135,127.297485
4363.1,126.9425,127.63477
4363.2,127.9738,127.485146
4363.3,128.1372,128.62791
4363.4,128.0269,127.593445
4363.5,127.7065,126.68871
4363.6,127.6591,127.668335
4363.7,126.7082,127.62061
4363.8,126.5652,127.39841
4363.9,126.8016,127.36676
4364.0,127.0545,126.186356
4364.1,127.0899,127.03367
4364.2,127.1278,125.92892
4364.3,127.1941,127.04184
4364.4,127.204,126.90672
4364.5,127.2323,126.39777
4364.6,127.2824,126.82032
4364.7,127.29,127.85218
4364.8,127.3216,127.80786
4364.9,127.6768,127.02986
4365.0,127.737,126.373116
4365.1,127.8068,126.8404
4365.2,127.938,128.02168
4365.3,127.9641,127.550865
4365.4,127.926,127.65802
4365.5,127.9004,128.34369
4365.6,127.897,128.46909
4365.7,127.7491,127.54621
4365.8,127.5945,128.21736
4365.9,127.5761,127.59782
4366.0,127.6326,126.87346
4366.1,127.5951,126.691444
4366.2,127.591,126.913086
4366.3,127.7808,126.95098
4366.4,127.9511,127.798004
4366.5,127.982,129.30365
4366.6,128.2614,128.40518
4366.7,128.2793,128.06557
4366.8,128.277,127.9449
4366.9,128.2038,127.61646
4367.0,128.189,127.08693
4367.1,128.0743,128.047
4367.2,128.1116,128.76355
4367.3,128.129,129.7225
4367.4,128.1416,129.75656
4367.5,128.1076,129.08492
4367.6,128.1,128.96638
4367.7,128.0307,129.25374
4367.8,127.9995,129.0009
4367.9,128.0009,128.43456
4368.0,127.9272,126.804756
4368.1,127.6187,126.265305
4368.2,127.5599,126.72465
4368.3,127.2317,127.45695
4368.4,126.8195,127.44934
4368.5,126.7489,126.6837
4368.6,126.3313,126.59638
4368.7,125.9191,126.47158
4368.8,125.8519,125.25622
4368.9,125.792,125.54001
4369.0,125.7561,126.23403
4369.1,125.751,126.28099
4369.2,125.8928,125.93385
4369.3,125.9996,125.88517
4369.4,126.017,125.73314
4369.5,125.9896,125.78121
4369.6,125.6347,125.713005
4369.7,125.5502,125.25065
4369.8,126.2545,125.76089
4369.9,126.5987,126.722275
4370.0,126.641,127.744644
4370.1,126.218,126.50901
4370.2,126.1178,124.39168
4370.3,125.0241,124.90854
4370.4,123.7449,124.77843
4370.5,123.4958,124.11273
4370.6,122.7303,122.114815
4370.7,121.742,120.73619
4370.8,121.542,121.43481
4370.9,120.8783,121.469986
4371.0,121.2065,120.91886
4371.1,121.3388,121.83547
4371.2,123.4781,122.64644
4371.3,124.6695,124.27339
4371.4,124.8376,125.17653
4371.5,125.4536,125.329346
4371.6,125.5956,124.49336
4371.7,125.589,125.140564
4371.8,125.5725,125.82096
4371.9,125.5531,126.25827
4372.0,125.549,125.97606
4372.1,125.5365,125.6182
4372.2,125.9418,125.63399
4372.3,126.0617,126.01979
4372.4,126.0404,126.11189
4372.5,125.706,125.95579
4372.6,125.6112,124.95068
4372.7,125.1218,124.91928
4372.8,124.4977,124.806656
4372.9,124.3609,124.767296
4373.0,124.0979,124.1899
4373.1,123.7663,123.39871
4373.2,123.6949,122.75116
4373.3,123.8214,122.675446
4373.4,123.8605,123.61502
4373.5,124.3505,124.53363
4373.6,124.9702,124.9366
4373.7,125.1148,125.56998
4373.8,125.5949,125.68155
4373.9,124.9286,124.1279
4374.0,124.676,123.642914
4374.1,124.4469,123.95799
4374.2,124.3659,124.127716
4374.3,124.366,123.83527
4374.4,123.5223,123.41251
4374.5,123.2553,123.16431
4374.6,123.256,123.27913
4374.7,123.2515,122.41949
4374.8,123.2455,122.941475
4374.9,123.247,123.24055
4375.0,122.8335,123.11254
4375.1,122.2756,123.20653
4375.2,122.1397,122.7184
4375.3,121.3026,122.91462
4375.4,121.0153,123.855194
4375.5,121.0175,122.51766
4375.6,120.1847,121.43622
4375.7,119.4829,121.007065
4375.8,119.3445,120.396545
4375.9,119.3482,119.75411
4376.0,119.3527,119.09883
4376.1,119.354,119.04092
4376.2,119.7752,119.14976
4376.3,120.3436,119.07415
4376.4,120.4935,120.86556
4376.5,121.316,120.93355
4376.6,121.6112,122.08808
4376.7,122.0171,122.4834
4376.8,122.981,123.17083
4376.9,123.2814,123.10905
4377.0,123.283,122.51553
4377.1,122.8728,122.933174
4377.2,122.7256,122.21353
4377.3,122.7306,121.898895
4377.4,122.7349,122.05291
4377.5,122.7396,122.71752
4377.6,122.7156,122.12725
4377.7,122.6364,122.33675
4377.8,122.6136,122.99272
4377.9,122.5282,123.02804
4378.0,123.2411,123.69372
4378.1,123.5294,123.91908
4378.2,123.9031,124.53945
4378.3,124.4753,124.84461
4378.4,124.6434,125.44602
4378.5,125.1576,125.58219
4378.6,125.4646,125.09005
4378.7,125.5067,125.444664
4378.8,125.6356,125.90895
4378.9,125.7933,125.801315
4379.0,125.836,124.84556
4379.1,125.8396,125.82797
4379.2,125.8857,124.94321
4379.3,125.9083,126.06372
4379.4,125.9603,126.5268
4379.5,125.9591,126.073044
4379.6,125.95,125.56176
4379.7,125.9303,124.767334
4379.8,125.9262,125.238144
4379.9,125.7458,125.95649
4380.0,125.4878,126.29186
4380.1,125.411,124.98801
4380.2,125.3074,124.45333
4380.3,125.2518,124.96805
4380.4,125.247,125.184204
4380.5,125.3132,125.696175
4380.6,125.186,126.0519
4380.7,125.1173,125.81055
4380.8,124.9816,125.80933
4380.9,125.0205,124.978584
4381.0,125.064,124.38193
4381.1,125.2209,124.79343
4381.2,125.3807,124.44807
4381.3,125.4251,124.98542
4381.4,125.5068,125.53555
4381.5,125.697,126.265335
4381.6,125.7677,126.022995
4381.7,125.9626,126.69138
4381.8,126.2429,126.72166
4381.9,126.3351,126.20961
4382.0,126.4817,125.432076
4382.1,126.6955,125.95419
4382.2,126.7681,126.743576
4382.3,126.9405,127.00172
4382.4,127.3113,127.50202
4382.5,127.4531,127.31879
4382.6,127.6356,127.30301
4382.7,127.722,127.919624
4382.8,127.7523,127.512955
4382.9,127.9138,127.24982
4383.0,127.985,127.072655
4383.1,128.1354,126.54837
4383.2,128.2552,125.92238
4383.3,128.2827,126.62207
4383.4,128.3859,127.599625
4383.5,128.6048,128.14796
4383.6,128.6897,128.79808
4383.7,128.6814,128.02148
4383.8,128.7441,127.85187
4383.9,128.782,128.33266
4384.0,128.839,129.2894
4384.1,128.8366,129.67294
4384.2,128.825,129.60672
4384.3,128.8204,130.1611
4384.4,128.9487,129.32611
4384.5,129.0209,128.85645
4384.6,129.0768,128.55577
4384.7,129.1109,129.84593
4384.8,129.1179,129.52997
4384.9,129.0867,128.34096
4385.0,129.1434,128.14311
4385.1,129.1837,128.78918
4385.2,129.4643,129.85956
4385.3,129.7715,129.67993
4385.4,129.856,129.29941
4385.5,129.9,129.50366
4385.6,130.127,130.03798
4385.7,130.238,130.03996
4385.8,130.0524,130.44019
4385.9,129.9545,130.36482
4386.0,130.0675,130.2268
4386.1,130.1694,130.63635
4386.2,130.1958,130.18106
4386.3,130.6283,130.81569
4386.4,130.3922,130.4649
4386.5,130.1248,130.20927
4386.6,130.078,130.33412
4386.7,130.0081,130.33955
4386.8,129.9878,129.90791
4386.9,129.9621,129.75143
4387.0,129.7949,129.6839
4387.1,129.7064,129.56221
4387.2,129.7949,129.19322
4387.3,129.7218,130.04897
4387.4,129.6474,129.80591
4387.5,129.3998,128.8206
4387.6,129.2718,129.0297
4387.7,129.283,129.34534
4387.8,129.1406,128.95485
4387.9,129.214,129.00017
4388.0,129.31,129.1124
4388.1,129.2112,129.25351
4388.2,129.1628,129.55656
4388.3,129.1737,129.5252
4388.4,129.1216,129.18483
4388.5,129.1047,129.09248
4388.6,129.115,128.91518
4388.7,128.9378,128.9624
4388.8,128.8338,129.03612
4388.9,128.8417,129.18018
4389.0,128.8716,129.12227
4389.1,128.889,129.06451
4389.2,128.7639,128.99356
4389.3,128.4262,128.33339
4389.4,128.2616,128.22491
4389.5,128.4539,128.4122
4389.6,128.4088,128.31456
4389.7,128.299,128.39162
4389.8,128.3292,127.979546
4389.9,127.8373,128.07115
4390.0,127.501,127.78512
4390.1,127.6399,127.448265
4390.2,127.7782,127.66694
4390.3,127.8126,127.80603
4390.4,127.8443,128.05171
4390.5,127.8084,128.21487
4390.6,127.771,128.18799
4390.7,127.7121,127.74619
4390.8,127.1608,126.64231
4390.9,126.815,126.09199
4391.0,126.6707,126.746735
4391.1,126.3328,126.64685
4391.2,126.172,126.29094
4391.3,126.2931,126.13378
4391.4,126.0065,125.94735
4391.5,125.7515,125.97693
4391.6,125.6338,125.6919
4391.7,125.6111,125.523445
4391.8,125.6585,125.73654
4391.9,125.6353,125.38608
4392.0,125.7405,125.4344
4392.1,125.829,125.80843
4392.2,125.6491,125.73254
4392.3,125.5219,125.48637
4392.4,125.203,125.24277
4392.5,124.4407,124.01725
4392.6,124.0528,123.35195
4392.7,123.3943,123.25804
4392.8,122.5241,121.971466
4392.9,122.2419,124.33528
4393.0,122.2148,123.64007
4393.1,122.2216,121.94062
4393.2,122.2464,121.99908
4393.3,122.4369,122.601944
4393.4,122.7956,123.09226
4393.5,122.9634,123.24068
4393.6,123.0668,123.297226
4393.7,123.0134,123.12555
4393.8,122.9158,122.942535
4393.9,122.94,122.51435
4394.0,123.0318,122.50775
4394.1,123.09,122.47584
4394.2,123.2878,123.090324
4394.3,123.7132,122.832695
4394.4,123.9254,124.38838
4394.5,123.7851,124.373856
4394.6,123.9255,124.56033
4394.7,124.1266,124.34067
4394.8,124.2606,124.71294
4394.9,124.3807,125.07744
4395.0,124.391,124.59889
4395.1,124.4417,124.51055
4395.2,125.3059,125.24426
4395.3,125.9813,125.86031
4395.4,126.465,125.80568
4395.5,126.8643,126.0801
4395.6,127.1506,127.315056
4395.7,127.518,127.84179
4395.8,127.6313,127.63424
4395.9,127.6514,127.8897
4396.0,127.6671,127.79016
4396.1,127.668,126.953415
4396.2,127.4918,126.92927
4396.3,127.6986,126.858315
4396.4,128.003,127.807396
4396.5,128.0073,127.61876
4396.6,128.1569,127.67112
4396.7,128.283,127.931725
4396.8,127.8918,127.4709
4396.9,127.5115,127.22046
4397.0,127.477,127.43226
4397.1,127.2883,127.159836
4397.2,127.0297,126.81481
4397.3,126.9506,127.16642
4397.4,126.8378,127.200096
4397.5,126.6047,126.28321
4397.6,126.4875,126.176956
4397.7,126.4103,125.39258
4397.8,126.4732,125.32095
4397.9,126.5967,126.42425
4398.0,126.8848,127.1321
4398.1,127.2582,126.845566
4398.2,127.3651,126.90479
4398.3,127.3436,128.3099
4398.4,127.3423,127.52545
4398.5,127.3651,126.75803
4398.6,127.5446,127.71125
4398.7,127.7105,127.52924
4398.8,127.8782,127.86713
4398.9,128.1372,128.21346
4399.0,128.233,127.90804
4399.1,128.2811,128.37682
4399.2,128.3668,128.79945
4399.3,128.4081,128.63431
4399.4,128.4181,128.35008
4399.5,128.4331,128.55504
4399.6,128.441,128.596
4399.7,128.4445,128.48721
4399.8,128.5302,128.68968
4399.9,128.614,129.09447
4400.0,128.5723,127.58479
4400.1,128.9142,128.05627
4400.2,129.3015,129.20323
4400.3,129.348,128.61864
4400.4,129.5027,128.86562
4400.5,129.618,129.1835
4400.6,129.3509,128.96443
4400.7,129.2197,129.37256
4400.8,129.368,127.949196
4400.9,129.2575,127.876724
4401.0,129.1341,125.767105
4401.1,129.127,128.294
4401.2,129.0333,129.07095
4401.3,129.0026,128.48515
4401.4,129.071,128.39969
4401.5,128.7,128.78572
4401.6,128.3407,127.95426
4401.7,128.372,128.52217
4401.8,128.3701,127.39127
4401.9,128.3719,128.34685
4402.0,128.7509,128.19827
4402.1,129.0033,128.08264
4402.2,128.8449,127.86766
4402.3,128.8346,128.79964
4402.4,128.7568,128.31137
4402.5,128.6909,127.848785
4402.6,128.7274,127.85206
4402.7,128.7635,128.13388
4402.8,128.7658,129.01102
4402.9,128.8258,128.27449
4403.0,128.8512,128.54027
4403.1,128.809,128.69868
4403.2,128.753,128.98006
4403.3,128.5628,128.80946
4403.4,128.4185,128.0014
4403.5,128.3423,128.09775
4403.6,128.1786,126.42092
4403.7,128.09,128.45073
4403.8,128.0375,129.53082
4403.9,127.9195,128.40059
4404.0,127.853,128.65465
4404.1,127.8359,127.904434
4404.2,127.8994,127.05311
4404.3,127.9998,128.0339
4404.4,128.1002,128.8329
4404.5,128.3696,128.52946
4404.6,128.5535,128.0247
4404.7,128.6392,128.3972
4404.8,128.866,128.50858
4404.9,129.0192,127.92092
4405.0,129.0841,128.76607
4405.1,129.158,129.86308
4405.2,129.1494,129.95729
4405.3,129.0689,130.95305
4405.4,128.9834,130.1859
4405.5,129.022,129.40073
4405.6,129.0752,128.39351
4405.7,129.083,128.15936
4405.8,129.0643,129.54413
4405.9,129.0831,129.81982
4406.0,129.136,129.72475
4406.1,129.2066,129.3193
4406.2,129.3185,128.71257
4406.3,129.3496,129.58458
4406.4,129.3569,130.04916
4406.5,129.3782,130.18208
4406.6,129.399,129.91418
4406.7,129.3315,129.16788
4406.8,129.1584,128.50757
4406.9,129.0492,128.72577
4407.0,128.8898,128.22232
4407.1,128.5186,128.22278
4407.2,128.3121,128.30777
4407.3,128.2037,128.26625
4407.4,127.873,127.91561
4407.5,127.6316,127.44206
4407.6,127.5168,126.70236
4407.7,127.4184,127.11398
4407.8,127.5025,127.621956
4407.9,127.3353,126.51659
4408.0,127.1858,127.606346
4408.1,127.2994,128.88828
4408.2,127.3538,129.02501
4408.3,127.4309,128.44743
4408.4,127.7581,126.94177
4408.5,128.1678,126.926056
4408.6,128.113,126.88199
4408.7,128.0839,126.95779
4408.8,128.0024,127.67395
4408.9,127.9475,128.18602
4409.0,127.8301,127.90562
4409.1,127.5362,126.624985
4409.2,127.3645,126.49933
4409.3,127.3131,127.15795
4409.4,127.2585,127.691216
4409.5,127.2964,127.355286
4409.6,127.3724,126.88274
4409.7,127.4285,127.61411
4409.8,127.3584,127.458725
4409.9,127.276,127.488914
4410.0,127.1603,126.940445
4410.1,127.177,126.821434
4410.2,127.3272,127.05082
4410.3,127.6363,127.333626
4410.4,127.7634,128.36139
4410.5,127.9918,128.2243
4410.6,128.4794,128.85295
4410.7,128.696,129.4139
4410.8,128.797,130.72424
4410.9,129.0319,130.74399
4411.0,129.155,128.73695
4411.1,129.1483,127.51806
4411.2,128.9755,128.29181
4411.3,128.7243,127.998245
4411.4,128.6685,128.63843
4411.5,128.5773,128.89226
4411.6,128.6216,129.17769
4411.7,128.7338,128.9769
4411.8,128.8123,128.83649
4411.9,128.857,128.66849
4412.0,129.0282,128.69849
4412.1,129.1984,128.87617
4412.2,129.2687,129.03558
4412.3,129.4389,129.42665
4412.4,129.5324,129.56923
4412.5,129.5719,129.67107
4412.6,129.6533,129.80746
4412.7,129.682,129.90718
4412.8,129.6813,129.70677
4412.9,129.7155,129.62273
4413.0,129.775,129.44168
4413.1,129.82,129.89882
4413.2,129.906,130.05035
4413.3,129.9252,130.14598
4413.4,129.9817,130.09393
4413.5,130.0904,129.90033
4413.6,130.122,129.79233
4413.7,130.0869,129.6077
4413.8,129.976,129.88869
4413.9,129.8908,129.78656
4414.0,129.6623,130.15068
4414.1,129.3986,129.75368
4414.2,129.6545,129.1957
4414.3,129.6281,129.19493
4414.4,129.5293,129.96036
4414.5,129.4532,130.35147
4414.6,129.2641,129.32156
4414.7,128.9156,128.91238
4414.8,129.1363,129.15181
4414.9,129.5818,129.34572
4415.0,129.66,129.42213
4415.1,129.6797,129.51152
4415.2,129.7062,129.34338
4415.3,129.6901,129.03
4415.4,129.6131,128.88106
4415.5,129.3876,128.5951
4415.6,129.2477,128.8692
4415.7,129.1848,129.5492
4415.8,129.0084,129.39963
4415.9,128.8991,129.28865
4416.0,128.8523,129.21136
4416.1,128.6833,128.87639
4416.2,128.547,128.722
4416.3,128.5337,128.47957
4416.4,128.5596,128.32866
4416.5,128.678,128.38277
4416.6,128.4615,128.05246
4416.7,127.9891,127.74561
4416.8,127.916,127.668816
4416.9,127.9667,127.87358
4417.0,128.3727,128.50414
4417.1,129.0007,129.19016
4417.2,128.9917,129.18726
4417.3,128.9328,129.41975
4417.4,128.8553,128.99306
4417.5,128.9147,128.71571
4417.6,129.0353,128.87894
4417.7,129.1106,129.20459
4417.8,129.289,129.63034
4417.9,129.3409,129.66612
4418.0,129.3505,129.72513
4418.1,129.5795,129.70358
4418.2,130.0402,130.05356
4418.3,130.1738,130.599
4418.4,130.6,130.20483
4418.5,130.9269,130.26192
4418.6,131.0114,130.93816
4418.7,131.3062,131.21278
4418.8,131.5709,131.42607
4418.9,131.6073,131.36133
4419.0,131.6499,131.06873
4419.1,131.588,131.43797
4419.2,131.5162,132.0085
4419.3,131.3573,131.85088
4419.4,131.3577,131.37675
4419.5,131.2794,130.92088
4419.6,130.9986,130.71362
4419.7,130.758,130.90434
4419.8,130.7379,130.95546
4419.9,130.5641,130.70218
4420.0,130.271,130.077
4420.1,130.1195,129.73856
4420.2,129.6773,130.09282
4420.3,129.4658,129.70596
4420.4,129.5211,129.71353
4420.5,129.5639,129.6826
4420.6,129.3817,128.96341
4420.7,129.3816,129.4471
4420.8,129.3848,128.42906
4420.9,129.4956,129.14252
4421.0,129.9104,130.11917
4421.1,130.2933,129.86215
4421.2,130.2777,129.27594
4421.3,130.2235,129.86507
4421.4,130.188,129.98952
4421.5,130.192,130.50774
4421.6,130.3092,130.03447
4421.7,130.5763,129.29327
4421.8,130.5178,129.01758
4421.9,130.335,129.4411
4422.0,130.249,129.09355
4422.1,130.2696,127.15891
4422.2,130.3897,130.75429
4422.3,130.5647,131.48212
4422.4,130.571,131.8513
4422.5,130.5605,130.04076
4422.6,130.52,130.33472
4422.7,130.5161,129.92055
4422.8,130.5107,130.73633
4422.9,130.5246,130.9486
4423.0,130.5083,130.76462
4423.1,130.4318,130.93396
4423.2,130.3766,130.75865
4423.3,130.2674,130.20203
4423.4,130.2086,130.30577
4423.5,130.8866,130.46306
4423.6,130.9254,129.73824
4423.7,130.9881,129.62683
4423.8,130.9016,129.80084
4423.9,130.7101,129.54095
4424.0,130.163,128.88875
4424.1,130.2122,129.96158
4424.2,130.3432,128.96365
4424.3,130.3223,130.03903
4424.4,130.2036,130.02385
4424.5,129.8515,129.50684
4424.6,129.847,130.33905
4424.7,129.8501,130.66798
4424.8,129.752,130.66522
4424.9,129.441,130.55008
4425.0,129.6535,130.69446
4425.1,130.3793,130.27972
4425.2,130.7238,130.25104
4425.3,130.7984,130.3988
4425.4,130.8247,130.60225
4425.5,130.2755,130.29135
4425.6,130.4345,130.75757
4425.7,130.976,130.9141
4425.8,131.1927,131.66467
4425.9,131.2619,132.03372
4426.0,131.4294,131.29166
4426.1,131.3338,131.30115
4426.2,131.2475,130.82532
4426.3,130.8562,130.86584
4426.4,130.4698,131.01619
4426.5,130.3584,130.65384
4426.6,129.9827,129.48932
4426.7,129.9138,129.23483
4426.8,129.7557,129.57228
4426.9,129.2171,129.24092
4427.0,129.132,128.95522
4427.1,129.0667,128.90166
4427.2,128.8514,129.18636
4427.3,128.9858,129.93243
4427.4,129.3483,129.1852
4427.5,129.1044,128.49524
4427.6,129.0432,127.735565
4427.7,128.7808,127.96182
4427.8,128.6514,128.30203
4427.9,128.671,127.14681
4428.0,128.6911,127.04331
4428.1,128.58,127.13218
4428.2,128.6964,127.84041
4428.3,129.2241,128.60162
4428.4,129.6402,129.05019
4428.5,129.7207,129.19044
4428.6,130.0686,128.98541
4428.7,130.2912,130.15569
4428.8,130.4026,131.11148
4428.9,130.8113,130.18774
4429.0,130.827,131.03468
4429.1,130.8581,131.36592
4429.2,130.9862,131.564
4429.3,131.0335,131.66699
4429.4,131.0762,131.26553
4429.5,131.303,131.00105
4429.6,131.6312,131.68898
4429.7,131.6767,132.19063
4429.8,131.8455,132.0256
4429.9,131.8332,132.26617
4430.0,131.8228,131.79532
4430.1,131.7475,132.08943
4430.2,131.6872,132.27641
4430.3,131.6123,132.44127
4430.4,131.293,131.64212
4430.5,131.2418,130.85498
4430.6,131.0594,130.89832
4430.7,131.163,131.52365
4430.8,131.185,131.68698
4430.9,131.2682,131.4315
4431.0,131.236,131.1946
4431.1,131.3833,131.91658
4431.2,132.0334,131.83984
4431.3,132.1591,132.09523
4431.4,132.1729,131.8012
4431.5,132.09,131.60893
4431.6,131.5666,131.5579
4431.7,131.6001,131.53061
4431.8,131.7449,131.60167
4431.9,131.7061,131.7542
4432.0,131.7165,131.96089
4432.1,131.7144,131.37256
4432.2,131.5961,130.63206
4432.3,131.6091,130.61934
4432.4,131.6467,131.64786
4432.5,131.6511,131.94151
4432.6,131.6648,131.47444
4432.7,131.68,131.23486
4432.8,131.5591,131.31725
4432.9,131.5463,131.48567
4433.0,131.5721,131.55545
4433.1,132.0992,132.10324
4433.2,132.1249,132.21947
4433.3,132.2596,132.56044
4433.4,132.3258,132.70091
4433.5,132.2463,132.79395
4433.6,131.8558,132.57767
4433.7,131.8981,132.21527
4433.8,132.0621,132.58755
4433.9,131.795,131.26927
4434.0,131.767,131.4621
4434.1,131.5975,131.67014
4434.2,131.601,132.234
4434.3,131.5747,131.69827
4434.4,131.3174,130.99773
4434.5,130.8279,130.88751
4434.6,130.8744,131.0373
4434.7,131.1018,131.49052
4434.8,131.1288,131.41452
4434.9,131.0502,130.77983
4435.0,130.5432,130.28725
4435.1,130.2558,130.25816
4435.2,130.3387,130.27199
4435.3,130.78,130.4833
4435.4,130.61,130.17087
4435.5,130.6137,129.80412
4435.6,130.634,130.5659
4435.7,130.628,130.49736
4435.8,130.6329,130.3022
4435.9,130.6242,130.3712
4436.0,130.399,130.282
4436.1,130.3826,130.02002
4436.2,130.2586,129.72993
4436.3,130.1108,129.25023
4436.4,130.0968,129.34894
4436.5,129.9357,129.58928
4436.6,129.6709,129.72423
4436.7,129.6411,129.90012
4436.8,129.4578,130.17555
4436.9,129.4765,129.62743
4437.0,129.5575,129.16939
4437.1,129.515,129.03204
4437.2,129.5281,129.42725
4437.3,129.6453,129.5033
4437.4,129.848,129.7827
4437.5,129.8731,130.23047
4437.6,130.0744,129.06372
4437.7,130.2841,128.67502
4437.8,130.3374,130.18011
4437.9,130.7528,130.9442
4438.0,131.091,131.34332
4438.1,131.1267,131.2393
4438.2,131.4112,131.46805
4438.3,131.6098,131.48824
4438.4,131.6668,131.7671
4438.5,132.0556,131.60182
4438.6,132.1501,131.40245
4438.7,132.121,131.18146
4438.8,131.8766,131.57428
4438.9,131.7587,131.7941
4439.0,131.7516,131.7629
4439.1,131.6195,132.02553
4439.2,131.3467,131.62242
4439.3,131.3393,131.12657
4439.4,131.2409,131.76126
4439.5,131.2816,131.90048
4439.6,131.2995,132.23564
4439.7,131.4147,131.66792
4439.8,131.5057,130.96826
4439.9,131.52,130.49406
4440.0,131.589,131.40527
4440.1,131.5929,131.99284
4440.2,131.6163,131.89868
4440.3,131.5216,131.53029
4440.4,131.5321,131.15825
4440.5,131.5817,131.16586
4440.6,131.607,131.39992
4440.7,131.6054,131.42386
4440.8,131.5796,131.28326
4440.9,131.4806,130.97365
4441.0,131.4766,131.36398
4441.1,131.3498,132.00606
4441.2,131.0025,131.51582
4441.3,130.9527,131.42772
4441.4,130.354,130.706
4441.5,129.9545,129.92924
4441.6,129.9384,129.25932
4441.7,129.6923,129.67328
4441.8,129.4834,129.85999
4441.9,129.4766,129.7272
4442.0,129.3379,129.58957
4442.1,129.182,129.22307
4442.2,129.1701,129.00153
4442.3,129.0268,128.94228
4442.4,128.932,128.82585
4442.5,128.9399,128.53009
4442.6,128.9494,128.99174
4442.7,127.9458,128.02382
4442.8,127.9046,127.18362
4442.9,127.3949,127.05986
4443.0,127.105,127.39715
4443.1,127.131,127.38834
4443.2,127.4665,127.50711
4443.3,127.4529,127.304695
4443.4,127.1957,127.375656
4443.5,127.3274,127.876625
4443.6,127.3342,128.23051
4443.7,127.3362,127.740555
4443.8,127.1273,127.973785
4443.9,127.1144,127.65253
4444.0,126.8375,127.150246
4444.1,126.547,126.94082
4444.2,126.5259,126.41652
4444.3,126.191,126.16776
4444.4,126.0341,126.27023
4444.5,126.0445,126.44076
4444.6,126.2381,126.47599
4444.7,126.886,126.90074
4444.8,126.9228,127.076004
4444.9,127.5929,127.12939
4445.0,128.24,127.63768
4445.1,128.2578,127.72977
4445.2,128.6029,127.9529
4445.3,128.9734,128.65768
4445.4,128.9888,129.05428
4445.5,129.179,129.34439
4445.6,129.576,129.10127
4445.7,129.6004,129.62085
4445.8,130.1072,129.37053
4445.9,130.5363,130.71077
4446.0,130.5528,130.50787
4446.1,130.8078,130.20284
4446.2,131.1453,129.59747
4446.3,131.1717,130.62502
4446.4,131.646,130.61957
4446.5,131.634,130.74066
4446.6,131.3249,131.57983
4446.7,131.219,131.751
4446.8,131.2041,131.14764
4446.9,130.7716,130.09096
4447.0,130.191,129.80086
4447.1,130.187,130.17781
4447.2,130.0749,129.70831
4447.3,130.3222,130.16748
4447.4,130.3079,130.46623
4447.5,129.6675,129.70326
4447.6,129.651,130.48001
4447.7,129.6664,126.77508
4447.8,130.2355,129.50621
4447.9,129.9451,129.49536
4448.0,129.9473,129.79338
4448.1,129.8011,128.77225
4448.2,130.2491,128.79416
4448.3,130.2643,128.9413
4448.4,130.6973,129.66148
4448.5,129.6251,129.22401
4448.6,129.6336,129.33208
4448.7,129.7859,129.48195
4448.8,129.7821,129.4809
4448.9,129.79,129.01108
4449.0,129.9268,128.06943
4449.1,129.607,128.02982
4449.2,129.6116,128.7925
4449.3,130.0295,129.56007
4449.4,130.473,130.60527
4449.5,130.4821,131.51187
4449.6,131.367,131.33046
4449.7,131.3672,131.32571
4449.8,131.076,131.45494
4449.9,131.278,129.09334
4450.0,131.2836,129.48796
4450.1,131.1631,130.30554
4450.2,130.739,130.62723
4450.3,130.744,130.1158
4450.4,130.4903,130.33118
4450.5,130.8832,130.40353
4450.6,130.89,130.93086
4450.7,130.6111,130.42262
4450.8,130.8299,130.35138
4450.9,130.838,129.77177
4451.0,131.3067,129.83694
4451.1,131.2832,131.02008
4451.2,131.283,130.81644
4451.3,130.791,130.99492
4451.4,130.337,130.67786
4451.5,130.332,130.01184
4451.6,130.1642,129.88828
4451.7,129.1415,129.2406
4451.8,129.126,129.1151
4451.9,128.7029,128.53702
4452.0,128.6242,129.06465
4452.1,128.623,129.02411
4452.2,128.4719,128.33638
4452.3,128.175,128.0252
4452.4,128.1749,129.01308
4452.5,128.7814,124.8246
4452.6,129.5033,128.98155
4452.7,129.521,128.49095
4452.8,129.949,128.8967
4452.9,129.9659,128.27887
4453.0,129.7986,128.85423
4453.1,130.0798,127.26001
4453.2,130.088,127.629425
4453.3,129.4769,125.70722
4453.4,129.8233,127.073204
4453.5,129.835,130.1267
4453.6,129.8292,130.50713
4453.7,129.772,129.77599
4453.8,129.77,129.11855
4453.9,129.9011,130.39359
4454.0,130.1256,129.93463
4454.1,130.134,129.9237
4454.2,129.9216,129.33446
4454.3,129.9984,129.40387
4454.4,130.0078,129.46956
4454.5,130.1709,129.82405
4454.6,130.2038,129.98297
4454.7,130.205,129.87971
4454.8,130.3893,130.52968
4454.9,130.2511,129.66824
4455.0,130.2488,129.11002
4455.1,130.0614,129.53825
4455.2,129.9369,130.28218
4455.3,129.9367,130.10562
4455.4,129.3704,129.19794
4455.5,128.9229,128.89366
4455.6,128.9057,128.85094
4455.7,129.0924,128.7303
4455.8,129.103,128.79189
4455.9,129.3258,129.31377
4456.0,129.3701,129.6813
4456.1,129.372,129.76122
4456.2,129.6148,130.55507
4456.3,129.9082,130.57765
4456.4,129.9316,129.33879
4456.5,129.9677,129.18199
4456.6,130.1049,130.12875
4456.7,130.114,130.42735
4456.8,130.7237,130.83362
4456.9,131.5945,131.02675
4457.0,131.6595,131.2348
4457.1,132.0599,131.46146
4457.2,132.2538,131.83986
4457.3,132.2716,132.17097
4457.4,132.5275,132.80467
4457.5,132.3465,132.44595
4457.6,132.3366,131.73996
4457.7,131.8175,131.66222
4457.8,131.1266,132.34764
4457.9,131.0795,132.01915
4458.0,130.7569,131.20757
4458.1,130.5456,131.58514
4458.2,130.53,131.0094
4458.3,130.565,130.85411
4458.4,130.5974,130.66864
4458.5,130.6,130.4675
4458.6,130.8751,130.84454
4458.7,131.151,130.70065
4458.8,131.174,130.31917
4458.9,131.4427,130.19363
4459.0,131.4726,130.6887
4459.1,131.5113,131.35889
4459.2,131.5332,131.7637
4459.3,131.5405,131.16484
4459.4,131.4428,131.36145
4459.5,131.4058,131.53514
4459.6,131.4075,131.6995
4459.7,131.2739,131.39262
4459.8,131.1713,131.11345
4459.9,131.1674,131.16275
4460.0,131.1906,131.41435
4460.1,131.5277,131.39746
4460.2,131.5649,131.84125
4460.3,131.8224,131.85365
4460.4,132.1351,131.88623
4460.5,132.1679,132.54811
4460.6,132.2909,132.37299
4460.7,132.5595,131.9387
4460.8,132.5899,131.90314
4460.9,132.5533,132.53032
4461.0,132.1569,133.01465
4461.1,132.11,132.12846
4461.2,131.6751,131.72653
4461.3,131.3843,131.61998
4461.4,131.3603,131.32803
4461.5,131.1248,131.31541
4461.6,130.9477,131.1794
4461.7,130.929,130.81073
4461.8,130.544,130.50424
4461.9,130.9423,130.96846
4462.0,131.0054,131.3091
4462.1,131.0263,131.38835
4462.2,131.029,130.74265
4462.3,131.0211,130.30858
4462.4,129.5431,129.63846
4462.5,129.3409,130.03078
4462.6,129.477,129.80518
4462.7,128.7749,129.01006
4462.8,128.6721,128.86873
4462.9,128.9028,129.06355
4463.0,128.599,129.01616
4463.1,128.55,129.38928
4463.2,129.0457,129.66084
4463.3,129.0128,129.22044
4463.4,129.0005,129.02252
4463.5,128.8638,128.616
4463.6,128.5412,128.03625
4463.7,128.4941,128.08852
4463.8,128.2734,128.09076
4463.9,128.0627,128.45811
4464.0,128.0402,128.81157
4464.1,127.9375,128.3823
4464.2,127.8805,127.83563
4464.3,127.8783,127.88128
4464.4,128.1307,128.0198
4464.5,128.1591,128.07182
4464.6,128.163,128.27176
4464.7,128.1563,128.40833
4464.8,127.9823,128.10709
4464.9,127.9573,127.43935
4465.0,127.7609,127.42941
4465.1,127.5131,127.240944
4465.2,127.476,127.61534
4465.3,127.2958,127.65435
4465.4,127.2682,127.3009
4465.5,127.1783,127.098206
4465.6,127.1196,127.192085
4465.7,127.112,127.68206
4465.8,127.0309,127.65769
4465.9,127.0515,127.49093
4466.0,127.0631,127.25539
4466.1,126.9874,127.10692
4466.2,126.9175,127.22872
4466.3,126.9104,127.40469
4466.4,126.8497,127.241356
4466.5,126.8916,127.23548
4466.6,126.9062,126.8319
4466.7,126.7356,126.429184
4466.8,126.5433,126.258446
4466.9,126.517,125.87857
4467.0,126.3364,125.68655
4467.1,126.2867,125.92299
4467.2,126.284,125.93317
4467.3,126.3479,126.11999
4467.4,126.4763,126.177444
4467.5,126.5008,126.37451
4467.6,126.764,126.404724
4467.7,127.4709,126.831436
4467.8,127.6088,127.37148
4467.9,127.7977,127.929474
4468.0,128.0775,127.7964
4468.1,128.129,127.89129
4468.2,128.2021,128.08589
4468.3,128.0605,128.12389
4468.4,128.0309,128.43059
4468.5,127.3292,127.839966
4468.6,127.1787,127.55729
4468.7,127.5506,127.60211
4468.8,127.2851,127.4395
4468.9,127.2101,126.909
4469.0,126.8483,126.26849
4469.1,126.0949,125.86808
4469.2,125.9392,125.124344
4469.3,126.1278,125.64638
4469.4,126.1485,126.23725
4469.5,126.143,126.278595
4469.6,126.1462,126.27047
4469.7,126.3639,126.426
4469.8,126.416,126.49746
4469.9,126.5254,126.417946
4470.0,126.6428,126.60702
4470.1,126.665,126.95804
4470.2,126.8733,126.87358
4470.3,127.1731,127.00009
4470.4,127.239,126.751755
4470.5,127.402,126.84919
4470.6,127.51,126.93906
4470.7,127.5278,126.64093
4470.8,127.6028,126.89635
4470.9,127.7078,127.49966
4471.0,127.7355,127.622635
4471.1,127.8218,127.59358
4471.2,127.8274,127.34331
4471.3,127.8277,127.357315
4471.4,127.5599,127.21513
4471.5,127.2902,126.796776
4471.6,127.2425,126.920525
4471.7,127.8164,127.40675
4471.8,127.9728,128.29312
4471.9,128.8443,128.85016
4472.0,129.7254,129.09833
4472.1,129.903,129.51411
4472.2,130.3561,130.08766
4472.3,131.0338,130.40463
4472.4,131.1945,131.48764
4472.5,131.4839,131.54149
4472.6,131.0709,130.93762
4472.7,130.9282,130.23254
4472.8,130.2218,130.285
4472.9,129.8281,129.82446
4473.0,129.7776,129.67061
4473.1,129.9582,129.67082
4473.2,130.1267,129.63312
4473.3,130.1672,129.7288
4473.4,130.5152,130.53497
4473.5,131.0208,130.98091
4473.6,131.1466,131.37701
4473.7,131.2062,131.33994
4473.8,131.423,131.58835
4473.9,131.4901,131.16307
4474.0,131.5508,130.78032
4474.1,131.7359,130.85149
4474.2,131.788,131.1806
4474.3,131.9651,131.55037
4474.4,132.1432,132.07425
4474.5,132.182,132.1706
4474.6,132.0215,132.17453
4474.7,131.9707,132.09416
4474.8,131.971,131.92157
4474.9,131.8775,131.56168
4475.0,131.8508,131.8384
4475.1,131.8994,132.19754
4475.2,131.9901,132.20767
4475.3,132.021,131.99272
4475.4,132.1803,132.01105
4475.5,132.2554,132.2262
4475.6,132.2682,132.36678
4475.7,132.27,132.5666
4475.8,132.2998,132.23834
4475.9,132.3152,131.86507
4476.0,132.3334,131.79047
4476.1,132.3939,132.21867
4476.2,132.4137,132.53915
4476.3,132.5028,132.7493
4476.4,132.8223,133.1515
4476.5,132.9247,133.77763
4476.6,133.1683,133.7997
4476.7,133.2226,133.9213
4476.8,133.211,133.70615
4476.9,133.1185,132.917
4477.0,132.8724,132.87363
4477.1,132.795,132.84785
4477.2,133.1248,133.4359
4477.3,133.2299,133.64496
4477.4,133.2298,133.66417
4477.5,133.2531,133.18236
4477.6,132.933,132.50778
4477.7,132.8093,132.63551
4477.8,132.9852,133.22495
4477.9,133.1693,133.80176
4478.0,133.2176,133.7004
4478.1,133.2284,133.76202
4478.2,133.232,133.8937
4478.3,133.2082,133.73427
4478.4,132.7106,133.18393
4478.5,132.5193,132.95428
4478.6,132.1145,132.28377
4478.7,131.9106,132.23724
4478.8,131.893,132.36555
4478.9,131.7316,132.34671
4479.0,131.8603,132.06215
4479.1,131.938,132.18346
4479.2,132.5099,132.72798
4479.3,133.2719,132.71252
4479.4,133.4923,133.37646
4479.5,133.7355,133.67816
4479.6,134.1349,133.69296
4479.7,134.2597,133.26479
4479.8,134.1993,133.46053
4479.9,134.0479,133.2961
4480.0,133.9999,134.04283
4480.1,133.8545,133.97954
4480.2,133.4904,133.70654
4480.3,133.3662,133.19601
4480.4,133.0477,132.961
4480.5,132.5587,132.58354
4480.6,132.4112,132.16249
4480.7,132.1254,131.94221
4480.8,131.8707,132.1352
4480.9,131.8189,131.9921
4481.0,131.95,131.77554
4481.1,132.1988,131.54305
4481.2,132.2847,132.33524
4481.3,133.0078,133.34462
4481.4,133.3361,133.97038
4481.5,133.5775,134.452
4481.6,133.9348,134.48633
4481.7,134.0487,134.3601
4481.8,133.781,134.0045
4481.9,133.6689,133.8729
4482.0,133.6781,133.86758
4482.1,133.6363,133.89917
4482.2,133.3857,133.63792
4482.3,133.2814,133.63507
4482.4,133.4583,133.37567
4482.5,133.7669,133.41441
4482.6,133.8787,133.07484
4482.7,133.4786,133.05794
4482.8,132.4918,132.424
4482.9,132.1134,131.96739
4483.0,131.9756,131.91429
4483.1,131.6142,131.74454
4483.2,131.4703,131.26114
4483.3,130.9465,130.47638
4483.4,130.6515,130.31552
4483.5,130.633,130.11345
4483.6,130.6717,130.53145
4483.7,130.3998,130.36812
4483.8,130.254,130.21007
4483.9,130.2015,130.01982
4484.0,130.1438,129.89331
4484.1,130.128,129.99542
4484.2,130.0579,129.88425
4484.3,129.9282,130.01585
4484.4,129.884,130.14142
4484.5,130.1171,130.16562
4484.6,130.2403,129.74216
4484.7,130.0845,129.51152
4484.8,129.7982,129.54353
4484.9,129.6949,129.88837
4485.0,130.0923,130.10881
4485.1,130.21,130.01616
4485.2,130.161,129.84427
4485.3,129.8794,129.36067
4485.4,129.9494,129.3034
4485.5,130.0697,129.86
4485.6,130.3555,130.32747
4485.7,130.7333,130.14363
4485.8,130.8557,130.39305
4485.9,131.5332,131.14308
4486.0,132.4243,132.19626
4486.1,132.711,132.23152
4486.2,133.1734,132.8757
4486.3,133.8867,133.2721
4486.4,134.1458,133.9265
4486.5,134.0759,134.08575
4486.6,134.0694,134.078
4486.7,134.089,134.26901
4486.8,134.3006,134.1647
4486.9,134.7195,134.33743
4487.0,134.8948,134.34895
4487.1,135.0292,134.4218
4487.2,135.082,134.4292
4487.3,135.0718,134.45447
4487.4,135.0891,134.4014
4487.5,135.0477,134.16756
4487.6,135.0224,134.2494
4487.7,134.9116,134.4147
4487.8,134.844,134.31706
4487.9,134.7379,134.40381
4488.0,134.6678,134.39369
4488.1,134.664,134.32512
4488.2,134.6584,134.30193
4488.3,134.557,134.3538
4488.4,134.5001,134.51273
4488.5,134.3307,134.31735
4488.6,133.891,133.08774
4488.7,133.0972,132.15265
4488.8,132.2852,131.97623
4488.9,131.4672,131.21632
4489.0,131.1284,131.09425
4489.1,130.7061,130.19684
4489.2,130.0141,129.58212
4489.3,129.7495,129.6046
4489.4,129.3874,129.22758
4489.5,128.9036,128.74388
4489.6,128.743,128.8025
4489.7,128.5399,128.49927
4489.8,128.3208,128.31744
4489.9,128.2652,128.11017
4490.0,128.2515,127.97587
4490.1,128.2438,127.84498
4490.2,128.245,128.25246
4490.3,128.3237,128.03078
4490.4,127.8605,127.4463
4490.5,127.5166,127.2939
4490.6,127.6813,127.53759
4490.7,127.919,127.599625
4490.8,128.005,128.11197
4490.9,128.7189,129.15652
4491.0,129.2066,129.62466
4491.1,129.3438,129.93964
4491.2,129.603,129.87106
4491.3,129.7206,129.55887
4491.4,129.7401,129.46983
4491.5,130.0656,130.08408
4491.6,130.285,130.54875
4491.7,130.295,130.54471
4491.8,130.6205,130.65172
4491.9,130.8501,130.76445
4492.0,130.811,130.0773
4492.1,131.1293,131.10048
4492.2,131.3796,131.48308
4492.3,131.3806,131.67393
4492.4,131.4001,131.60959
4492.5,131.4128,131.33682
4492.6,130.9599,131.11618
4492.7,130.5149,130.87437
4492.8,130.431,130.66525
4492.9,130.3029,130.51593
4493.0,130.4012,130.35196
4493.1,130.5473,130.20053
4493.2,130.6953,130.16414
4493.3,130.8443,130.49158
4493.4,130.8797,130.90668
4493.5,130.9238,130.98343
4493.6,130.6289,130.63594
4493.7,130.3844,130.30717
4493.8,130.2094,130.18391
4493.9,129.9878,130.44043
4494.0,129.922,129.88647
4494.1,129.976,129.79495
4494.2,130.018,130.0423
4494.3,129.9132,129.78697
4494.4,129.7812,129.8108
4494.5,129.742,129.51802
4494.6,129.723,129.48523
4494.7,129.7481,129.46768
4494.8,129.78,129.673
4494.9,129.6492,129.50792
4495.0,129.5008,129.30229
4495.1,129.4715,129.39662
4495.2,129.6277,129.88306
4495.3,129.9271,130.179
4495.4,130.0759,130.2384
4495.5,130.1738,130.46283
4495.6,130.072,130.50294
4495.7,129.9267,130.22038
4495.8,130.0081,130.16263
4495.9,130.3876,130.4345
4496.0,130.6505,130.9087
4496.1,130.8588,130.68913
4496.2,131.0578,131.11536
4496.3,131.0829,130.93304
4496.4,130.684,130.55998
4496.5,129.8818,129.852
4496.6,129.489,129.28651
4496.7,128.8152,128.38736
4496.8,127.5669,127.4347
4496.9,126.9922,126.509964
4497.0,126.2914,125.925255
4497.1,125.6781,125.55496
4497.2,125.2686,125.31016
4497.3,124.8434,124.79744
4497.4,124.7917,124.40503
4497.5,124.9033,124.93131
4497.6,124.9488,125.18314
4497.7,124.9051,125.60507
4497.8,124.7972,125.26405
4497.9,124.8669,125.041115
4498.0,125.0205,125.07005
4498.1,125.4359,125.039925
4498.2,126.3015,125.98936
4498.3,126.7532,126.385475
4498.4,127.1476,127.287704
4498.5,127.7932,127.758446
4498.6,128.058,128.25217
4498.7,128.2166,128.80852
4498.8,128.4263,128.3162
4498.9,128.4886,129.09773
4499.0,128.4062,129.24643
4499.1,128.2312,128.10529
4499.2,128.1425,127.32283
4499.3,128.0603,127.015205
4499.4,127.8363,127.30506
4499.5,127.6955,127.52436
4499.6,127.3448,127.887794
4499.7,126.6413,126.95559
4499.8,126.287,126.16939
4499.9,125.9939,125.8718
4500.0,125.4799,125.74884
4500.1,125.2605,125.927536
4500.2,125.0524,126.41711
4500.3,124.845,126.463356
4500.4,124.6812,125.34763
4500.5,124.4552,124.96092
4500.6,124.396,124.68035
4500.7,124.469,124.407
4500.8,124.6664,124.19914
4500.9,124.795,124.3738
4501.0,124.9821,124.776146
4501.1,125.2917,125.20661
4501.2,125.4165,125.23529
4501.3,125.4361,125.11689
4501.4,125.4296,125.548065
4501.5,125.402,125.60051
4501.6,125.4371,125.51043
4501.7,125.5562,125.69902
4501.8,125.643,125.88018
4501.9,125.643,125.71343
4502.0,125.5405,125.49721
4502.1,125.4339,125.7506
4502.2,125.1804,125.59458
4502.3,124.6248,124.54854
4502.4,124.3244,124.31996
4502.5,124.0346,123.98715
4502.6,123.8001,123.784454
4502.7,123.8943,123.88093
4502.8,124.0863,124.09586
4502.9,124.6461,124.27544
4503.0,125.036,124.00007
4503.1,125.0695,124.78205
4503.2,125.1051,124.68854
4503.3,125.1058,124.83874
4503.4,125.0987,124.972305
4503.5,125.0865,124.49698
4503.6,124.892,123.988815
4503.7,124.4107,124.005455
4503.8,124.113,123.66134
4503.9,123.7697,123.876976
4504.0,123.3263,123.117905
4504.1,123.2729,122.88583
4504.2,123.2141,123.19854
4504.3,122.9772,123.789444
4504.4,122.7848,123.272484
4504.5,122.5623,122.82292
4504.6,122.2133,122.775894
4504.7,122.1158,122.88958
4504.8,122.0242,122.779305
4504.9,121.8788,122.24386
4505.0,121.839,121.97659
4505.1,121.8128,121.57518
4505.2,121.9711,121.2997
4505.3,122.2038,121.38097
4505.4,122.4712,122.69879
4505.5,123.0342,123.26265
4505.6,123.327,122.81968
4505.7,123.2685,123.497604
4505.8,123.3943,124.02528
4505.9,123.6432,123.14734
4506.0,123.9037,123.53447
4506.1,124.2567,125.59007
4506.2,124.294,124.96081
4506.3,124.5464,125.608604
4506.4,125.4481,124.989944
4506.5,126.1903,125.685646
4506.6,126.7814,127.175735
4506.7,127.5412,128.02538
4506.8,127.4922,127.81955
4506.9,126.7714,131.96425
4507.0,125.9188,129.17282
4507.1,124.8385,126.653114
4507.2,122.8346,124.52753
4507.3,122.0583,121.59354
4507.4,122.0265,122.31836
4507.5,121.8449,122.63235
4507.6,121.662,121.83909
4507.7,121.2179,121.05338
4507.8,120.4852,120.22667
4507.9,120.3041,119.9459
4508.0,120.509,120.21136
4508.1,120.948,121.08566
4508.2,121.172,121.298775
4508.3,121.2872,121.31392
4508.4,121.6029,121.30127
4508.5,121.8204,121.27035
4508.6,121.9692,121.25276
4508.7,122.3543,121.786964
4508.8,122.604,122.15593
4508.9,122.5431,122.41802
4509.0,122.5472,122.57017
4509.1,122.6767,122.63421
4509.2,122.7354,122.82833
4509.3,122.6563,123.09281
4509.4,122.4278,123.07022
4509.5,122.2917,123.00391
4509.6,122.0494,122.46447
4509.7,121.9876,121.99054
4509.8,121.848,122.17809
4509.9,121.6408,121.778824
4510.0,121.7046,121.63285
4510.1,121.8361,122.108086
4510.2,121.894,121.56571
4510.3,121.9857,121.235535
4510.4,121.9572,122.20561
4510.5,121.71,122.14425
4510.6,122.6712,123.068596
4510.7,125.5456,121.939514
4510.8,127.7116,127.59687
4510.9,128.9089,129.75447
4511.0,131.1947,128.86917
4511.1,131.8928,131.47165
4511.2,132.1846,133.4205
4511.3,132.4692,132.93893
4511.4,132.2094,132.9617
4511.5,131.2241,130.76144
4511.6,128.5218,128.31985
4511.7,126.7018,126.72498
4511.8,125.7691,125.27415
4511.9,124.4506,123.73508
4512.0,124.7148,125.11341
4512.1,125.1717,125.32925
4512.2,126.0928,126.32368
4512.3,126.3951,126.618416
4512.4,126.1814,126.15511
4512.5,125.528,125.41654
4512.6,125.034,124.54874
4512.7,124.5225,124.593475
4512.8,123.3376,124.300735
4512.9,122.7761,123.26727
4513.0,122.4018,122.559265
4513.1,121.7729,121.88171
4513.2,121.821,121.753365
4513.3,122.0816,121.98776
4513.4,122.3968,122.37366
4513.5,122.6864,122.4808
4513.6,122.8947,122.40137
4513.7,122.4094,122.35204
4513.8,122.4747,122.55572
4513.9,122.4998,122.90164
4514.0,122.3484,122.934555
4514.1,122.4745,122.871346
4514.2,122.7174,122.73028
4514.3,122.7595,122.575386
4514.4,122.8151,122.418526
4514.5,122.783,122.42958
4514.6,122.563,122.49529
4514.7,122.6825,122.53619
4514.8,122.9403,122.41923
4514.9,123.0191,122.883705
4515.0,122.8731,123.18057
4515.1,122.5031,122.94752
4515.2,122.327,122.88708
4515.3,122.407,123.12339
4515.4,122.4298,123.00033
4515.5,122.197,122.552765
4515.6,122.1094,122.230774
4515.7,122.153,122.57603
4515.8,122.5453,123.68037
4515.9,122.7604,122.80138
4516.0,123.5388,123.18749
4516.1,124.2491,123.7766
4516.2,124.6257,125.29877
4516.3,125.3464,125.824036
4516.4,125.7813,126.58345
4516.5,126.767,127.62965
4516.6,127.058,127.560555
4516.7,126.7166,126.42423
4516.8,125.3566,126.62479
4516.9,123.9983,125.00266
4517.0,123.5088,123.96529
4517.1,122.0569,122.26383
4517.2,121.123,120.92644
4517.3,120.7831,120.213936
4517.4,119.8768,120.05842
4517.5,119.425,119.9983
4517.6,119.4489,119.538185
4517.7,119.5019,119.486496
4517.8,119.51,119.62376
4517.9,119.4853,119.5218
4518.0,119.4385,119.27343
4518.1,119.4503,119.16925
4518.2,119.5357,119.43924
4518.3,119.7794,119.44632
4518.4,119.9369,119.28302
4518.5,119.9878,119.159424
4518.6,120.0276,119.789406
4518.7,119.8996,120.1377
4518.8,119.9052,120.14946
4518.9,119.9651,120.15237
4519.0,120.085,120.26847
4519.1,120.1757,120.775444
4519.2,120.4333,121.33312
4519.3,120.5639,122.19619
4519.4,120.5881,120.711136
4519.5,120.633,120.61136
4519.6,120.6742,120.567116
4519.7,120.7409,121.0973
4519.8,120.682,119.63991
4519.9,120.6841,119.4989
4520.0,120.6635,119.849144
4520.1,120.6068,120.56075
4520.2,120.7371,121.16482
4520.3,121.1207,121.1991
4520.4,121.3352,120.75487
4520.5,121.2803,120.523605
4520.6,120.9583,120.947815
4520.7,120.5195,119.95938
4520.8,120.4562,119.13138
4520.9,120.3665,119.47542
4521.0,120.5333,120.21107
4521.1,120.7213,120.36324
4521.2,121.1413,120.791756
4521.3,121.0632,121.08372
4521.4,121.0941,121.3199
4521.5,121.2306,121.726036
4521.6,121.397,122.153564
4521.7,121.3603,122.20123
4521.8,121.1439,121.63832
4521.9,120.8324,121.08659
4522.0,120.8017,120.84333
4522.1,120.7127,119.90887
4522.2,120.707,119.55528
4522.3,120.7106,119.62958
4522.4,120.7049,120.33576
4522.5,120.666,120.992165
4522.6,120.6721,121.290054
4522.7,120.6894,120.93353
4522.8,120.7032,120.60527
4522.9,120.8545,120.55638
4523.0,121.1833,120.87323
4523.1,121.2683,121.14831
4523.2,121.5585,121.904526
4523.3,121.7351,122.889404
4523.4,121.707,122.816154
4523.5,121.4919,121.71166
4523.6,121.135,120.82594
4523.7,120.9059,120.13379
4523.8,120.2744,120.11521
4523.9,120.2716,119.95973
4524.0,120.1979,119.79949
4524.1,119.9046,120.02973
4524.2,119.6927,120.16959
4524.3,119.8015,120.18401
4524.4,120.3237,120.4891
4524.5,120.9267,120.54348
4524.6,120.8626,120.466965
4524.7,120.7193,120.51084
4524.8,120.833,120.8332
4524.9,120.832,121.38945
4525.0,120.7734,121.516396
4525.1,120.611,120.97949
4525.2,120.5425,120.29632
4525.3,120.3152,121.125435
4525.4,120.272,120.104614
4525.5,120.1598,119.69136
4525.6,119.8459,119.98893
4525.7,119.9497,119.74938
4525.8,119.9314,118.561134
4525.9,119.869,119.54024
4526.0,119.8871,120.0476
4526.1,119.9355,120.55107
4526.2,119.94,120.672714
4526.3,119.9282,120.13835
4526.4,119.7829,119.95272
4526.5,119.4405,120.34848
4526.6,119.6745,121.30289
4526.7,120.5434,120.887184
4526.8,120.941,120.86017
4526.9,121.0741,121.179825
4527.0,121.3932,121.5696
4527.1,121.0182,121.77416
4527.2,121.1492,122.17968
4527.3,121.5733,122.4105
4527.4,121.5815,122.02863
4527.5,121.3055,121.01705
4527.6,120.1306,119.690765
4527.7,119.3199,118.855515
4527.8,118.9992,118.22732
4527.9,117.9349,118.109024
4528.0,118.0932,118.364426
4528.1,118.2303,118.65708
4528.2,118.9608,118.573654
4528.3,119.8561,119.12964
4528.4,119.7486,119.528275
4528.5,119.3038,119.49742
4528.6,119.128,119.51828
4528.7,119.0231,118.912796
4528.8,118.4919,118.56557
4528.9,117.9399,117.85796
4529.0,117.7694,117.45147
4529.1,117.1321,116.9133
4529.2,117.0945,116.69413
4529.3,116.9423,116.8536
4529.4,116.952,116.809975
4529.5,116.9779,116.90516
4529.6,117.0859,117.07136
4529.7,117.182,117.0993
4529.8,117.1833,117.4125
4529.9,117.1746,117.870674
4530.0,117.1814,118.09265
4530.1,117.329,117.86398
4530.2,117.9177,117.414566
4530.3,117.9772,117.07092
4530.4,118.0052,118.38949
4530.5,118.1543,117.900505
4530.6,118.381,117.87215
4530.7,118.4942,118.4406
4530.8,119.0091,117.592545
4530.9,119.228,118.73476
4531.0,119.2971,119.55985
4531.1,119.6106,119.5034
4531.2,119.7892,119.18476
4531.3,119.8209,119.215706
4531.4,119.9896,119.74174
4531.5,120.1498,119.4702
4531.6,120.0981,120.52849
4531.7,119.9426,120.65752
4531.8,120.224,120.51826
4531.9,120.3441,120.577126
4532.0,120.874,120.75463
4532.1,120.9299,120.92415
4532.2,121.036,120.96847
4532.3,120.3891,120.85307
4532.4,120.1849,120.45951
4532.5,119.0513,120.168976
4532.6,118.226,119.06665
4532.7,118.1068,118.37093
4532.8,117.4191,117.33265
4532.9,116.7967,117.21011
4533.0,116.6999,116.3225
4533.1,116.2688,115.41127
4533.2,116.4832,116.52193
4533.3,116.5713,117.11493
4533.4,117.0927,118.098114
4533.5,117.5702,117.72782
4533.6,117.588,117.02896
4533.7,117.7915,117.647156
4533.8,118.388,118.31676
4533.9,118.5566,119.15428
4534.0,119.6522,120.27981
4534.1,120.884,121.943474
4534.2,121.0075,122.46344
4534.3,121.723,122.73761
4534.4,122.256,122.79576
4534.5,122.2381,123.651825
4534.6,122.0502,123.88697
4534.7,121.6948,122.21337
4534.8,121.726,121.23664
4534.9,121.8663,122.67878
4535.0,121.8348,121.69855
4535.1,121.7745,121.91131
4535.2,121.4448,121.5999
4535.3,121.4962,121.33372
4535.4,121.9514,121.92821
4535.5,122.8671,122.35435
4535.6,122.9805,122.66315
4535.7,123.7719,123.35668
4535.8,124.6021,119.87983
4535.9,124.6714,124.841644
4536.0,125.0395,124.50212
4536.1,124.8287,123.92231
4536.2,124.7887,124.45172
4536.3,124.5647,124.72586
4536.4,124.8317,124.26934
4536.5,124.8121,123.19581
4536.6,124.5453,124.09326
4536.7,123.804,124.03674
4536.8,123.83,123.35448
4536.9,124.0971,122.57246
4537.0,124.9961,123.07375
4537.1,125.1107,124.564766
4537.2,125.9079,126.04421
4537.3,126.2699,125.741714
4537.4,126.2892,125.46119
4537.5,126.4713,126.0299
4537.6,127.102,126.11421
4537.7,127.1191,124.75225
4537.8,127.2152,127.12502
4537.9,127.0646,126.800514
4538.0,127.061,126.71425
4538.1,127.0535,126.60041
4538.2,127.4071,126.706894
4538.3,127.4281,126.97247
4538.4,127.5746,126.07735
4538.5,127.5835,126.40628
4538.6,127.6225,126.851395
4538.7,127.6652,127.63139
4538.8,127.6639,127.35634
4538.9,127.6687,128.06346
4539.0,128.2982,124.68902
4539.1,128.4326,126.1959
4539.2,129.7197,129.33139
4539.3,131.663,130.73781
4539.4,131.878,132.73715
4539.5,133.6284,134.47084
4539.6,134.2295,135.05757
4539.7,134.2219,134.90846
4539.8,134.2052,134.34793
4539.9,134.9165,134.21843
4540.0,134.9092,134.67754
4540.1,134.76,134.98366
4540.2,134.3499,135.09602
4540.3,134.4113,134.39226
4540.4,135.0731,136.80064
4540.5,136.038,136.57259
4540.6,136.0435,136.17035
4540.7,136.0902,135.99657
4540.8,136.055,135.90105
4540.9,136.1248,136.22838
4541.0,136.8452,136.00215
4541.1,137.368,137.36407
4541.2,137.4216,137.90462
4541.3,137.9432,138.30281
4541.4,137.8653,138.61122
4541.5,137.847,137.9909
4541.6,137.6323,137.23402
4541.7,137.583,137.39975
4541.8,136.9988,137.07867
4541.9,136.5927,136.5037
4542.0,136.6475,136.57591
4542.1,137.2584,137.12975
4542.2,138.2802,138.31194
4542.3,138.4538,139.34581
4542.4,140.5015,140.76604
4542.5,141.6129,141.82112
4542.6,141.5354,141.38283
4542.7,140.5042,140.57841
4542.8,138.8618,138.55768
4542.9,138.7474,137.81152
4543.0,137.3325,137.29053
4543.1,137.025,137.53362
4543.2,137.0223,136.7419
4543.3,136.9405,135.70062
4543.4,136.3183,136.15703
4543.5,136.2709,136.36594
4543.6,135.5843,136.09776
4543.7,135.629,135.541
4543.8,135.5908,136.00388
4543.9,135.0149,135.53543
4544.0,134.5094,135.02042
4544.1,134.5245,134.77019
4544.2,134.6548,134.1784
4544.3,134.4852,135.33296
4544.4,134.4958,134.04887
4544.5,134.6537,135.21558
4544.6,135.2242,135.70787
4544.7,135.2602,135.48973
4544.8,135.793,135.7476
4544.9,135.8145,135.33589
4545.0,136.1902,135.36493
4545.1,136.282,135.93893
4545.2,136.2624,136.80875
4545.3,135.8925,137.57285
4545.4,135.6603,136.1705
4545.5,135.7093,135.95667
4545.6,136.5618,136.5604
4545.7,136.777,136.69653
4545.8,136.8093,136.7351
4545.9,137.4763,136.75728
4546.0,137.8443,136.9878
4546.1,137.8718,138.60023
4546.2,138.2751,139.28345
4546.3,137.4321,140.46786
4546.4,137.4862,138.93156
4546.5,138.776,139.4206
4546.6,140.2321,139.7871
4546.7,140.3015,140.55563
4546.8,142.0133,140.9517
4546.9,142.1562,140.52116
4547.0,142.1279,140.6616
4547.1,141.1212,141.08582
4547.2,140.0709,139.97365
4547.3,140.0259,138.84937
4547.4,138.6707,138.08487
4547.5,138.499,137.85085
4547.6,138.5003,138.66496
4547.7,138.5437,138.78818
4547.8,138.532,137.88177
4547.9,138.5338,138.88333
4548.0,138.6021,139.65134
4548.1,138.6098,139.50099
4548.2,138.6844,139.12022
4548.3,138.6122,138.8823
4548.4,138.6202,138.63026
4548.5,138.5808,138.7015
4548.6,138.5731,139.01509
4548.7,138.58,138.87166
4548.8,138.5225,138.49586
4548.9,138.5511,138.43816
4549.0,138.555,138.36989
4549.1,138.4119,137.92474
4549.2,138.478,137.80937
4549.3,138.4768,138.02661
4549.4,138.3705,138.41818
4549.5,138.424,138.68524
4549.6,138.4231,138.72235
4549.7,138.3181,138.57433
4549.8,138.332,138.54974
4549.9,138.3322,138.68431
4550.0,138.3781,138.59306
4550.1,138.402,139.11148
4550.2,138.4021,138.76245
4550.3,138.468,138.90645
4550.4,138.464,138.66917
4550.5,138.47,138.37408
4550.6,138.3353,138.03304
4550.7,138.318,138.35808
4550.8,138.318,138.0782
4550.9,138.3687,138.36287
4551.0,138.2537,138.49208
4551.1,138.2619,138.18936
4551.2,138.1618,138.36269
4551.3,138.161,138.34866
4551.4,138.1808,138.45744
4551.5,137.9496,138.25465
4551.6,137.946,138.34587
4551.7,137.567,137.75815
4551.8,137.1745,137.5159
4551.9,137.169,137.51027
4552.0,137.0814,137.64716
4552.1,138.6705,138.38393
4552.2,138.698,139.26909
4552.3,140.2215,140.46617
4552.4,141.7818,141.1261
4552.5,141.8208,141.81277
4552.6,141.6674,141.7933
4552.7,141.578,141.21484
4552.8,141.576,141.56883
4552.9,141.4727,141.3194
4553.0,140.6216,140.44038
4553.1,140.6078,139.74037
4553.2,139.8061,139.71294
4553.3,138.2342,137.90495
4553.4,138.1919,137.73871
4553.5,137.8984,137.7037
4553.6,137.5608,138.5304
4553.7,137.5577,138.30638
4553.8,138.0642,138.16687
4553.9,138.0502,138.3071
4554.0,138.0509,138.55733
4554.1,137.9277,138.78175
4554.2,137.821,138.83932
4554.3,137.817,137.28645
4554.4,137.8765,137.43724
4554.5,137.8867,137.74406
4554.6,138.0556,139.18745
4554.7,138.2554,138.50032
4554.8,138.264,138.43971
4554.9,138.1131,138.2986
4555.0,137.9066,138.18503
4555.1,137.9018,138.14743
4555.2,137.7116,138.71785
4555.3,137.5726,137.94595
4555.4,137.5726,138.14984
4555.5,137.9982,137.87506
4555.6,137.8096,138.07593
4555.7,137.8037,138.66223
4555.8,137.8645,137.89796
4555.9,137.955,137.83553
4556.0,137.9666,137.29723
4556.1,137.9557,136.94092
4556.2,137.3436,137.29466
4556.3,137.3051,135.77887
4556.4,137.2918,135.49602
4556.5,137.2985,136.90486
4556.6,137.299,137.20192
4556.7,137.373,135.85129
4556.8,137.4061,136.73259
4556.9,137.408,137.71535
4557.0,137.2408,137.56155
4557.1,137.062,137.38522
4557.2,137.05,136.80937
4557.3,136.9643,135.46126
4557.4,136.7469,134.15373
4557.5,136.7356,135.43388
4557.6,136.5736,135.04466
