DEPTH,AC,DTC,DTS,DEN,GR,CNL,LLD,LLS,K,TH,U,DEVI,SHMAX,TOC,PERM
4049.6,,51.1773,100.9924,2.586,,4.2446,,,,,,,,,
4049.7,,51.6168,102.2883,,,4.0994,,,,,,,,,
4049.8,,52.1136,103.7969,,,4.0677,,,,,,,,,
4049.9,,52.673,105.5865,,,4.1643,,,,,,,,,
4050.0,,53.3201,107.2843,,,4.3587,,,,,,,,,
4050.1,,54.0266,108.8986,,,4.571,,,,,,,,,
4050.2,,54.8318,110.3534,,,4.7696,,,,,,,,,
4050.3,,55.6347,111.7706,,,4.9553,,,,,,,,,
4050.4,,56.4283,113.1925,,,5.1437,,,,,,,,,
4050.5,,57.1928,114.672,,,5.344,,,,,,,,,
4050.6,,57.7981,116.0567,,,5.5707,,,,,,,,,
4050.7,,58.286,117.2904,,,5.8527,,,,,,,,,
4050.8,,58.5439,118.0173,,,6.2333,,,,,,,,,
4050.9,,58.698,118.1573,,,6.7506,,,,,,,,,
4051.0,,58.7891,117.9185,,,7.3577,,,,,,,,,
4051.1,,58.8242,117.2128,,,7.9481,,,,,,,,,
4051.2,,58.816,116.1685,,,8.4331,,,,,,,,,
4051.3,,58.7526,114.8723,,,8.77,,,,,,,,,
4051.4,,58.3885,113.2103,,,9.0018,,,,,,,,,
4051.5,,57.6858,111.3154,,,9.1543,,,,,,,,,
4051.6,,56.7049,109.2382,,,9.2255,,,,,,,,,
4051.7,,55.4181,107.1776,,39.8497,9.2657,,,,,,,,,
4051.8,,54.2693,105.443,,40.8642,9.3542,,,,,,,,,
4051.9,,53.2525,104.0193,,41.741,9.5384,,,,,,,,,
4052.0,,52.9972,103.8399,,42.2976,9.6572,,,,,,,,,
4052.1,,53.1156,104.0655,,42.6664,9.4678,,,,,,,,,
4052.2,,53.6558,104.7416,,42.9392,8.769,,,0.7947,2.9324,3.3138,,,,
4052.3,,54.3316,105.8407,,42.8631,7.7323,,,0.8076,3.0552,3.1972,,,,
4052.4,,54.8817,106.8971,,42.1874,6.6745,,,0.8294,3.2477,2.9714,,,,
4052.5,,55.2422,107.8557,,40.9766,5.8813,,,0.8522,3.4575,2.6942,,,,
4052.6,,55.3574,108.4746,,39.6146,5.5169,,,0.8664,3.597,2.4778,,,,
4052.7,,55.425,108.8916,2.8601,38.3919,5.5805,,,0.868,3.6254,2.3771,,,,
4053.5,,54.3876,104.8517,2.2151,38.1298,7.4419,,,0.7313,1.9547,3.2695,,,,
4053.6,,53.6605,104.2445,,38.0715,7.8293,,,0.7232,1.7994,3.3425,,,,
4053.7,,52.9184,103.6396,,37.7214,8.1977,,,0.7217,1.6623,3.3863,,,,
4053.8,,52.3278,103.2631,,37.358,8.4007,,,0.7293,1.5541,3.3955,22.5249,,,
4053.9,,51.8994,103.211,,37.2477,8.3551,,,0.7402,1.498,3.3806,22.4823,,,
4054.0,,51.9279,104.2197,,37.46,8.0795,,,0.7477,1.5001,3.3594,22.5169,,,
4054.1,,52.3898,105.8934,,37.8523,7.6642,,,0.7497,1.5404,3.3507,22.5212,,,
4054.2,,53.1454,107.9752,,38.1194,7.2636,,,0.7508,1.5835,3.3574,22.5012,,,
4054.3,,54.3213,110.4196,,38.2373,6.9697,,,0.7551,1.6013,3.38,22.5037,,,
4054.4,,55.4668,112.5223,,38.4606,6.795,,,0.7614,1.6004,3.425,22.5313,,,
4054.5,,56.587,114.3393,,39.0597,6.6943,,,0.7657,1.6153,3.4785,22.5469,,,
4054.6,,57.6436,115.4449,,39.9022,6.6103,,,0.7673,1.664,3.5185,22.5339,,,
4054.7,,58.4563,115.9354,,40.7194,6.5383,,,0.7697,1.7483,3.5258,22.5779,,,
4054.8,,59.0526,115.9085,3.2993,41.0116,6.5501,,,0.7829,1.9085,3.4601,22.5798,,,
4054.9,,58.9901,115.0902,3.2817,40.6052,6.7309,,,0.8098,2.1561,3.3211,22.5819,,,
4055.0,184.287,58.6796,114.0336,3.293,39.6613,7.1431,,,0.8464,2.4271,3.1391,22.5743,,,
4055.1,185.181,58.1279,112.7463,,38.7238,7.7982,,,0.8874,2.6168,2.9721,22.567,,,
4055.2,186.448,57.3951,111.8622,,38.2604,8.5267,,,0.931,2.6805,2.8484,22.5771,,,
4055.3,186.675,56.7309,111.3515,3.29,38.3574,9.1423,,,0.9742,2.6816,2.7519,22.595,,,
4055.4,186.675,56.1513,111.2712,3.2368,38.8513,9.4756,,,1.0132,2.6357,2.6814,22.5814,,,
4055.5,186.675,56.1328,112.0477,3.1738,39.469,9.559,,,1.0411,2.5028,2.6616,22.6122,,,
4055.6,185.084,56.3647,113.0354,3.1194,40.1427,9.5081,,,1.0576,2.2913,2.6908,22.6124,,,
4055.7,183.571,56.8994,114.2412,3.0901,40.8636,9.3516,,,1.0609,2.0625,2.7463,22.5888,,,
4055.8,181.612,57.5333,115.0824,3.0942,41.4556,9.0392,,,1.0498,1.9063,2.7953,22.608,,,
4055.9,181.196,58.1199,115.4673,3.1256,41.5735,8.5772,,,1.0276,1.8416,2.8222,22.6147,,,
4056.0,181.196,58.6015,115.1353,3.1718,41.1237,8.085,,,0.9928,1.85,2.829,22.6102,,,
4056.1,181.196,58.4317,113.7775,3.2082,40.5053,7.8348,,,0.9584,1.8992,2.8141,22.6284,,,
4056.2,181.196,57.9373,112.0826,3.214,40.1452,8.0338,,,0.9308,1.9638,2.7783,22.6768,,,
4056.3,181.196,57.0086,110.0811,3.1807,40.0843,8.8188,,,0.9102,2.0409,2.7235,22.6362,,,
4056.4,181.196,55.9734,108.5031,3.1146,39.9503,10.2738,,,0.8894,2.1497,2.644,22.6619,,,
4056.5,181.196,55.0289,107.2882,3.0442,39.3182,12.0186,,,0.8652,2.2884,2.5487,22.6573,,,
4056.6,182.69,54.4105,106.7615,2.9874,38.1609,13.5412,,,0.8456,2.4357,2.4542,22.6493,,,
4056.7,183.487,54.3762,106.6878,2.9556,36.9177,14.0516,,,0.8326,2.5743,2.3858,22.665,,,
4056.8,184.184,54.6423,106.8065,2.9429,36.1088,13.4141,,,0.823,2.6842,2.3559,22.6973,,,
4056.9,185.417,55.2589,107.055,2.941,35.9174,11.9838,,,0.8133,2.7677,2.3581,22.7039,,,
4057.0,186.674,55.7836,107.044,2.9393,36.3535,10.3202,,,0.8025,2.8359,2.3845,22.6965,,,
4057.1,186.675,56.2072,106.8438,2.9293,37.0465,8.8864,,,0.7964,2.8615,2.4237,22.6785,,,
4057.2,188.265,56.3367,106.2776,2.9103,37.5607,7.8072,,,0.7934,2.8206,2.4803,22.7325,,,
4057.3,189.773,56.2223,105.3587,2.887,37.6016,7.1093,,,0.7903,2.6667,2.5662,22.7275,,,
4057.4,190.66,55.9174,104.1899,2.8682,37.3067,6.7711,,,0.7828,2.441,2.6742,22.7451,,,
4057.5,190.66,55.2014,102.6107,2.8597,37.041,6.7422,,,0.7752,2.2223,2.769,22.7091,,,
4057.6,190.66,54.3163,100.9752,2.8631,36.9697,7.0228,,,0.7696,2.0305,2.833,22.7025,,,
4057.7,190.66,53.3225,99.3333,2.876,36.8508,7.5759,,,0.7649,1.8789,2.864,22.7391,,,
4057.8,190.66,52.3829,98.0693,2.8954,36.3932,8.2151,,,0.7598,1.7525,2.8794,22.7708,,,
4057.9,190.24,51.695,97.1972,2.9214,35.6567,8.7046,,,0.7564,1.689,2.8705,22.7407,,,
4058.0,189.167,51.2241,96.6592,2.9541,34.9752,8.6889,,,0.7598,1.7138,2.8302,22.7792,,,
4058.1,186.91,51.179,96.6801,2.9871,34.6668,8.1625,,,0.7703,1.7993,2.7601,22.7971,,,
4058.2,185.506,51.3063,96.8034,3.0115,34.8073,7.2981,,,0.7916,1.9424,2.6529,22.748,,,
4058.3,185.882,51.6041,97.0274,3.0122,35.297,6.4165,,,0.8229,2.1076,2.5221,22.7792,,,
4058.4,184.34,51.7404,97.0794,2.9863,36.0232,5.7694,,,0.8558,2.2396,2.4046,22.8231,,,
4058.5,182.46,51.8131,97.0119,2.9418,36.8802,5.4188,,,0.8853,2.3027,2.3236,22.8196,,,
4058.6,181.196,51.8139,96.8061,2.8955,37.5457,5.3364,,,0.907,2.2741,2.2901,22.8287,,,
4058.7,181.196,51.6403,96.3796,2.8655,37.6757,5.3691,,,0.9249,2.1805,2.2819,22.8132,,,
4058.8,181.196,51.4094,95.8541,2.8577,37.2736,5.3814,,,0.9358,2.0339,2.2956,22.8264,,,
4058.9,181.196,51.1137,95.2085,2.8682,36.6342,5.3108,,,0.9408,1.883,2.3175,22.8515,,,
4059.0,181.196,50.9837,94.4465,2.8838,36.0848,5.2025,,,0.9454,1.7552,2.3351,22.8666,,,
4059.1,181.196,50.9676,93.6716,2.8942,35.6404,5.1472,,,0.9527,1.6375,2.3496,22.8581,,,
4059.2,181.707,51.1155,92.9006,2.8956,35.0898,5.1923,,,0.9619,1.5288,2.3574,22.8651,,,
4059.3,183.666,51.3013,92.1904,2.8884,34.4031,5.3107,,,0.9686,1.4525,2.3621,22.8542,,,
4059.4,184.184,51.4228,91.6045,2.8752,33.974,5.4177,,,0.9696,1.4637,2.3723,22.8931,,,
4059.5,184.184,51.3853,91.2661,2.8565,34.2391,5.4684,,,0.9666,1.5436,2.3877,22.9006,,,
4059.6,184.184,51.0841,91.248,2.831,35.4045,5.4666,,,0.9606,1.6534,2.4115,22.8877,,,
4059.7,184.184,50.6931,91.3372,2.8012,36.6228,5.4616,,,0.9562,1.7273,2.4195,22.9146,,,
4059.8,183.541,50.2506,91.485,2.7692,37.1501,5.4701,,,0.9506,1.7537,2.4099,22.89,,,
4059.9,181.045,49.8206,91.5643,2.7365,36.5778,5.483,,,0.9411,1.752,2.3852,22.8743,,,
4060.0,181.15,49.4107,91.5674,2.7057,35.5208,5.4801,,,0.9286,1.7511,2.3618,22.892,,,
4060.1,181.196,49.0574,91.3816,2.6806,34.5594,5.455,,,0.9148,1.7562,2.3575,22.9257,,,
4060.2,181.1937,48.8998,91.1803,2.6664,33.9527,5.4367,,,0.9044,1.743,2.3654,22.9225,,,
4060.3,180.4214,48.9701,91.0036,2.6652,33.602,5.4889,,,0.894,1.701,2.384,22.9238,,,
4060.4,180.199,49.7408,90.9828,2.6741,33.3985,5.6493,,,0.8815,1.6542,2.4096,22.919,,,
4060.5,180.2019,50.9475,91.0336,2.6866,33.4262,5.9153,,,0.8607,1.6488,2.4481,22.9352,,,
4060.6,180.9114,52.3709,91.1209,2.6956,33.6512,6.2215,,,0.8318,1.7112,2.4883,22.9217,,,
4060.7,181.196,53.6072,91.1865,2.7002,33.7893,6.479,,,0.8003,1.8015,2.5213,22.9409,,,
4060.8,181.196,54.217,91.2482,2.7029,33.6728,6.6115,,,0.7698,1.8763,2.5507,22.9753,,,
4060.9,181.2066,54.3351,91.3065,2.7046,33.4025,6.5692,,,0.7458,1.9017,2.5745,22.9345,,,
4061.0,182.6345,53.6011,91.3548,2.7025,33.2009,6.3814,,,0.7269,1.9112,2.5845,22.9402,,,
4061.1,182.69,52.7458,91.3442,2.6934,33.1642,6.0848,,,0.7132,1.9147,2.5704,22.9915,,,
4061.2,182.69,51.8023,91.2831,2.6761,33.2763,5.7311,,,0.703,1.9295,2.5391,22.9637,,,
4061.3,182.69,51.3764,91.1339,2.6563,33.3335,5.3902,,,0.6952,1.9335,2.5029,22.9853,,,
4061.4,182.69,51.1127,90.9469,2.6374,33.2335,5.1025,,,0.6917,1.9058,2.454,22.9842,,,
4061.5,182.69,51.0118,90.7222,2.621,32.8303,4.8791,,,0.6949,1.8431,2.3911,23.0022,,,
4061.6,182.69,50.9471,90.5474,2.6065,32.0989,4.6881,,,0.7003,1.7793,2.3261,22.9849,,,
4061.7,182.69,50.8405,90.3897,2.594,31.2346,4.5033,,,0.7052,1.7447,2.2815,23.0056,,,
4061.8,182.69,50.6818,90.251,2.5849,30.6511,4.3211,,,0.7056,1.7331,2.2679,23.0434,,,
4061.9,182.7156,50.4393,90.6157,2.5784,30.6683,4.1496,,,0.705,1.7189,2.2822,23.0179,,,
4062.0,184.2861,50.2413,91.056,2.5729,31.2245,3.9942,,,0.7076,1.7008,2.3184,23.0462,,,
4062.1,185.1928,50.119,91.5505,2.5688,32.1641,3.8689,,,0.7153,1.6881,2.3556,23.0333,,,
4062.2,185.181,50.18,91.814,2.5685,33.1153,3.8048,,,0.7313,1.687,2.3699,23.0199,,,
4062.3,185.181,50.298,91.8664,2.5716,33.6727,3.821,,,0.7594,1.6949,2.3361,23.0359,,,
4062.4,185.181,50.4739,91.5939,2.5746,33.6572,3.9069,,,0.8003,1.7093,2.2625,23.0544,,,
4062.5,185.181,50.4415,91.0903,2.571,33.1741,3.9997,,,0.8486,1.7394,2.1628,23.0366,,,
4062.6,185.181,50.3658,90.5662,2.5604,32.693,4.0297,,,0.8914,1.7771,2.0676,23.0824,,,
4062.7,185.1671,50.2881,90.1006,2.548,32.521,3.985,,,0.922,1.8047,1.9982,23.061,,,
4062.8,184.5885,50.2968,90.0,2.5415,32.7148,3.9392,,,0.9333,1.8131,1.9763,23.0771,,,
4062.9,184.1486,50.428,90.0,2.5398,32.9715,3.9908,,,0.9278,1.8047,2.0001,23.0554,,,
4063.0,182.691,50.841,90.0,2.5375,33.1046,4.1924,,,0.9087,1.7939,2.0571,23.0422,,,
4063.1,182.69,51.4358,90.0,2.5291,33.1278,4.5371,,,0.8791,1.7771,2.139,23.0622,,,
4063.2,182.6957,52.1611,90.0183,2.5183,33.1739,4.9463,,,0.8411,1.7323,2.2485,23.0978,,,
4063.3,182.9435,53.1289,90.1043,2.5104,33.2713,5.3179,,,0.7987,1.6498,2.3783,23.085,,,
4063.4,184.2063,54.2157,90.2736,2.5054,33.2728,5.5399,,,0.7562,1.5156,2.523,23.0622,,,
4063.5,184.9657,55.3591,90.4847,2.4975,33.0288,5.5222,,,0.7242,1.3569,2.6494,23.1015,,,
4063.6,185.5126,56.5141,90.7163,2.4853,32.6166,5.2677,,,0.7072,1.209,2.738,23.099,,,
4063.7,188.169,57.3461,90.852,2.4797,32.2709,4.8945,,,0.7034,1.1023,2.7868,23.0893,,,
4063.8,188.169,57.9113,90.9104,2.5045,32.1898,4.6066,,,0.7074,1.0581,2.8045,23.0572,,,
4063.9,188.169,57.8275,90.7913,2.5766,32.3745,4.5525,,,0.7098,1.07,2.8103,23.1324,,,
4064.0,188.1374,57.5117,91.6071,2.7077,32.7572,4.7262,,,0.7093,1.1555,2.8006,23.1439,,,
4064.1,187.1382,57.0201,93.097,2.8922,33.204,4.9686,,,0.7072,1.3066,2.7677,23.1567,,,
4064.2,185.2316,56.3148,94.9975,3.0699,33.5494,5.0621,,,0.7054,1.4968,2.7147,23.1535,,,
4064.3,184.8855,55.5454,96.5862,3.1647,33.645,4.8912,,,0.7069,1.6989,2.6424,23.1535,,,
4064.4,184.217,54.7223,97.8843,3.1235,33.3766,4.5058,,,0.7157,1.9179,2.5369,23.1639,,,
4064.5,185.1017,53.9165,97.7476,2.956,32.9766,4.0889,,,0.7354,2.1298,2.404,23.1711,,,
4064.6,185.9087,53.332,96.9725,2.7397,32.6912,3.8213,,,0.7661,2.3113,2.2509,23.1698,,,
4064.7,188.7063,52.9732,95.5488,2.5731,32.6877,3.7796,,,0.8072,2.4403,2.0922,23.1884,,,
4064.8,189.2237,53.1783,93.7677,2.5064,32.8029,3.9387,,,0.8512,2.5166,1.9535,23.1475,,,
4064.9,190.66,53.5241,92.3782,2.4798,32.8231,4.1987,,,0.8945,2.5558,1.8417,23.1627,,,
4065.0,190.66,54.0231,91.4841,2.4696,32.6841,4.4815,,,0.9343,2.5715,1.7612,23.2048,,,
4065.1,190.5942,54.3024,91.3031,2.4705,32.6645,4.7423,,,0.9669,2.5923,1.7199,23.2214,,,
4065.2,189.0191,54.385,91.2176,2.4746,33.1308,4.9666,,,0.9857,2.6254,1.7427,23.1837,,,
4065.3,187.5427,54.199,91.1874,2.4701,34.2313,5.1524,,,0.9844,2.6456,1.8402,23.1455,,,
4065.4,186.677,53.9168,91.2669,2.4542,35.5946,5.2862,,,0.9687,2.6383,1.9667,23.1859,,,
4065.5,186.831,53.7162,91.3611,2.4384,36.6391,5.3399,,,0.9479,2.6082,2.0724,23.1955,,,
4065.6,189.166,53.6919,91.4538,2.4351,36.9565,5.2862,,,0.924,2.5728,2.1532,23.2303,,,
4065.7,189.166,53.7767,91.5384,2.4486,36.4376,5.1158,,,0.8919,2.5585,2.2167,23.2245,,,
4065.8,189.166,53.7944,91.6197,2.4695,35.4495,4.8641,,,0.8557,2.5745,2.2584,23.2343,,,
4065.9,189.166,53.6051,91.6971,2.4902,34.2732,4.6024,,,0.822,2.6055,2.2704,23.2828,,,
4066.0,189.2314,53.0024,91.8873,2.5044,33.3008,4.3869,,,0.8033,2.6684,2.2412,23.2342,,,
4066.1,190.507,52.2446,92.1627,2.5106,32.8003,4.2626,,,0.8004,2.7574,2.1813,23.2453,,,
4066.2,190.6199,51.3763,92.5927,2.5085,32.9079,4.2394,,,0.8134,2.8952,2.0835,23.2292,,,
4066.3,189.8508,50.7555,93.1633,2.4987,33.5025,4.3292,,,0.837,3.0629,1.964,23.2704,,,
4066.4,189.1586,50.3287,93.8101,2.4859,34.2341,4.5289,,,0.8598,3.1895,1.8696,23.2797,,,
4066.5,188.9795,50.2965,94.5515,2.4748,34.9203,4.7793,,,0.8803,3.2532,1.8164,23.2505,,,
4066.6,188.169,50.3344,95.236,2.4705,35.466,5.0179,,,0.8924,3.2184,1.8254,23.2525,,,
4066.7,188.1626,50.4035,95.8517,2.4744,35.8471,5.2055,,,0.8979,3.1193,1.8779,23.2694,,,
4066.8,187.9753,50.4654,96.2451,2.485,36.0498,5.3545,,,0.8915,2.9625,1.9829,23.268,,,
4066.9,186.6148,50.4918,96.4442,2.499,36.1374,5.5017,,,0.8717,2.7574,2.1395,23.301,,,
4067.0,185.5996,50.4947,96.4939,2.5103,36.2118,5.67,,,0.835,2.5359,2.3439,23.318,,,
4067.1,185.181,50.4736,96.2401,2.5143,36.31,5.845,,,0.7881,2.3279,2.5675,23.297,,,
4067.2,185.181,50.4642,95.8035,2.5099,36.3695,5.9831,,,0.7414,2.1541,2.7836,23.2886,,,
4067.3,185.1809,50.4654,95.2294,2.4998,36.2828,6.0483,,,0.7114,2.0276,2.9535,23.2955,,,
4067.4,185.1198,50.5,94.5186,2.4882,36.1193,6.0362,,,0.6982,1.9422,3.0767,23.2896,,,
4067.5,184.1849,50.5484,93.8569,2.4769,36.0796,5.9884,,,0.6996,1.9094,3.1508,23.306,,,
4067.6,184.1841,50.6072,93.2426,2.4668,36.4115,5.9337,,,0.7258,1.9469,3.1563,23.3025,,,
4067.7,184.2477,50.5714,92.9664,2.4587,37.0377,5.8908,,,0.7666,2.0259,3.1152,23.3158,,,
4067.8,185.1801,50.4552,92.9317,2.4526,37.7695,5.8702,,,0.8129,2.1123,3.0532,23.3245,,,
4067.9,185.181,50.2555,93.1462,2.4476,38.3334,5.8863,,,0.8486,2.1681,3.0061,23.3598,,,
4068.0,185.181,50.1874,93.7011,2.4436,38.6721,5.9243,,,0.8748,2.1947,2.98,23.3404,,,
4068.1,185.1811,50.2951,94.2719,2.4425,38.9317,5.9681,,,0.8932,2.1893,2.9851,23.3627,,,
4068.2,185.2584,50.618,94.8484,2.4466,39.395,5.9654,,,0.8956,2.1537,3.0338,23.3807,,,
4068.3,186.345,50.9786,95.1759,2.454,40.1067,5.8348,,,0.8823,2.1216,3.1103,23.3823,,,
4068.4,186.675,51.2499,95.4052,2.4584,40.7751,5.6518,,,0.8619,2.1429,3.1707,23.3781,,,
4068.5,186.675,51.3792,95.5178,2.4543,41.1612,5.5194,,,0.8424,2.2624,3.1829,23.3844,,,
4068.6,186.6735,51.2517,95.6202,2.4433,41.2351,5.5218,,,0.827,2.4617,3.1487,23.394,,,
4068.7,186.5492,51.1201,95.7843,2.4343,41.1814,5.6827,,,0.815,2.6992,3.0805,23.3708,,,
4068.8,185.181,51.0526,96.0667,2.4353,41.1326,5.9432,,,0.8071,2.9456,2.9867,23.3946,,,
4068.9,185.181,51.2395,96.3184,2.4511,41.0677,6.2208,,,0.8094,3.1758,2.8597,23.384,,,
4069.0,185.1076,51.5541,96.4689,2.4752,40.9008,6.398,,,0.8211,3.3751,2.7184,23.4248,,,
4069.1,184.184,52.0399,96.3986,2.4993,40.5554,6.4249,,,0.8394,3.5221,2.5846,23.4193,,,
4069.2,184.184,52.5771,96.0476,2.5136,40.1773,6.3383,,,0.8579,3.6061,2.4864,23.4168,,,
4069.3,184.184,53.0232,95.5605,2.5161,39.9232,6.2876,,,0.8694,3.6381,2.4374,23.4324,,,
4069.4,184.184,53.1527,94.9098,2.5083,39.8202,6.4215,,,0.8741,3.6127,2.4369,23.4169,,,
4069.5,184.184,52.8839,94.2986,2.4947,39.9514,6.7825,,,0.8667,3.535,2.5039,23.4025,,,
4069.6,184.2623,52.4083,93.7468,2.4831,40.3492,7.2556,,,0.8451,3.4388,2.6327,23.4261,,,
4069.7,185.181,51.7077,93.369,2.4775,40.8941,7.5926,,,0.8109,3.3599,2.7998,23.4428,,,
4069.8,185.2722,51.1639,93.2112,2.4794,41.406,7.6212,,,0.7704,3.2992,2.9798,23.4507,,,
4069.9,186.3469,50.7819,93.2501,2.4873,41.713,7.3226,,,0.7378,3.2349,3.14,23.4537,,,
4070.0,186.7222,50.8771,93.7925,2.501,41.7307,6.8694,,,0.7149,3.1501,3.2875,23.4562,,,
4070.1,187.3278,51.2521,94.9622,2.5234,41.5886,6.455,,,0.7046,3.035,3.4232,23.4528,,,
4070.2,188.169,51.7935,96.611,2.554,41.5691,6.1953,,,0.7084,2.8865,3.5469,23.5129,,,
4070.3,188.169,52.3575,99.2013,2.5828,41.7327,6.1129,,,0.7222,2.7311,3.6488,23.4833,,,
4070.4,188.169,52.7358,102.0776,2.5963,41.9992,6.1454,11.7868,9.5868,0.7438,2.5872,3.7237,23.4357,,,
4070.5,188.169,52.9678,105.139,2.5865,42.3993,6.2049,11.7869,9.5865,0.7692,2.4733,3.7852,23.5015,,,
4070.6,188.169,52.9799,107.9093,2.5656,43.1739,6.1943,11.7876,9.5856,0.8038,2.367,3.8759,23.4924,,,
4070.7,188.169,52.9328,110.126,2.5443,44.5384,6.0741,11.7883,9.5847,0.8436,2.2795,4.0131,23.4874,,,
4070.8,188.1689,52.8351,111.8523,2.5272,46.4794,5.8742,11.7884,9.5847,0.8803,2.2505,4.1507,23.4674,,,
4070.9,188.0088,52.8156,112.659,2.5115,48.222,5.6768,11.7883,9.5853,0.9069,2.2779,4.2479,23.3798,,,
4071.0,186.2748,52.8944,113.3317,2.4972,49.1277,5.5547,11.7881,9.586,0.9234,2.3293,4.2962,23.3222,,,
4071.1,185.181,53.0768,113.8639,2.4914,48.9011,5.5382,11.7878,9.5865,0.9309,2.3614,4.3498,23.3568,,,
4071.2,185.181,53.9903,115.1264,2.4987,48.3679,5.6645,11.7873,9.5867,0.9356,2.3892,4.4127,23.4228,,,
4071.3,185.181,55.2451,116.7371,2.516,48.615,6.01,11.787,9.5867,0.9699,2.5788,4.459,23.4215,,,
4071.4,185.2866,56.9001,118.7561,2.5326,50.4412,6.6928,11.787,9.5867,1.0727,3.0993,4.4438,23.4323,,,
4071.5,186.2065,59.203,121.9819,2.5365,53.5637,7.8662,11.7877,9.5867,1.2077,3.7574,4.3821,23.4003,,,
4071.6,185.181,61.662,125.6952,2.5269,57.268,9.5944,11.7891,9.5866,1.3528,4.4236,4.2816,23.4395,,,
4071.7,185.181,64.2704,129.9931,2.511,61.1112,11.7904,11.7906,9.5862,1.5026,5.1162,4.1469,23.428,,,
4071.8,185.181,66.6283,134.3338,2.5014,65.0211,14.3325,11.7915,9.5856,1.6572,6.0196,4.0296,23.4409,,,
4071.9,185.181,68.7305,138.3504,2.5037,69.2023,17.1468,11.7919,9.5848,1.7799,6.9644,3.9853,23.434,,,
4072.0,185.181,70.4163,141.7367,2.5158,73.4882,20.1584,11.7925,9.5838,1.8309,7.6484,4.049,23.4422,,,
4072.1,185.181,71.596,143.835,2.5292,76.751,23.1278,11.794,9.5827,1.8086,7.9177,4.2125,23.4425,,,
4072.2,185.181,72.5302,145.1804,2.5359,78.2914,25.4294,11.7965,9.5811,1.7581,7.9781,4.4,23.4371,,,
4072.3,185.181,73.1448,145.4076,2.5333,78.2506,26.4932,11.8012,9.5776,1.6944,7.978,4.6042,23.4405,,,
4072.4,185.181,73.5766,144.8115,2.522,77.691,26.3928,48.4738,9.5561,1.6473,7.9654,4.7838,23.4423,,,
4072.5,185.3634,73.9221,143.8384,2.5062,77.9235,25.7234,678.0911,9.4233,1.6115,7.8789,4.9666,23.4433,,,
4072.6,187.0891,74.1699,142.4594,2.4879,79.1316,25.1577,4445.731,8.9155,1.5859,7.6969,5.1272,23.4444,,,
4072.7,188.169,74.253,140.8454,2.471,80.3271,24.8995,15899.9131,7.6558,1.5797,7.461,5.2022,23.4457,,,
4072.8,188.169,74.2157,139.1543,2.4616,80.4597,24.5881,35436.332,5.7137,1.6002,7.2182,5.1644,23.4614,,,
4072.9,188.169,73.9481,137.5137,2.4642,79.4922,23.7494,,3.5209,1.6377,7.0167,5.057,23.425,,,
4073.0,188.169,73.38,136.2019,2.4788,77.9192,22.4444,,1.6913,1.677,6.8345,4.9231,23.4563,,,
4073.1,188.0089,72.618,135.1402,2.4976,76.1844,21.4221,,0.6114,1.7101,6.6775,4.7778,23.4462,,,
4073.2,186.675,71.5798,134.5941,2.5133,74.1764,21.6537,,0.1791,1.7403,6.5044,4.6098,23.4416,,,
4073.3,186.5623,70.63,134.4698,2.5215,71.7952,23.6282,,0.1031,1.7631,6.3291,4.4454,23.4395,,,
4073.4,185.5888,69.7713,134.5985,2.5217,69.6872,27.1653,,0.1035,1.7784,6.226,4.3456,23.4456,,,
4073.5,185.181,69.2485,134.7531,2.5162,69.0445,31.4435,,0.1039,1.799,6.2437,4.3275,23.4408,,,
4073.6,185.1111,69.055,134.9856,2.5076,70.888,34.9434,,0.1038,1.8449,6.4921,4.5157,23.447,,,
4073.7,184.5116,69.1214,135.28,2.5016,75.465,36.5884,,0.1036,1.8986,6.907,5.0379,23.4328,,,
4073.8,184.0153,69.5382,135.6688,2.5015,81.297,36.641,,0.1038,1.9358,7.2906,5.6889,23.444,,,
4073.9,182.69,69.8218,136.1707,2.5058,87.0666,36.3799,,0.1046,1.9419,7.5086,6.2729,23.477,,,
4074.0,182.8405,69.984,136.7728,2.506,91.4653,36.7514,,0.1059,1.9328,7.5304,6.5625,23.466,,,
4074.1,184.0471,69.6397,137.4571,2.4955,94.402,37.7578,,0.1067,1.9248,7.5067,6.7053,23.4683,,,
4074.2,184.7043,69.4313,138.0338,2.4758,96.0588,39.0817,,0.1064,1.9185,7.4828,6.7907,23.4832,,,
4074.3,187.5613,69.3683,138.4957,2.4551,96.4992,40.4755,,0.1053,1.9135,7.4777,6.8186,23.5007,,,
4074.4,190.456,70.1115,138.3962,2.4406,95.8665,41.8221,,0.104,1.91,7.5183,6.7518,23.5013,,,
4074.5,191.6164,71.1859,138.0428,2.4329,94.3111,42.4855,,0.1032,1.9088,7.6225,6.55,23.4881,,,
4074.6,197.6736,72.6455,137.3913,2.4331,92.055,41.276,,0.1029,1.9123,7.7916,6.2283,23.5133,,,
4074.7,208.8686,74.1694,136.7071,2.4356,89.5696,37.5249,,0.1031,1.9241,7.9818,5.8459,23.4918,,,
4074.8,220.1667,75.5053,136.2242,2.4304,87.3404,32.1355,,0.1033,1.9397,8.1206,5.5143,23.5172,,,
4074.9,228.3903,76.5333,136.0639,2.4217,85.6561,27.3464,,0.1031,1.9603,8.2018,5.2422,23.5224,,,
4075.0,232.6934,77.0066,136.5336,2.4338,84.4938,24.2428,,0.1025,1.9923,8.2336,5.0271,23.5429,,,
4075.1,233.1616,77.3128,137.2434,2.4737,83.3775,22.5801,,0.102,2.0486,8.2271,4.802,23.5612,,,
4075.2,230.5587,77.465,138.2269,2.5268,81.8019,21.5902,,0.1016,2.1277,8.0967,4.5698,23.5691,,,
4075.3,227.2246,77.8519,139.147,2.5362,79.7188,20.7449,,0.1012,2.2019,7.8752,4.4042,23.5703,,,
4075.4,225.1463,78.2835,139.9337,2.4802,78.1181,19.9795,43930.2383,0.1008,2.2582,7.7252,4.3153,23.6031,,,
4075.5,226.4025,78.6947,140.432,2.4032,78.2498,19.42,21970.8535,0.1003,2.3206,7.9435,4.2717,23.6139,,,
4075.6,231.348,78.8355,140.6725,2.4189,81.8865,19.2101,7865.0771,0.1001,2.4383,8.9313,4.3035,23.5763,,,
4075.7,239.429,78.9359,140.8231,2.5205,88.7851,19.5173,1542.6453,0.1011,2.5962,10.288,4.5734,23.6082,,,
4075.8,249.8455,79.1666,140.9365,2.6317,97.6598,20.5595,41.9122,0.1171,2.7395,11.4864,4.9842,23.6257,,,
4075.9,261.4962,79.2935,141.3922,2.6887,106.0576,22.1088,42.2029,0.3196,2.8223,12.0208,5.3799,23.6043,,,
4076.0,273.2316,79.3641,142.0909,2.6931,111.814,23.8005,626.2101,1.6148,2.8582,12.0909,5.5334,23.5991,,,
4076.1,283.6844,79.37,143.2408,2.6675,114.4353,25.022,3381.1045,5.599,2.8814,12.0576,5.5632,23.6118,,,
4076.2,291.235,79.388,144.5152,2.6397,114.5611,25.4809,9119.8076,12.5865,2.9148,12.0065,5.5857,23.6267,,,
4076.3,295.2948,79.4413,145.7954,2.6276,113.7796,25.3461,15266.3936,19.6487,2.9631,11.9644,5.5845,23.6347,,,
4076.4,295.8915,79.6643,146.7582,2.6293,112.9714,25.0053,18175.877,23.1927,3.0231,11.9562,5.539,23.6583,,,
4076.5,293.684,79.8404,147.3087,2.6416,112.4072,24.7545,15765.6465,21.4643,3.0879,12.0089,5.4315,23.6765,,,
4076.6,289.937,79.9791,147.5589,2.6511,112.2995,24.508,9600.9316,16.2757,3.1502,12.1188,5.2949,23.6641,,,
4076.7,285.3239,80.0365,147.3417,2.6493,112.5597,23.9963,3678.3823,11.507,3.2022,12.2615,5.1573,23.6784,,,
4076.8,280.4501,80.0554,147.075,2.6386,112.9364,23.141,495.9281,9.3125,3.2362,12.3883,5.0483,23.6074,,,
4076.9,275.7331,80.0442,146.7774,2.6305,113.1387,22.2921,8.7244,9.4058,3.2537,12.4975,4.9614,23.6294,,,
4077.0,271.2028,80.0024,146.586,2.6322,113.178,21.8994,8.9895,9.9503,3.2581,12.6033,4.8921,23.7077,,,
4077.1,266.6645,79.8983,146.3919,2.6426,113.0343,22.3447,9.1962,10.4567,3.2315,12.7191,4.8557,23.6876,,,
4077.2,262.0824,79.7374,146.1948,2.6577,112.4301,23.3989,9.376,10.861,3.1451,12.798,4.8836,23.7051,,,
4077.3,257.6989,79.3155,145.8575,2.6729,111.1812,24.6306,9.6419,11.2375,3.0203,12.8203,4.9632,23.7068,,,
4077.4,253.7976,78.7883,145.4348,2.6857,109.4907,25.4783,10.081,11.6856,2.8958,12.7873,5.0577,23.7344,,,
4077.5,250.4491,78.1467,144.9195,2.6932,108.1733,25.796,10.7575,12.3948,2.8093,12.7363,5.128,23.7275,,,
4077.6,247.636,77.4934,144.2673,2.6952,107.6913,25.74,11.6013,13.4145,2.7552,12.6793,5.1615,23.7013,,,
4077.7,245.6447,76.9204,143.6429,2.6929,107.7137,25.6245,12.4691,14.5783,2.7302,12.6482,5.137,23.7233,,,
4077.8,244.8951,76.454,143.0632,2.6875,107.6666,25.812,13.1891,15.5445,2.7328,12.639,5.0611,23.6958,,,
4077.9,245.4365,76.2701,142.8012,2.681,107.3933,26.5278,13.6616,15.9975,2.7652,12.6252,4.956,23.7072,,,
4078.0,246.996,76.231,142.7423,2.6753,107.153,27.7126,13.9235,15.9624,2.8141,12.594,4.8572,23.7369,,,
4078.1,248.8894,76.3787,142.9577,2.6721,107.1569,28.748,14.0717,15.6622,2.8723,12.5594,4.7751,23.7191,,,
4078.2,250.3862,76.643,143.3454,2.6719,107.4944,28.9411,14.2126,15.4113,2.9424,12.5578,4.691,23.6987,,,
4078.3,251.1239,76.9383,143.6829,2.6733,108.2125,28.0198,14.3806,15.3669,3.0222,12.6109,4.6061,23.7385,,,
4078.4,250.9424,77.2572,143.8657,2.6746,109.4377,26.448,14.5526,15.5332,3.1011,12.7196,4.5299,23.7261,,,
4078.5,250.1266,77.3957,143.6749,2.6747,111.1083,24.9881,14.6771,15.8483,3.1533,12.874,4.4942,23.7429,,,
4078.6,248.9109,77.4205,143.3081,2.6746,112.5799,24.0575,14.7216,16.1348,3.1706,13.0318,4.5019,23.7288,,,
4078.7,247.5927,77.2673,142.7197,2.6757,113.2079,23.7159,14.686,16.2269,3.1623,13.1702,4.5397,23.7577,,,
4078.8,246.4456,77.0048,142.1297,2.6781,112.9027,23.6792,14.5991,16.0253,3.1422,13.2496,4.6019,23.7502,,0.0,10.0
4078.9,245.5554,76.7255,141.6275,2.6793,112.6171,23.7125,14.5149,15.6375,3.1229,13.2444,4.6762,23.7526,,0.0,10.0
4079.0,244.9389,76.5011,141.4052,2.6773,112.9427,23.6835,14.4701,15.1853,3.1069,13.1856,4.7526,23.7651,,0.0,10.0
4079.1,244.6009,76.3472,141.5058,2.6717,113.8725,23.62,14.4922,14.7531,3.0991,13.0376,4.8444,23.7676,,0.0,10.0
4079.2,244.6398,76.2211,141.7737,2.6652,114.6922,23.6309,14.5748,14.3679,3.1016,12.8478,4.9418,23.7495,108.6908,0.0,10.0
4079.3,245.1685,76.0936,142.2063,2.6602,114.8732,23.8167,14.6917,14.0635,3.116,12.6077,5.0451,23.7522,108.6343,0.0,10.0
4079.4,246.0997,75.9159,142.5874,2.6579,114.6787,24.0945,14.8009,13.9148,3.1469,12.3506,5.1283,23.7568,108.5803,0.0,10.0
4079.5,247.1101,75.7224,142.8989,2.6575,114.9756,24.2497,14.851,13.9475,3.2054,12.119,5.1709,23.7605,108.5456,0.0,10.0
4079.6,247.8398,75.5836,142.9495,2.6576,116.0582,24.0944,14.8178,14.0343,3.2775,11.9425,5.1763,23.7429,108.5375,0.0,10.0
4079.7,247.9458,75.5107,142.8212,2.6575,117.5652,23.6702,14.7108,13.9661,3.3455,11.8184,5.1644,23.7314,108.5562,0.0,10.0
4079.8,247.4148,75.4852,142.565,2.6565,118.9625,23.1794,14.5735,13.6265,3.3952,11.7041,5.1511,23.7358,108.6002,0.0,10.0
4079.9,246.3802,75.5253,142.1362,2.6544,120.1229,22.7839,14.448,13.1418,3.4335,11.5662,5.1436,23.7315,108.6676,0.0,10.0
4080.0,245.1371,75.5268,141.6152,2.6515,121.1096,22.5074,14.3485,12.6754,3.4715,11.4212,5.1244,23.7183,108.7576,0.0,10.0
4080.1,244.0674,75.4928,141.0254,2.6496,121.7089,22.224,14.2747,12.3294,3.5084,11.2752,5.09,23.7537,108.8695,0.0,10.0
4080.2,243.3947,75.326,140.4394,2.6509,121.4426,21.7862,14.2184,12.1198,3.5419,11.0693,5.0646,23.7405,108.9987,0.0,10.0
4080.3,243.2193,75.1256,139.9082,2.6559,120.0501,21.1582,14.171,11.9925,3.5713,10.829,5.0449,23.7384,109.1339,0.0,10.0
4080.4,243.3934,74.8945,139.4268,2.6625,118.1474,20.5033,14.1049,11.7345,3.5915,10.6748,5.0135,23.7405,109.2593,0.0,10.0
4080.5,243.7431,74.7613,139.0764,2.6667,117.2937,20.0155,13.9754,11.3931,3.5996,10.7842,4.9231,23.7179,109.3582,0.0,10.0
4080.6,244.0985,74.7196,138.8198,2.6665,118.2259,19.8296,13.7458,10.9712,3.5913,11.213,4.7635,23.749,109.4204,0.0,10.0
4080.7,244.319,74.7788,138.6665,2.6633,120.3856,19.9106,13.4159,10.4916,3.565,11.6922,4.6395,23.7783,109.4473,0.0,10.0
4080.8,244.3507,74.9684,138.6203,2.6605,122.2012,20.1727,13.054,9.9665,3.5303,12.0473,4.5979,23.7537,109.4494,0.0,10.0
4080.9,244.194,75.1638,138.585,2.6592,122.8452,20.5673,12.7287,9.4079,3.4956,12.2096,4.6436,23.7755,109.441,0.0,10.0
4081.0,243.8993,75.3579,138.5569,2.6588,122.3222,21.0376,12.4832,8.8526,3.4615,12.318,4.7188,23.786,109.4346,0.0,10.0
4081.1,243.5354,75.4594,138.5332,2.6589,121.3272,21.4909,12.3156,8.3696,3.4297,12.4177,4.8014,23.7917,109.4388,0.0,10.0
4081.2,243.1551,75.5212,138.5034,2.6608,120.575,21.7889,12.2017,8.081,3.3901,12.4895,4.9269,23.7748,109.4588,0.0,10.0
4081.3,242.8194,75.534,138.4628,2.666,120.508,21.8212,12.1284,8.0739,3.352,12.5658,5.0696,23.7755,109.4957,0.0,10.0
4081.4,242.5802,75.508,138.4008,2.6741,121.1498,21.6108,12.0875,8.0713,3.3278,12.6019,5.2233,23.7897,109.5467,0.0,10.0
4081.5,242.4737,75.4639,138.2832,2.681,122.0936,21.2698,12.0672,8.1893,3.3244,12.5823,5.3522,23.7766,109.6091,0.0,10.0
4081.6,242.4804,75.3965,138.0607,2.6835,122.8168,20.9111,12.0609,8.3065,3.3395,12.505,5.44,23.7674,109.6827,0.0,10.0
4081.7,242.4804,75.2945,137.5902,2.6806,122.9257,20.6012,12.0678,8.3472,3.3603,12.4358,5.4787,23.7725,109.771,0.0,10.0
4081.8,242.3508,75.1816,137.0071,2.6758,122.8237,20.3732,12.086,8.5391,3.3761,12.3814,5.5013,23.7764,109.8776,0.0,10.0
4081.9,241.9906,75.0619,136.2886,2.6725,122.9168,20.2395,12.1065,8.6858,3.3806,12.318,5.5402,23.7534,110.0009,0.0,10.0
4082.0,241.4259,74.977,135.6237,2.6731,123.4334,20.1708,12.1054,8.8248,3.3722,12.2699,5.5838,23.7489,110.1319,0.0,10.0
4082.1,240.7332,74.9108,135.0181,2.6758,124.0701,20.1202,12.0595,8.9755,3.3571,12.2539,5.6216,23.7678,110.2594,0.0,10.0
4082.2,240.0163,74.8696,134.5497,2.6772,124.5029,20.0298,11.9624,9.0594,3.3335,12.3051,5.6511,23.7898,110.373,0.0,10.0
4082.3,239.3814,74.7866,134.1493,2.6745,124.4517,19.8581,11.8395,9.0481,3.2981,12.4073,5.6867,23.7831,110.4697,0.0,10.0
4082.4,238.8898,74.6659,133.7796,2.6687,123.9495,19.6271,11.7524,9.0472,3.2494,12.5245,5.7546,23.8358,110.5559,0.0,10.0
4082.5,238.5704,74.4556,133.4232,2.6634,123.3561,19.4283,11.759,9.0192,3.1983,12.5995,5.8567,23.8365,110.6421,0.0,10.0
4082.6,238.3707,74.1666,133.1029,2.6618,123.3861,19.3509,11.9053,9.047,3.1609,12.5908,5.9769,23.8333,110.7364,0.0,10.0
4082.7,238.175,73.831,132.8083,2.6641,124.3587,19.401,12.1932,9.1453,3.1457,12.545,6.0697,23.8452,110.8395,0.0,10.0
4082.8,237.8817,73.4551,132.5582,2.6675,125.6809,19.5041,12.5808,9.278,3.1555,12.5207,6.0881,23.8453,110.9434,0.0,10.0
4082.9,237.4456,73.1128,132.3685,2.6692,126.385,19.5777,13.0054,9.2453,3.1833,12.5466,6.0353,23.8574,111.0389,0.0,10.0
4083.0,236.9472,72.8008,132.2225,2.6689,125.7059,19.6181,13.3798,9.1636,3.2216,12.5758,5.9468,23.8565,111.1202,0.0,10.0
4083.1,236.5198,72.5824,132.1376,2.6693,124.2465,19.6912,13.6384,9.057,3.2566,12.5864,5.866,23.8769,111.1851,0.0,10.0
4083.2,236.3499,72.3855,132.1262,2.6726,123.0392,19.8452,13.7485,8.9001,3.2775,12.6025,5.8099,23.8994,111.2318,0.0,10.0
4083.3,236.524,72.2069,132.1791,2.6783,122.9273,20.0515,13.7172,9.0005,3.285,12.6557,5.7588,23.8717,111.2557,0.0,10.0
4083.4,237.0492,72.0719,132.4108,2.683,123.3866,20.2418,13.6073,9.1325,3.2781,12.7266,5.7277,23.9162,111.2504,0.0,10.0
4083.5,237.8371,71.9688,132.7213,2.6842,123.5843,20.3957,13.4535,9.1692,3.2558,12.8136,5.7169,23.8877,111.2133,0.0,10.0
4083.6,238.6842,71.8952,133.1046,2.6821,122.8264,20.5583,13.2782,9.2943,3.22,12.9387,5.7257,23.9126,111.1501,0.0,10.0
4083.7,239.4063,72.0056,133.4731,2.6798,121.4519,20.7589,13.1024,9.1557,3.1862,13.1244,5.7217,23.935,111.0739,0.0,10.0
4083.8,239.8444,72.1696,133.7799,2.6793,120.1608,20.9112,12.942,9.0502,3.1624,13.3493,5.6945,23.8885,111.001,0.0,10.0
4083.9,239.9308,72.3928,134.0178,2.6804,119.7091,20.8667,12.8151,8.9232,3.1473,13.6524,5.6341,23.9019,110.9434,0.0,10.0
4084.0,239.701,72.6143,134.0616,2.6813,120.1749,20.558,12.734,8.8073,3.1393,14.1009,5.5178,23.9392,110.9086,0.0,10.0
4084.1,239.2505,72.7713,134.0194,2.681,121.1919,20.0641,12.7051,8.7747,3.1443,14.6523,5.3464,23.9393,110.901,0.0,10.0
4084.2,238.7388,72.8402,133.875,2.6808,122.2151,19.5851,12.7277,8.6815,3.1662,15.1222,5.1609,23.9391,110.9215,0.0,10.0
4084.3,238.2771,72.8141,133.6129,2.6819,122.9046,19.2996,12.7822,8.7616,3.1987,15.3374,5.0231,23.9675,110.9673,0.0,10.0
4084.4,237.8873,72.7571,133.3103,2.684,123.2809,19.2489,12.8472,8.9816,3.2266,15.3357,4.9566,23.9367,111.0309,0.0,10.0
4084.5,237.5555,72.6666,132.9622,2.6848,123.3664,19.3567,12.9174,9.3564,3.2411,15.1611,4.9627,23.9504,111.1017,0.0,10.0
4084.6,237.2548,72.5925,132.5932,2.682,123.1655,19.4987,12.997,9.7793,3.2357,14.8374,5.0412,23.9778,111.1707,0.0,10.0
4084.7,236.9479,72.5015,132.2386,2.6763,122.7323,19.6115,13.0817,10.002,3.2163,14.4276,5.1578,23.9554,111.234,0.0,10.0
4084.8,236.5707,72.3698,131.9209,2.6702,121.9492,19.7128,13.1525,10.0065,3.1844,13.9945,5.2933,23.9679,111.2919,0.0,10.0
4084.9,236.1051,72.3097,131.6438,2.6665,120.7777,19.844,13.188,10.0653,3.135,13.5693,5.4612,23.9414,111.3476,0.0,10.0
4085.0,235.6238,72.278,131.387,2.6653,119.8563,20.0027,13.1954,10.1037,3.0777,13.1335,5.6563,23.9674,111.404,0.0,10.0
4085.1,235.2969,72.2746,131.1566,2.6659,119.5818,20.1321,13.1933,10.1804,3.022,12.7379,5.8497,23.9223,111.4614,0.0,10.0
4085.2,235.2807,72.2271,131.004,2.6683,119.8099,20.1524,13.1914,10.3459,2.9813,12.4444,5.9967,23.9597,111.517,0.0,10.0
4085.3,235.644,72.1489,130.9007,2.6717,120.01,20.0173,13.176,10.4362,2.9581,12.2486,6.0897,23.9211,111.5651,0.0,10.0
4085.4,236.3779,72.016,130.8774,2.6747,119.8244,19.7151,13.1291,10.5364,2.9535,12.0888,6.1427,23.9341,111.5986,0.0,10.0
4085.5,237.3131,71.9234,130.9033,2.6751,119.2634,19.2828,13.0463,10.542,2.9721,11.9386,6.1607,23.9575,111.6128,0.0,10.0
4085.6,238.1929,71.8843,130.9461,2.6728,118.8909,18.7981,12.9445,10.535,3.0083,11.7849,6.1632,23.958,111.6087,0.0,10.0
4085.7,238.7293,72.0096,130.9742,2.6696,119.0899,18.3224,12.836,10.5042,3.0553,11.655,6.15,23.9603,111.5933,0.0,10.0
4085.8,238.7427,72.2162,130.9619,2.6679,119.6349,17.935,12.723,10.4595,3.1113,11.5966,6.1054,23.9481,111.576,0.0,10.0
4085.9,238.3362,72.4494,130.9275,2.6691,120.068,17.7187,12.6107,10.3746,3.1788,11.627,6.0173,23.955,111.5624,0.0,10.0
4086.0,237.7457,72.5839,130.8848,2.6718,120.4875,17.7126,12.5172,10.2161,3.2529,11.71,5.9077,23.9614,111.5509,0.0,10.0
4086.1,237.2983,72.6215,130.9367,2.6747,121.0448,17.8853,12.4651,10.1318,3.3382,11.8027,5.7902,23.9321,111.5325,0.0,10.0
4086.2,237.2287,72.613,131.0672,2.6769,121.8027,18.1021,12.4619,9.9563,3.4216,11.875,5.6881,23.9656,111.4939,0.0,10.0
4086.3,237.6076,72.7666,131.3919,2.6784,122.91,18.1901,12.485,9.8718,3.5279,11.9818,5.5465,24.0169,111.4242,0.0,10.0
4086.4,238.3355,73.0971,131.811,2.6798,124.3135,18.0351,12.5,9.7654,3.6679,12.1625,5.3346,24.0208,111.3209,0.0,10.0
4086.5,239.0911,73.5681,132.3043,2.6815,125.879,17.6872,12.4646,9.587,3.7995,12.3836,5.1219,24.0054,111.1936,0.0,10.0
4086.6,239.6073,74.1185,132.8289,2.6837,127.532,17.3425,12.3577,9.5837,3.8926,12.5922,4.9777,24.009,111.0619,0.0,10.0
4086.7,239.668,74.5409,133.276,2.6859,129.2626,17.1668,12.1837,9.5483,3.922,12.7599,4.9477,23.9742,110.9479,0.0,10.0
4086.8,239.2919,74.8427,133.6503,2.6864,130.7886,17.2399,11.9914,9.6044,3.9114,12.9196,4.9996,23.9924,110.8701,0.0,10.0
4086.9,238.6167,74.8432,133.7017,2.6849,131.6844,17.4788,11.8686,9.5236,3.8725,13.0737,5.096,24.0032,110.8417,0.0,10.0
4087.0,237.8173,74.7022,133.6103,2.6824,131.8447,17.7547,11.8931,9.4695,3.815,13.196,5.2162,24.016,110.8681,0.0,10.0
4087.1,237.0456,74.4031,133.3598,2.6809,131.4022,17.9278,12.0974,9.3398,3.7608,13.2687,5.3231,24.0054,110.9437,0.0,10.0
4087.2,236.3649,74.0552,132.8756,2.6813,130.9531,17.9459,12.4059,9.2472,3.7159,13.3165,5.4,23.9724,111.0533,0.0,10.0
4087.3,235.7666,73.7137,132.3779,2.6829,130.8924,17.8064,12.7105,9.4611,3.6784,13.3792,5.4401,24.0145,111.177,0.0,10.0
4087.4,235.2012,73.3852,131.8807,2.6847,131.016,17.5221,12.9253,9.4863,3.6545,13.4981,5.4158,24.0125,111.299,0.0,10.0
4087.5,234.647,73.1659,131.5374,2.6868,130.8699,17.1793,13.0311,9.821,3.6513,13.6819,5.3185,24.0307,111.4082,0.0,10.0
4087.6,234.1557,72.9904,131.2837,2.689,130.3991,16.92,13.0664,9.8896,3.6712,13.9127,5.1639,24.0111,111.4965,0.0,10.0
4087.7,233.8605,72.8675,131.1507,2.6903,129.9236,16.8956,13.0715,9.8084,3.7029,14.1726,4.9808,23.9444,111.557,0.0,10.0
4087.8,233.8734,72.7587,131.1528,2.6884,129.7709,17.1316,13.0714,9.9541,3.7293,14.4288,4.8202,23.9918,111.5886,0.0,10.0
4087.9,234.2768,72.6182,131.2141,2.6839,129.8351,17.4568,13.0705,9.9559,3.7348,14.6409,4.7341,23.9523,111.6004,0.0,10.0
4088.0,235.0623,72.4056,131.3484,2.6796,130.0553,17.6179,13.0687,10.2393,3.7157,14.7922,4.7365,23.9323,111.6092,0.0,10.0
4088.1,236.0147,72.1857,131.4238,2.68,130.3227,17.4506,13.0655,10.321,3.6716,14.8102,4.8521,23.8975,111.6286,0.0,10.0
4088.2,236.89,71.9656,131.4361,2.6846,130.5996,17.0949,13.0616,10.2188,3.6167,14.6985,5.0316,23.9124,111.6631,0.0,10.0
4088.3,237.4029,71.7496,131.3215,2.6894,131.0653,16.7628,13.058,10.232,3.5558,14.4599,5.26,24.0055,111.7064,0.0,10.0
4088.4,237.3777,71.57,131.2241,2.689,131.6925,16.5842,13.0556,10.1186,3.4912,14.127,5.5205,23.9975,111.7506,0.0,10.0
4088.5,236.7684,71.3891,131.1086,2.6835,131.9906,16.4888,13.0551,10.1714,3.4154,13.6597,5.8352,23.9935,111.7955,0.0,10.0
4088.6,235.6647,71.1624,130.9119,2.6769,131.3177,16.4087,13.056,10.2416,3.3287,13.0587,6.2024,23.9665,111.8493,0.0,10.0
4088.7,234.3456,70.9051,130.6478,2.6736,129.3486,16.3666,13.0576,10.247,3.2457,12.4225,6.5507,23.9505,111.9216,0.0,10.0
4088.8,233.0947,70.6415,130.3365,2.6744,127.0704,16.4307,13.059,10.2807,3.191,11.995,6.7606,23.9508,112.0156,0.0,10.0
4088.9,232.1124,70.4078,129.9393,2.6767,125.7308,16.6013,13.06,10.3958,3.1707,11.8979,6.7867,23.9029,112.1245,0.0,10.0
4089.0,231.5014,70.2753,129.5036,2.6777,126.1278,16.7997,13.0601,10.4351,3.1671,12.0218,6.7014,23.9536,112.2351,0.0,10.0
4089.1,231.2227,70.2164,129.065,2.6771,127.5788,16.9341,13.0583,10.4696,3.1618,12.228,6.5961,23.9623,112.3336,0.0,10.0
4089.2,231.2146,70.2909,128.7402,2.6773,128.739,16.9918,13.0493,10.3144,3.1396,12.4302,6.5254,23.9929,112.4084,0.0,10.0
4089.3,231.3715,70.4558,128.5982,2.6801,128.828,17.0134,13.0219,10.0628,3.0976,12.6911,6.4737,23.9385,112.4523,0.0,10.0
4089.4,231.5546,70.6845,128.5806,2.6851,127.7708,17.0507,12.9655,10.0663,3.0371,12.9517,6.4539,23.9299,112.4636,0.0,10.0
4089.5,231.6764,70.9705,128.6344,2.689,126.3828,17.1081,12.8832,9.9079,2.9711,13.1102,6.4762,23.9864,112.4451,0.0,10.0
4089.6,231.6958,71.2374,128.7257,2.6893,125.2485,17.1612,12.7877,9.7347,2.9183,13.1113,6.5299,24.0201,112.4042,0.0,10.0
4089.7,231.6441,71.4858,128.846,2.686,124.7868,17.182,12.6988,9.6255,2.8906,13.0065,6.5649,23.964,112.3515,0.0,10.0
4089.8,231.562,71.6364,128.9488,2.6825,124.8076,17.1512,12.6305,9.5668,2.8857,12.9075,6.549,23.9952,112.2986,0.0,10.0
4089.9,231.488,71.7248,129.0175,2.6803,124.8998,17.0542,12.589,9.6545,2.901,12.8534,6.4712,24.0041,112.2543,0.0,10.0
4090.0,231.4493,71.7535,129.0538,2.6787,124.7429,16.921,12.574,9.9535,2.9365,12.8252,6.3428,24.0029,112.2225,0.0,10.0
4090.1,231.4501,71.6996,129.0649,2.6758,124.4737,16.8571,12.5735,10.0236,2.9907,12.754,6.1915,24.0281,112.203,0.0,10.0
4090.2,231.4781,71.6409,129.0728,2.6718,124.4951,16.9639,12.5787,10.1292,3.0623,12.6021,6.03,24.035,112.1958,0.0,10.0
4090.3,231.5149,71.5778,129.0773,2.6695,124.914,17.3172,12.5856,10.0692,3.1523,12.3946,5.8596,24.0116,112.2018,0.0,10.0
4090.4,231.5502,71.5354,129.0572,2.6717,125.1956,17.7979,12.5899,10.0787,3.2424,12.1721,5.7177,23.9789,112.2197,0.0,10.0
4090.5,231.5935,71.5081,129.048,2.6776,124.9964,18.2406,12.5833,10.1061,3.3177,12.001,5.6258,24.0146,112.2414,0.0,10.0
4090.6,231.7018,71.5001,129.0562,2.6838,124.3916,18.497,12.5575,9.7893,3.3706,11.8574,5.6074,24.034,112.253,0.0,10.0
4090.7,231.9771,71.5314,129.1696,2.6863,124.1073,18.5908,12.5105,9.5849,3.4038,11.7262,5.6443,24.0226,112.2405,0.0,10.0
4090.8,232.5311,71.5815,129.3545,2.6844,124.4959,18.624,12.4436,9.289,3.4236,11.5712,5.7261,24.0176,112.1954,0.0,10.0
4090.9,233.3963,71.6555,129.6406,2.68,125.4063,18.6418,12.353,9.1395,3.4296,11.4452,5.8173,24.0322,112.1187,0.0,10.0
4091.0,234.4213,71.7523,130.0526,2.6763,126.1644,18.6056,12.234,9.1529,3.4241,11.4207,5.884,24.017,112.0186,0.0,10.0
4091.1,235.4352,71.8621,130.5067,2.6747,126.3326,18.4906,12.0949,9.2164,3.408,11.5171,5.9084,24.022,111.9063,0.0,10.0
4091.2,236.2669,71.9907,131.0007,2.6749,125.9734,18.3081,11.9566,9.4432,3.3851,11.6932,5.9051,24.0082,111.7933,0.0,10.0
4091.3,236.8455,72.1308,131.4455,2.6762,125.2444,18.0855,11.8434,9.6013,3.3629,11.87,5.8926,24.0125,111.6887,0.0,10.0
4091.4,237.1249,72.2835,131.8499,2.6783,124.4004,17.865,11.7538,9.7337,3.3488,12.0027,5.8765,24.0423,111.5963,0.0,10.0
4091.5,237.0753,72.4623,132.1798,2.6819,123.5876,17.6989,11.6701,9.7204,3.3441,12.0974,5.857,24.0249,111.5168,0.0,10.0
4091.6,236.8038,72.6907,132.4466,2.6863,123.2482,17.6753,11.579,9.6531,3.3433,12.1889,5.8452,24.0351,111.4466,0.0,10.0
4091.7,236.4947,72.9401,132.6771,2.6897,123.8061,17.8157,11.4894,9.5894,3.3399,12.2907,5.8684,24.0336,111.3784,0.0,10.0
4091.8,236.3389,73.2043,132.856,2.6912,125.1888,18.0866,11.4181,9.5343,3.3323,12.3998,5.9271,24.0389,111.3046,0.0,10.0
4091.9,236.4,73.4449,133.1113,2.691,126.8951,18.3502,11.3727,9.4931,3.3257,12.5265,5.9875,23.9902,111.2179,0.0,10.0
4092.0,236.594,73.663,133.4494,2.691,128.1797,18.4655,11.3414,9.4628,3.324,12.684,6.0187,23.9929,111.1119,0.0,10.0
4092.1,236.8235,73.8231,134.0218,2.6919,128.7864,18.4151,11.3067,9.435,3.3265,12.8775,6.0189,23.9989,110.9829,0.0,10.0
4092.2,237.0406,73.9235,134.7226,2.6922,128.8802,18.2958,11.2552,9.3982,3.3334,13.0659,6.0083,24.007,110.8316,0.0,10.0
4092.3,237.252,73.9904,135.489,2.6896,128.9282,18.2541,11.181,9.3422,3.3473,13.1915,6.002,24.0162,110.6648,0.0,10.0
4092.4,237.466,74.0462,136.2358,2.6839,129.1823,18.3431,11.0833,9.2629,3.3741,13.2434,5.991,24.0148,110.4989,0.0,10.0
4092.5,237.6999,74.137,136.8296,2.6773,129.6401,18.5045,10.9618,9.1605,3.4225,13.2565,5.9481,24.0187,110.3544,0.0,10.0
4092.6,238.0101,74.2512,137.2882,2.6731,130.2653,18.6208,10.822,9.0424,3.4814,13.3121,5.8543,24.0059,110.2495,0.0,10.0
4092.7,238.47,74.3704,137.3463,2.6726,130.9667,18.6504,10.6762,8.922,3.5362,13.4186,5.7338,23.9719,110.1942,0.0,10.0
4092.8,239.0795,74.4431,137.2495,2.6743,131.5258,18.6241,10.5371,8.8122,3.5746,13.5385,5.6233,23.9952,110.1881,0.0,10.0
4092.9,239.6754,74.474,137.0238,2.6745,131.7734,18.5796,10.4215,8.7265,3.6011,13.6086,5.5402,23.9777,110.2265,0.0,10.0
4093.0,240.0494,74.3624,136.6424,2.6714,131.8515,18.5006,10.3424,8.6716,3.6199,13.6463,5.481,23.9957,110.3065,0.0,10.0
4093.1,240.0378,74.1808,136.141,2.6669,131.9179,18.3359,10.3126,8.6553,3.627,13.6965,5.4391,23.9842,110.4292,0.0,10.0
4093.2,239.6645,73.9311,135.5231,2.6658,131.8952,18.0686,10.3408,8.6834,3.6215,13.7729,5.4128,23.9392,110.5965,0.0,10.0
4093.3,239.0358,73.6447,134.7026,2.6707,131.6077,17.7977,10.4168,8.7502,3.6106,13.8464,5.3985,23.9316,110.8026,0.0,10.0
4093.4,238.2612,73.384,133.848,2.6797,131.0777,17.4575,10.5315,8.8517,3.6012,13.8821,5.3931,23.943,111.029,0.0,10.0
4093.5,237.4492,73.1544,132.9575,2.6871,130.4082,17.129,10.6793,8.9849,3.5925,13.877,5.4046,23.9528,111.2486,0.0,10.0
4093.6,236.6859,72.9843,132.1617,2.6885,129.6642,17.0155,10.8553,9.1422,3.5729,13.8822,5.44,23.9076,111.4337,0.0,10.0
4093.7,236.0293,72.8384,131.4919,2.6838,128.9667,17.0818,11.0574,9.3168,3.5379,13.9556,5.4857,23.9401,111.5693,0.0,10.0
4093.8,235.4588,72.7213,130.9929,2.6762,128.4734,17.2531,11.2789,9.5012,3.4765,14.1427,5.5434,23.9301,111.6597,0.0,10.0
4093.9,234.8639,72.6243,130.7251,2.6701,128.3401,17.4168,11.5039,9.6841,3.391,14.3943,5.6205,23.9211,111.7217,0.0,10.0
4094.0,234.142,72.5272,130.5247,2.6674,128.647,17.4905,11.714,9.8516,3.284,14.62,5.75,23.9092,111.7746,0.0,10.0
4094.1,233.2701,72.4255,130.3911,2.6681,129.1884,17.4553,11.8878,9.986,3.1632,14.7505,5.9445,23.8814,111.8297,0.0,10.0
4094.2,232.3712,72.3161,130.2377,2.6708,129.5033,17.3684,12.0012,10.0701,3.0406,14.7689,6.1839,23.8788,111.8891,0.0,10.0
4094.3,231.6068,72.2161,130.0628,2.673,129.3392,17.3142,12.0449,10.1001,2.9195,14.7128,6.4392,23.879,111.9501,0.0,10.0
4094.4,231.1161,72.1393,129.8498,2.6735,128.9617,17.3539,12.0221,10.08,2.8152,14.5908,6.6744,23.8243,112.0104,0.0,10.0
4094.5,230.9027,72.0539,129.6044,2.6714,128.7621,17.5015,11.9565,10.0296,2.7409,14.3653,6.8807,23.7862,112.0688,0.0,10.0
4094.6,230.9302,71.9617,129.3469,2.6682,128.6659,17.6925,11.8926,9.9851,2.718,14.0564,7.0068,23.7068,112.1258,0.0,10.0
4094.7,231.1378,71.8564,129.079,2.6655,128.3666,17.8171,11.8684,9.9762,2.7683,13.7111,6.989,23.7338,112.1811,0.0,10.0
4094.8,231.3929,71.7947,128.834,2.6644,127.55,17.716,11.9116,10.0229,2.8845,13.4553,6.8015,23.7978,112.2317,0.0,10.0
4094.9,231.5233,71.7847,128.6084,2.6644,126.493,17.3452,12.0161,10.1186,3.0239,13.3782,6.5164,23.8105,112.273,0.0,10.0
4095.0,231.355,71.9062,128.4242,2.6642,125.682,16.7955,12.1624,10.2463,3.1482,13.4876,6.2203,23.8104,112.2994,0.0,10.0
4095.1,230.8355,72.084,128.2717,2.6626,125.7501,16.285,12.3221,10.3842,3.2627,13.7671,5.9175,23.7923,112.309,0.0,10.0
4095.2,230.0544,72.2662,128.1469,2.6593,126.6788,16.0088,12.4663,10.5106,3.3769,14.1355,5.6142,23.7948,112.3072,0.0,10.0
4095.3,229.1614,72.3498,128.0901,2.6551,127.9483,15.9922,12.5807,10.6119,3.4695,14.469,5.3797,23.796,112.3056,0.0,10.0
4095.4,228.3305,72.263,128.0435,2.6512,129.0416,16.0837,12.6597,10.6784,3.5281,14.6932,5.249,23.7967,112.3182,0.0,10.0
4095.5,227.6828,72.0736,127.9962,2.6496,129.6265,16.0693,12.7032,10.7099,3.5462,14.7482,5.2412,23.7988,112.3564,0.0,10.0
4095.6,227.2669,71.815,127.9045,2.6518,129.9523,15.8546,12.7166,10.7171,3.5399,14.7021,5.3005,23.7474,112.4237,0.0,10.0
4095.7,227.0589,71.5876,127.8016,2.6584,130.4051,15.4978,12.7148,10.7158,3.5139,14.5768,5.4085,23.761,112.516,0.0,10.0
4095.8,226.9435,71.3853,127.6875,2.6685,131.0354,15.1619,12.7267,10.7169,3.4649,14.37,5.5604,23.7605,112.6247,0.0,10.0
4095.9,226.8022,71.236,127.5267,2.6783,131.2696,14.9987,12.777,10.7207,3.4093,14.1397,5.7041,23.7626,112.7391,0.0,10.0
4096.0,226.5156,71.0893,127.3207,2.6847,130.6008,15.0774,12.8712,10.791,3.3527,13.9086,5.8248,23.7354,112.8504,0.0,10.0
4096.1,226.0457,70.9425,127.0739,2.6847,129.1292,15.351,12.9909,10.9679,3.2925,13.7188,5.9208,23.7426,112.9536,0.0,10.0
4096.2,225.439,70.7164,126.6879,2.6811,127.7307,15.6548,13.1045,11.0663,3.2307,13.5929,5.98,23.7244,113.0455,0.0,10.0
4096.3,224.8395,70.5134,126.3007,2.6764,127.1087,15.8277,13.1988,11.1419,3.1599,13.5339,6.0099,23.7319,113.1222,0.0,10.0
4096.4,224.4378,70.3332,125.9123,2.6722,127.4531,15.8215,13.2791,11.2026,3.0892,13.5628,5.9838,23.6852,113.1766,0.0,10.0
4096.5,224.3564,70.2376,125.7581,2.6682,127.9066,15.7624,13.3608,11.266,3.0319,13.6307,5.9122,23.6804,113.1997,0.0,10.0
4096.6,224.6272,70.1714,125.751,2.6635,127.9308,15.8017,13.4501,11.3395,2.9921,13.6758,5.8114,23.6856,113.1879,0.0,10.0
4096.7,225.1688,70.1381,125.9136,2.6586,127.6051,15.9646,13.5406,11.4198,2.9809,13.6802,5.6626,23.6776,113.1476,0.0,10.0
4096.8,225.866,70.0788,126.2113,2.6557,127.4725,16.1489,13.6182,11.4945,2.9879,13.6398,5.4955,23.653,113.0927,0.0,10.0
4096.9,226.6031,70.061,126.5243,2.656,127.8765,16.2652,13.663,11.5435,3.0145,13.5872,5.2976,23.6447,113.0353,0.0,10.0
4097.0,227.2516,70.1067,126.8451,2.659,128.6781,16.3226,13.6501,11.5404,3.0587,13.5055,5.1031,23.5944,112.9783,0.0,10.0
4097.1,227.7271,70.2931,127.1309,2.6632,129.0988,16.3731,13.568,11.4729,3.1161,13.3438,4.958,23.5683,112.9168,0.0,10.0
4097.2,227.9973,70.5516,127.4221,2.6674,128.7769,16.4244,13.4353,11.3573,3.1837,13.1258,4.8614,23.5165,112.8438,0.0,10.0
4097.3,228.089,70.9054,127.731,2.6712,127.9357,16.4248,13.2879,11.2251,3.2541,12.8742,4.8177,23.556,112.7565,0.0,10.0
4097.4,228.0891,71.216,128.0616,2.673,127.3753,16.337,13.1614,11.1083,3.3275,12.6639,4.7753,23.543,112.6577,0.0,10.0
4097.5,228.0782,71.4867,128.3762,2.672,127.6907,16.1954,13.0647,11.0185,3.4116,12.522,4.7179,23.5268,112.5541,0.0,10.0
4097.6,228.147,71.6881,128.6463,2.6687,128.889,16.0648,12.9878,10.9533,3.5044,12.4612,4.6289,23.5025,112.4555,0.0,10.0
4097.7,228.3463,71.7431,128.869,2.6653,130.348,15.9869,12.9169,10.906,3.6017,12.5432,4.4697,23.4983,112.3707,0.0,10.0
4097.8,228.6843,71.7504,129.0785,2.6639,131.1822,15.9796,12.8459,10.8688,3.6915,12.7253,4.2616,23.4403,112.3007,0.0,10.0
4097.9,229.142,71.7351,129.2864,2.6647,131.2487,16.0628,12.7784,10.8359,3.7712,12.9854,4.0178,23.4617,112.2398,0.0,10.0
4098.0,229.6709,71.7481,129.5646,2.6665,130.8243,16.2517,12.7195,10.8021,3.8298,13.2731,3.7927,23.4358,112.1771,0.0,10.0
4098.1,230.2229,71.7947,129.8893,2.6679,130.3424,16.5002,12.6701,10.7691,3.8591,13.5585,3.6109,23.41,112.1016,0.0,10.0
4098.2,230.7385,71.9278,130.2929,2.6686,129.9537,16.7317,12.626,10.739,3.8646,13.8271,3.4658,23.4304,112.0077,0.0,10.0
4098.3,231.1523,72.1847,130.7194,2.6686,129.5515,16.9351,12.5745,10.7035,3.8528,14.017,3.3707,23.3887,111.8971,0.0,10.0
4098.4,231.416,72.5088,131.1427,2.6679,128.9749,17.1697,12.495,10.6466,3.8279,14.0825,3.3488,23.3032,111.7792,0.0,10.0
4098.5,231.4849,72.8917,131.4995,2.6667,128.0981,17.4781,12.3722,10.5624,3.7884,14.0302,3.4142,23.2683,111.6707,0.0,10.0
4098.6,231.3256,73.1362,131.7478,2.6652,127.0587,17.7935,12.2084,10.4686,3.7332,13.8913,3.5575,23.1849,111.5904,0.0,10.0
4098.7,230.9247,73.2689,131.9098,2.6642,126.2364,17.9787,12.0306,10.4041,3.6692,13.7454,3.7359,23.1336,111.5537,0.0,10.0
4098.8,230.2532,73.1432,131.8794,2.6649,125.9788,17.9673,11.8691,10.4003,3.6077,13.6223,3.904,23.205,111.569,0.0,10.0
4098.9,229.3306,72.9217,131.7562,2.6689,126.5249,17.8285,11.737,10.4645,3.5565,13.5407,4.0365,23.2258,111.6344,0.0,10.0
4099.0,228.2916,72.6372,131.5649,2.6768,127.3621,17.6997,11.6253,10.5734,3.5143,13.5742,4.1088,23.2157,111.7367,0.0,10.0
4099.1,227.3375,72.3823,131.3051,2.6865,127.6896,17.6808,11.5127,10.69,3.4702,13.7568,4.1327,23.218,111.8535,0.0,10.0
4099.2,226.7264,72.1966,131.0682,2.695,127.2805,17.7675,11.3894,10.7911,3.4229,14.0442,4.1333,23.2118,111.9601,0.0,10.0
4099.3,226.5877,72.0698,130.8527,2.6983,126.4874,17.8953,11.2638,10.8706,3.3778,14.3959,4.1146,23.1994,112.0367,0.0,10.0
4099.4,226.9199,72.0069,130.7425,2.6965,125.7968,18.0018,11.1579,10.9437,3.3403,14.7335,4.0913,23.1638,112.0739,0.0,10.0
4099.5,227.5877,71.9557,130.6976,2.6912,125.232,18.0791,11.0926,11.0262,3.3084,15.0628,4.0634,23.1445,112.0724,0.0,10.0
4099.6,228.3583,71.9162,130.7178,2.6852,124.9217,18.1509,11.0791,11.1274,3.2801,15.3585,4.0493,23.0848,112.0384,0.0,10.0
4099.7,229.0635,71.971,130.8821,2.6807,125.1494,18.2133,11.1072,11.2443,3.2672,15.5935,4.0472,23.0426,111.9806,0.0,10.0
4099.8,229.6117,72.0937,131.1065,2.6786,126.1024,18.2024,11.1555,11.3639,3.2717,15.752,4.0507,22.975,111.9077,0.0,10.0
4099.9,229.9992,72.2961,131.3996,2.6788,127.6336,18.0322,11.1887,11.4578,3.2975,15.8118,4.0355,22.9849,111.8297,0.0,10.0
4100.0,230.3121,72.5383,131.7489,2.6812,128.8928,17.6844,11.1687,11.4906,3.3339,15.8014,3.9916,23.0045,111.7569,0.0,10.0
4100.1,230.6641,72.7757,132.113,2.686,129.3306,17.279,11.0733,11.438,3.3798,15.7251,3.9191,23.0009,111.6962,0.0,10.0
4100.2,231.1438,73.0013,132.4926,2.6933,128.869,16.9835,10.9019,11.2993,3.433,15.5643,3.8464,23.0169,111.6468,0.0,10.0
4100.3,231.745,73.1616,132.8427,2.7013,128.0499,16.9311,10.6878,11.1137,3.4781,15.2896,3.8263,22.9893,111.6027,0.0,10.0
4100.4,232.3932,73.2869,133.1604,2.7078,127.519,17.1171,10.4803,10.9371,3.5038,14.9211,3.8888,22.8163,111.556,0.0,10.0
4100.5,232.9996,73.3649,133.4268,2.7108,127.5139,17.4204,10.3176,10.8091,3.5037,14.4956,4.0395,22.8782,111.5029,0.0,10.0
4100.6,233.5288,73.4492,133.6478,2.7102,127.906,17.6824,10.2104,10.736,3.4844,14.0271,4.2584,22.8767,111.4432,0.0,10.0
4100.7,234.0165,73.5488,133.8537,2.7083,128.2591,17.7965,10.1377,10.6905,3.4556,13.5419,4.5141,22.8609,111.3778,0.0,10.0
4100.8,234.5299,73.6801,134.0463,2.7063,128.455,17.7889,10.0762,10.6463,3.4209,13.0418,4.7929,22.8836,111.3077,0.0,10.0
4100.9,235.0844,73.8168,134.2148,2.7033,128.7273,17.7384,10.0087,10.5878,3.3746,12.5243,5.1112,22.8648,111.2356,0.0,10.0
4101.0,235.5831,73.946,134.3575,2.6982,129.1796,17.6962,9.9342,10.5206,3.3172,12.0495,5.4404,22.8624,111.1665,0.0,10.0
4101.1,235.8411,74.0497,134.4463,2.6915,129.7635,17.6535,9.8649,10.4625,3.2564,11.6506,5.7499,22.8639,111.1091,0.0,10.0
4101.2,235.7606,74.0816,134.4446,2.6857,130.157,17.6085,9.8176,10.4341,3.2059,11.4025,5.9717,22.8276,111.0723,0.0,10.0
4101.3,235.4578,74.0664,134.3865,2.6824,130.1749,17.5926,9.8021,10.4427,3.1699,11.305,6.0844,22.8222,111.0608,0.0,10.0
4101.4,235.2302,73.9719,134.2386,2.6812,129.9856,17.6198,9.8206,10.486,3.143,11.3525,6.1007,22.7386,111.073,0.0,10.0
4101.5,235.3528,73.8428,134.0695,2.6804,129.9999,17.6457,9.8661,10.5535,3.1242,11.5349,6.0324,22.7591,111.1014,0.0,10.0
4101.6,235.8499,73.6999,133.9016,2.679,130.1711,17.6018,9.9222,10.6284,3.1148,11.8133,5.9033,22.8053,111.1338,0.0,10.0
4101.7,236.5615,73.5682,133.7879,2.6779,130.1259,17.513,9.978,10.7015,3.1115,12.1201,5.7537,22.8046,111.1568,0.0,10.0
4101.8,237.2285,73.5036,133.7809,2.6779,129.7756,17.512,10.0315,10.7718,3.1178,12.4411,5.579,22.7926,111.1577,0.0,10.0
4101.9,237.6073,73.4964,133.8631,2.6781,129.3698,17.7354,10.0802,10.8343,3.1374,12.7631,5.3824,22.8078,111.1272,0.0,10.0
4102.0,237.4738,73.6371,134.1683,2.6773,129.0499,18.1477,10.1111,10.8709,3.1685,13.1077,5.1618,22.8157,111.0622,0.0,10.0
4102.1,236.7291,73.8506,134.5955,2.6757,128.9187,18.5665,10.103,10.8581,3.2072,13.4529,4.9405,22.7778,110.9682,0.0,10.0
4102.2,235.5888,74.1137,135.1097,2.6755,128.8812,18.8122,10.0465,10.7913,3.2522,13.7416,4.7486,22.7471,110.8585,0.0,10.0
4102.3,234.4176,74.3667,135.6647,2.6776,128.8691,18.8581,9.957,10.6947,3.3042,13.9034,4.6051,22.7295,110.7513,0.0,10.0
4102.4,233.638,74.5371,136.1518,2.6814,129.1153,18.8376,9.8565,10.5928,3.3649,13.8953,4.5257,22.7142,110.6631,0.0,10.0
4102.5,233.3972,74.6348,136.5778,2.6854,129.9995,18.8422,9.7654,10.5015,3.4196,13.7156,4.5272,22.7071,110.6031,0.0,10.0
4102.6,233.5826,74.5707,136.8035,2.6889,131.2668,18.8474,9.6922,10.4241,3.4618,13.4741,4.5704,22.6915,110.5738,0.0,10.0
4102.7,233.9572,74.4834,136.9344,2.6924,132.3314,18.7692,9.6391,10.3649,3.4853,13.1905,4.6493,22.688,110.5717,0.0,10.0
4102.8,234.3064,74.3724,136.9691,2.6957,132.5298,18.6103,9.6053,10.3289,3.4888,12.7855,4.7861,22.7094,110.5888,0.0,10.0
4102.9,234.5408,74.2699,136.8732,2.6976,131.8012,18.4969,9.5839,10.3118,3.4808,12.2252,4.9838,22.6868,110.6149,0.0,10.0
4103.0,234.6348,74.2003,136.756,2.6974,130.5879,18.5491,9.5664,10.3029,3.4648,11.6196,5.2076,22.6231,110.6407,0.0,10.0
4103.1,234.5996,74.1709,136.6173,2.6958,129.5234,18.7584,9.5479,10.2909,3.4459,11.166,5.3919,22.6506,110.6608,0.0,10.0
4103.2,234.4502,74.2302,136.572,2.6949,128.9334,18.9907,9.5304,10.2731,3.4231,10.9443,5.5148,22.5972,110.6748,0.0,10.0
4103.3,234.1909,74.2986,136.5658,2.6961,128.8021,19.0907,9.5207,10.256,3.3922,10.8723,5.6113,22.6204,110.6858,0.0,10.0
4103.4,233.8471,74.3697,136.6065,2.6992,128.9174,19.0157,9.5256,10.2454,3.3487,10.8912,5.7216,22.6371,110.6975,0.0,10.0
4103.5,233.4631,74.347,136.6121,2.702,129.1225,18.8042,9.5465,10.2459,3.2997,10.9713,5.8403,22.5952,110.7135,0.0,10.0
4103.6,233.0799,74.2706,136.565,2.7025,129.4549,18.5315,9.5775,10.2574,3.2515,11.1227,5.9465,22.618,110.7377,0.0,10.0
4103.7,232.7543,74.1201,136.4302,2.7004,129.9459,18.2115,9.5826,10.2422,3.2053,11.3446,6.03,22.606,110.7748,0.0,10.0
4103.8,232.5457,73.8891,136.1911,2.6975,130.4824,17.8384,9.461,10.0881,3.1687,11.6514,6.0569,22.6245,110.8272,0.0,10.0
4103.9,232.523,73.6368,135.9385,2.6967,130.8154,17.4819,9.0918,9.6683,3.1482,12.0389,6.0125,22.5448,110.8927,0.0,10.0
4104.0,232.7166,73.3738,135.7043,2.6984,130.7187,17.2651,8.434,8.9531,3.1551,12.5154,5.8583,22.5981,110.9625,0.0,10.0
4104.1,233.0597,73.2105,135.5491,2.7008,129.9081,17.2947,7.6462,8.1254,3.1901,13.1298,5.5747,22.5807,111.0261,0.0,10.0
4104.2,233.4596,73.1122,135.402,2.7008,128.6511,17.581,7.0471,7.5213,3.2379,13.7953,5.2261,22.5437,111.0797,0.0,10.0
4104.3,233.8337,73.1214,135.2141,2.6973,127.5099,17.9299,6.8682,7.3718,3.2863,14.3743,4.887,22.5047,111.129,0.0,10.0
4104.4,234.1466,73.1773,134.8543,2.6924,127.0392,18.1437,7.14,7.6892,3.3281,14.7659,4.6119,22.5008,111.1856,0.0,10.0
4104.5,234.4082,73.2633,134.3924,2.6893,127.1609,18.0481,7.6576,8.2477,3.3671,15.0237,4.381,22.4745,111.2591,0.0,10.0
4104.6,234.6289,73.3983,133.7808,2.6892,127.5215,17.7226,8.232,8.8489,3.3992,15.1923,4.1959,22.4455,111.3494,0.0,10.0
4104.7,234.8015,73.5292,133.159,2.6907,127.5196,17.294,8.7473,9.3738,3.4141,15.262,4.0947,22.4185,111.4466,0.0,10.0
4104.8,234.8781,73.6471,132.5693,2.6912,126.9513,16.9316,9.1508,9.772,3.4085,15.1969,4.1016,22.3944,111.5361,0.0,10.0
4104.9,234.7688,73.706,132.1731,2.6893,126.2351,16.7447,9.4186,10.0247,3.3922,15.0219,4.1943,22.4101,111.6043,0.0,10.0
4105.0,234.408,73.7093,131.9596,2.6852,125.9059,16.7493,9.5546,10.1439,3.3763,14.7069,4.3597,22.3875,111.6459,0.0,10.0
4105.1,233.8237,73.6602,131.8676,2.6803,126.2931,16.9032,9.6322,10.2114,3.3634,14.2839,4.5789,22.4003,111.6661,0.0,10.0
4105.2,233.105,73.4473,131.909,2.6757,127.1826,17.0872,9.7583,10.3367,3.3478,13.8119,4.8457,22.3197,111.6767,0.0,10.0
4105.3,232.4073,73.1477,131.9403,2.6724,128.1053,17.2018,9.9899,10.574,3.3256,13.352,5.1439,22.3843,111.6885,0.0,10.0
4105.4,231.8932,72.7923,131.9646,2.6705,128.4247,17.1962,10.2979,10.8904,3.2974,12.9316,5.4619,22.3732,111.7064,0.0,10.0
4105.5,231.6653,72.5157,131.9895,2.6695,128.2131,17.0983,10.5957,11.1963,3.2762,12.5618,5.7501,22.3713,111.7292,0.0,10.0
4105.6,231.7309,72.3277,132.0259,2.6699,127.9472,17.0022,10.8088,11.4142,3.2679,12.253,5.9829,22.3844,111.7533,0.0,10.0
4105.7,231.9845,72.2172,132.0733,2.673,128.008,17.0186,10.9051,11.5093,3.275,12.057,6.1378,22.37,111.7757,0.0,10.0
4105.8,232.3403,72.2144,132.2004,2.6795,128.2339,17.2512,10.9236,11.5221,3.29,11.9662,6.2292,22.3796,111.7914,0.0,10.0
4105.9,232.7445,72.2281,132.3855,2.6886,128.418,17.6298,10.9144,11.5089,3.3156,12.0002,6.2431,22.3688,111.7935,0.0,10.0
4106.0,233.1864,72.2588,132.6307,2.6965,128.5984,18.0091,10.915,11.5144,3.3707,12.1712,6.1398,22.3496,111.7732,0.0,10.0
4106.1,233.6985,72.2882,132.8873,2.6986,129.0848,18.2139,10.9359,11.5501,3.4552,12.4209,5.9364,22.3659,111.7251,0.0,10.0
4106.2,234.3183,72.321,133.1425,2.6936,129.8542,18.2249,10.9719,11.602,3.5572,12.6656,5.6794,22.3638,111.6516,0.0,10.0
4106.3,235.0311,72.358,133.3953,2.6837,130.3871,18.0611,11.0096,11.6469,3.6553,12.8081,5.4331,22.3696,111.5648,0.0,10.0
4106.4,235.7464,72.3959,133.6073,2.6741,130.216,17.7135,11.0359,11.6695,3.732,12.8761,5.2367,22.3215,111.4825,0.0,10.0
4106.5,236.3328,72.4123,133.7913,2.6688,129.4161,17.2301,11.0449,11.6712,3.7861,12.9161,5.0923,22.2907,111.4211,0.0,10.0
4106.6,236.6853,72.3956,133.9378,2.6689,128.4155,16.7209,11.0363,11.6584,3.818,12.9241,5.0079,22.3013,111.3882,0.0,10.0
4106.7,236.7907,72.3367,134.0278,2.6728,127.9315,16.373,11.0163,11.6377,3.8336,12.8932,4.9766,22.2937,111.382,0.0,10.0
4106.8,236.6837,72.2783,134.0777,2.6772,128.285,16.3149,11.0005,11.6222,3.8335,12.8607,4.9876,22.2927,111.3962,0.0,10.0
4106.9,236.4497,72.2329,134.0677,2.6801,129.2499,16.4908,11.0175,11.6414,3.8202,12.8705,5.0271,22.3146,111.4255,0.0,10.0
4107.0,236.1916,72.2173,133.9358,2.6816,130.2434,16.7417,11.0969,11.7263,3.8032,12.91,5.0794,22.2727,111.4684,0.0,10.0
4107.1,235.9673,72.2157,133.7502,2.6834,130.7609,16.9218,11.2421,11.8802,3.7892,12.9435,5.1313,22.2765,111.5241,0.0,10.0
4107.2,235.7974,72.2323,133.5001,2.687,130.6148,17.0154,11.4266,12.0749,3.7769,12.9407,5.1878,22.2307,111.5895,0.0,10.0
4107.3,235.6564,72.2267,133.2643,2.6916,130.1351,17.0689,11.5942,12.2516,3.7537,12.8676,5.2733,22.2112,111.6565,0.0,10.0
4107.4,235.511,72.2117,133.0637,2.6955,129.9037,17.1344,11.6894,12.3516,3.7178,12.7059,5.4019,22.2145,111.7122,0.0,10.0
4107.5,235.3497,72.1882,132.9553,2.6978,129.8924,17.2385,11.6753,12.3357,3.6692,12.4393,5.5802,22.2606,111.7412,0.0,10.0
4107.6,235.2111,72.1836,133.0262,2.698,129.7456,17.4067,11.5495,12.2024,3.6116,12.0546,5.8008,22.2456,111.7306,0.0,10.0
4107.7,235.1722,72.2,133.2254,2.6961,129.4324,17.7074,11.3663,12.0108,3.559,11.6863,5.9963,22.267,111.6738,0.0,10.0
4107.8,235.3188,72.2713,133.6639,2.692,128.968,18.1593,11.2067,11.8465,3.507,11.4027,6.1555,22.2842,111.5739,0.0,10.0
4107.9,235.6897,72.3715,134.2013,2.6859,128.2607,18.7028,11.147,11.7892,3.4541,11.239,6.2808,22.2292,111.4444,0.0,10.0
4108.0,236.2593,72.492,134.7773,2.6798,127.4952,19.1506,11.2038,11.8546,3.3901,11.1727,6.4124,22.2058,111.3063,0.0,10.0
4108.1,236.9576,72.6475,135.3109,2.6765,127.0992,19.3265,11.3196,11.9803,3.3195,11.2229,6.5386,22.2345,111.1836,0.0,10.0
4108.2,237.6674,72.8243,135.7213,2.6787,127.4501,19.2022,11.3953,12.0607,3.2596,11.456,6.6028,22.2071,111.0948,0.0,10.0
4108.3,238.2656,73.0116,136.0326,2.6861,128.3511,18.8762,11.3548,12.0143,3.2127,11.8159,6.6091,22.2133,111.0473,0.0,10.0
4108.4,238.6309,73.1832,136.1182,2.6952,129.1275,18.5144,11.2009,11.8417,3.1741,12.1501,6.6099,22.2013,111.0369,0.0,10.0
4108.5,238.6876,73.2952,136.1111,2.7026,129.3332,18.2139,10.9909,11.6041,3.1333,12.3997,6.6478,22.1931,111.0533,0.0,10.0
4108.6,238.4641,73.3565,136.0311,2.7055,129.1868,17.9759,10.8043,11.392,3.0958,12.502,6.7253,22.1786,111.0871,0.0,10.0
4108.7,238.0079,73.2863,135.8467,2.7048,129.2683,17.753,10.6948,11.2667,3.0756,12.5025,6.7866,22.1675,111.134,0.0,10.0
4108.8,237.3961,73.1255,135.5772,2.7013,129.6561,17.5262,10.6766,11.2426,3.083,12.4114,6.7952,22.2025,111.1935,0.0,10.0
4108.9,236.7112,72.8855,135.2335,2.6964,129.9612,17.3145,10.7279,11.2955,3.1298,12.2433,6.7182,22.1935,111.2666,0.0,10.0
4109.0,235.9942,72.6052,134.8296,2.6919,129.7021,17.169,10.8086,11.3832,3.2018,12.0552,6.5785,22.1935,111.352,0.0,10.0
4109.1,235.2883,72.3587,134.4338,2.6893,128.8812,17.1435,10.8962,11.4823,3.2851,11.8279,6.4118,22.1321,111.4449,0.0,10.0
4109.2,234.6501,72.1479,134.0464,2.6898,128.1306,17.2714,10.9767,11.5755,3.3544,11.5563,6.2869,22.1371,111.5386,0.0,10.0
4109.3,234.1552,72.0967,133.7245,2.6922,127.9799,17.5323,11.0424,11.6479,3.3994,11.2918,6.2218,22.1651,111.6247,0.0,10.0
4109.4,233.8936,72.1078,133.4327,2.6942,128.1636,17.8117,11.0849,11.6856,3.4133,11.0588,6.2308,22.1627,111.6969,0.0,10.0
4109.5,233.9046,72.1906,133.1761,2.6938,128.0117,17.9984,11.0904,11.673,3.3994,10.8756,6.2976,22.0952,111.7537,0.0,10.0
4109.6,234.161,72.2804,132.9392,2.6913,127.4279,18.0406,11.0246,11.5751,3.3455,10.7162,6.4625,22.0848,111.7995,0.0,10.0
4109.7,234.6012,72.3241,132.708,2.689,127.0111,17.9892,10.795,11.295,3.2642,10.5725,6.6997,22.1062,111.8436,0.0,10.0
4109.8,235.1048,72.2952,132.4827,2.6888,127.2332,17.9148,10.2711,10.7049,3.1652,10.4207,6.9924,22.0946,111.896,0.0,10.0
4109.9,235.5139,72.1565,132.2678,2.6914,127.8141,17.8204,9.4319,9.7997,3.0873,10.2056,7.25,22.0525,111.9601,0.0,10.0
4110.0,235.6601,71.9892,132.0562,2.6949,127.819,17.6559,8.4344,8.758,3.0452,9.9977,7.4126,22.0915,112.0311,0.0,10.0
4110.1,235.4341,71.7997,131.848,2.6975,126.644,17.4092,7.5609,7.8772,3.0374,9.8573,7.4678,22.0704,112.0973,0.0,10.0
4110.2,234.8727,71.7013,131.7061,2.6975,124.7372,17.1448,7.1138,7.4574,3.0613,9.8558,7.402,22.0632,112.1455,0.0,10.0
4110.3,234.0806,71.6644,131.627,2.6961,123.3509,16.9757,7.2251,7.6098,3.0994,9.9591,7.2664,22.0667,112.1663,0.0,10.0
4110.4,233.2488,71.7262,131.6622,2.6948,123.1194,16.97,7.8361,8.2567,3.1549,10.1782,7.0455,22.0337,112.1551,0.0,10.0
4110.5,232.5746,71.8654,131.842,2.6943,124.1343,17.1185,8.6843,9.126,3.2232,10.5513,6.744,22.0257,112.1118,0.0,10.0
4110.6,232.1918,72.0315,132.0949,2.6935,125.6112,17.3509,9.45,9.9018,3.2838,10.9567,6.4491,22.0486,112.0409,0.0,10.0
4110.7,232.1673,72.2097,132.4397,2.6913,126.9206,17.5991,9.9587,10.4182,3.3234,11.3323,6.2096,22.0198,111.9512,0.0,10.0
4110.8,232.4695,72.3843,132.7783,2.6882,127.7219,17.8596,10.1981,10.6704,3.336,11.6294,6.0463,22.0221,111.8542,0.0,10.0
4110.9,233.0149,72.5589,133.1022,2.6863,128.4364,18.1543,10.297,10.7865,3.3336,11.8903,5.9208,22.0112,111.7595,0.0,10.0
4111.0,233.6826,72.7389,133.3765,2.6864,129.2647,18.4282,10.3522,10.8561,3.3214,12.0762,5.8405,22.0325,111.6732,0.0,10.0
4111.1,234.3439,72.894,133.6341,2.6877,129.97,18.5659,10.3879,10.8978,3.2989,12.1145,5.8381,22.0125,111.5968,0.0,10.0
4111.2,234.9349,73.0239,133.8833,2.6882,130.0676,18.4804,10.4033,10.9128,3.2693,12.0166,5.9134,22.0189,111.5294,0.0,10.0
4111.3,235.452,73.0798,134.1308,2.6875,129.5986,18.2295,10.4079,10.9155,3.2408,11.8445,6.0307,22.0169,111.4705,0.0,10.0
4111.4,235.9188,73.0866,134.3543,2.6867,129.1189,17.9706,10.4114,10.9183,3.218,11.6591,6.1691,21.9867,111.4202,0.0,10.0
4111.5,236.3598,73.0805,134.5528,2.6872,129.1816,17.8312,10.4187,10.9252,3.2074,11.4738,6.3072,21.9688,111.378,0.0,10.0
4111.6,236.7773,73.2153,134.6588,2.6886,129.6772,17.8221,10.4302,10.9342,3.2081,11.31,6.4324,21.9963,111.3429,0.0,10.0
4111.7,237.1689,73.4861,134.6917,2.6897,130.0693,17.8611,10.4411,10.9388,3.2116,11.1581,6.5711,21.9755,111.3137,0.0,10.0
4111.8,237.5294,73.8509,134.6679,2.69,129.9408,17.8715,10.4398,10.9266,3.2132,11.0033,6.735,21.9787,111.2917,0.0,10.0
4111.9,237.8245,74.1317,134.5831,2.6898,129.5367,17.8243,10.412,10.8843,3.2064,10.8439,6.9331,21.9757,111.2812,0.0,10.0
4112.0,238.0037,74.2362,134.5035,2.6894,129.1469,17.7387,10.3453,10.8019,3.1946,10.7221,7.128,21.9772,111.286,0.0,10.0
4112.1,238.028,74.1831,134.4286,2.689,129.174,17.6674,10.2434,10.6857,3.1826,10.6753,7.288,21.9577,111.3055,0.0,10.0
4112.2,237.8612,73.85,134.3924,2.689,129.461,17.6753,10.131,10.5632,3.1687,10.7058,7.4174,21.9825,111.3335,0.0,10.0
4112.3,237.4772,73.5171,134.3921,2.6894,129.9041,17.7783,10.0377,10.4656,3.1519,10.8136,7.5095,21.9665,111.3596,0.0,10.0
4112.4,236.8872,73.1845,134.4301,2.6899,130.5276,17.9273,9.9866,10.4148,3.1243,11.028,7.5715,22.0075,111.3758,0.0,10.0
4112.5,236.1432,73.1145,134.5376,2.6895,131.1815,18.0632,9.9807,10.4098,3.0988,11.3295,7.5742,22.0026,111.3797,0.0,10.0
4112.6,235.3759,73.0853,134.6398,2.6878,131.7256,18.1687,10.0098,10.4359,3.0902,11.6499,7.5169,21.9461,111.3759,0.0,10.0
4112.7,234.7705,73.0945,134.7317,2.686,132.0181,18.2774,10.0547,10.4724,3.1075,11.9304,7.3936,21.9539,111.3723,0.0,10.0
4112.8,234.4646,73.006,134.7118,2.6851,132.0583,18.4192,10.0918,10.499,3.1433,12.1344,7.2339,21.9386,111.3772,0.0,10.0
4112.9,234.4859,72.8982,134.6311,2.685,131.9289,18.5595,10.1074,10.5081,3.1847,12.283,7.0637,21.9407,111.3983,0.0,10.0
4113.0,234.69,72.7748,134.4716,2.6841,131.8324,18.6149,10.1102,10.5136,3.2275,12.3728,6.896,21.9074,111.4433,0.0,10.0
4113.1,234.8441,72.6058,134.1378,2.6814,131.637,18.5377,10.1335,10.5486,3.2793,12.3524,6.7315,21.9683,111.5227,0.0,10.0
4113.2,234.744,72.3634,133.657,2.678,131.0066,18.3534,10.2107,10.6427,3.3415,12.1824,6.5719,21.9237,111.653,0.0,10.0
4113.3,234.2835,71.9921,132.944,2.6759,129.9529,18.1169,10.3554,10.8047,3.4004,11.9018,6.4433,21.9076,111.8507,0.0,10.0
4113.4,233.4687,71.3793,131.87,2.6764,128.9137,17.8591,10.5511,11.016,3.4396,11.5818,6.3697,21.8663,112.1227,0.0,10.0
4113.5,232.2565,70.6668,130.6617,2.6792,128.2723,17.6233,10.7721,11.2519,3.4563,11.306,6.3437,21.8986,112.4562,0.0,10.0
4113.6,230.6439,69.8451,129.3253,2.6835,127.9165,17.4862,11.0221,11.5196,3.4657,11.0457,6.3416,21.8947,112.8159,0.0,10.0
4113.7,228.7602,69.2166,128.257,2.6888,127.3989,17.5088,11.3257,11.8472,3.4685,10.732,6.381,21.8964,113.1548,0.0,10.0
4113.8,226.8409,68.7585,127.4202,2.6942,126.6007,17.6809,11.6994,12.2496,3.4647,10.4035,6.4546,21.8685,113.4293,0.0,10.0
4113.9,225.2199,68.6488,127.0499,2.6995,125.8512,17.8906,12.0887,12.6621,3.4526,10.1421,6.5445,21.8798,113.6065,0.0,10.0
4114.0,224.1844,68.806,127.0304,2.7041,125.5649,18.0077,12.3116,12.8875,3.4343,9.9956,6.6377,21.8654,113.6705,0.0,10.0
4114.1,223.942,69.1091,127.2175,2.7066,125.5809,18.0,12.1558,12.7067,3.4199,9.9422,6.7144,21.8392,113.6209,0.0,10.0
4114.2,224.6117,69.5845,127.6923,2.7049,125.5561,17.9154,11.5248,12.0308,3.4133,9.962,6.7675,21.8388,113.471,0.0,10.0
4114.3,226.0615,70.1249,128.3187,2.697,125.5396,17.799,10.5572,11.0191,3.4099,10.1576,6.7674,21.8359,113.2475,0.0,10.0
4114.4,227.9356,70.6872,129.0234,2.6848,126.0832,17.6244,9.6209,10.061,3.3947,10.662,6.6981,21.781,112.9882,0.0,10.0
4114.5,229.7579,71.192,129.7521,2.6728,127.4891,17.3529,9.0858,9.5323,3.3672,11.3241,6.5865,21.8106,112.7374,0.0,10.0
4114.6,231.0829,71.5628,130.3051,2.6652,129.3842,16.9891,9.1228,9.5924,3.34,12.0138,6.4252,21.8333,112.5367,0.0,10.0
4114.7,231.7267,71.829,130.7043,2.6633,130.6949,16.5624,9.5873,10.0782,3.3224,12.5654,6.2334,21.8626,112.4133,0.0,10.0
4114.8,231.6971,71.8808,130.6738,2.6646,130.9681,16.1225,10.1793,10.6796,3.3045,13.1132,5.9817,21.8443,112.3761,0.0,10.0
4114.9,231.2041,71.8421,130.4363,2.6672,130.3627,15.7542,10.6626,11.1609,3.2768,13.6517,5.7199,21.8337,112.4165,0.0,10.0
4115.0,230.5604,71.7354,130.0408,2.6707,129.3191,15.5514,10.9362,11.4278,3.2346,14.0692,5.5092,21.8492,112.515,0.0,10.0
4115.1,229.9781,71.605,129.5411,2.6751,128.2787,15.5636,11.0524,11.54,3.1847,14.3609,5.3368,21.8593,112.6467,0.0,10.0
4115.2,229.5889,71.4583,129.05,2.6797,127.2967,15.7353,11.1027,11.59,3.1364,14.5416,5.2019,21.7776,112.7864,0.0,10.0
4115.3,229.4167,71.297,128.567,2.6818,126.3434,15.948,11.1461,11.6267,3.0958,14.7092,5.0596,21.8206,112.9132,0.0,10.0
4115.4,229.4321,71.1028,128.1833,2.6797,125.4187,16.1212,11.118,11.5632,3.0628,14.8,4.9771,21.8324,113.0139,0.0,10.0
4115.5,229.5548,70.9132,127.8811,2.6741,124.7629,16.2295,10.7349,11.1023,3.0293,14.8086,4.9588,21.8466,113.0835,0.0,10.0
4115.6,229.6627,70.7285,127.6672,2.668,124.9862,16.2923,9.7675,10.0428,3.0052,14.7149,4.9924,21.827,113.1256,0.0,10.0
4115.7,229.6346,70.6553,127.6284,2.6647,126.1692,16.291,8.477,8.7035,3.0061,14.5098,5.0484,21.835,113.1487,0.0,10.0
4115.8,229.3801,70.5933,127.6688,2.6652,128.0031,16.1915,7.5615,7.8187,3.0365,14.2863,5.065,21.8236,113.1633,0.0,10.0
4115.9,228.9003,70.539,127.8024,2.6687,129.649,16.0495,7.645,7.9942,3.0847,14.1236,5.0238,21.8173,113.1785,0.0,10.0
4116.0,228.2753,70.4979,127.8745,2.6735,130.102,15.9754,8.6899,9.1323,3.139,14.0861,4.8979,21.8665,113.2008,0.0,10.0
4116.1,227.6139,70.4473,127.8736,2.6776,129.3397,16.0439,10.0695,10.5584,3.1966,14.1304,4.7166,21.8048,113.2355,0.0,10.0
4116.2,227.0329,70.3792,127.7655,2.6798,127.804,16.2003,11.0969,11.5821,3.2568,14.1774,4.5205,21.8537,113.2872,0.0,10.0
4116.3,226.63,70.3243,127.4483,2.6796,126.2214,16.3383,11.5439,12.004,3.3221,14.2179,4.3109,21.8285,113.3588,0.0,10.0
4116.4,226.5016,70.2798,127.0206,2.678,125.1343,16.3591,11.6622,12.0956,3.3852,14.288,4.0957,21.8448,113.4516,0.0,10.0
4116.5,226.662,70.2518,126.4417,2.6759,124.8047,16.2469,11.7026,12.1101,3.4472,14.417,3.8569,21.8011,113.5631,0.0,10.0
4116.6,227.0162,70.295,125.785,2.6741,125.0064,16.0771,11.7519,12.1357,3.5084,14.6488,3.5874,21.7745,113.6893,0.0,10.0
4116.7,227.4241,70.3342,125.1641,2.6732,125.1036,15.95,11.8005,12.1664,3.5707,14.9305,3.298,21.7734,113.8295,0.0,10.0
4116.8,227.6918,70.3221,124.6763,2.6739,124.9128,15.9529,11.8338,12.19,3.6355,15.2362,2.9942,21.8432,113.9854,0.0,10.0
4116.9,227.642,70.1665,124.1609,2.677,124.4161,16.0857,11.8502,12.2044,3.69,15.4899,2.7324,21.8219,114.1596,0.0,10.0
4117.0,227.1341,69.8942,123.6216,2.6811,123.8684,16.2787,11.8656,12.223,3.7262,15.69,2.5242,21.8443,114.3521,0.0,10.0
4117.1,226.1169,69.392,123.034,2.6833,123.4424,16.4219,11.9174,12.2824,3.7347,15.8728,2.3748,21.8176,114.556,0.0,10.0
4117.2,224.6878,68.8111,122.4174,2.6805,122.9125,16.4672,12.0614,12.4373,3.7125,16.0319,2.2875,21.7839,114.7582,0.0,10.0
4117.3,223.0348,68.2323,121.8116,2.674,122.0303,16.4305,12.3348,12.722,3.6676,16.1282,2.2685,21.8184,114.9407,0.0,10.0
4117.4,221.417,67.7951,121.3002,2.6671,121.0754,16.3511,12.7193,13.1146,3.6096,16.1317,2.3199,21.8428,115.0829,0.0,10.0
4117.5,220.0899,67.5827,121.0584,2.6631,120.5391,16.2543,13.1254,13.5241,3.5439,16.0419,2.444,21.7803,115.1693,0.0,10.0
4117.6,219.2394,67.5038,121.012,2.663,120.3705,16.13,13.4424,13.8415,3.4757,15.8812,2.6303,21.8138,115.1966,0.0,10.0
4117.7,218.9994,67.5521,121.3307,2.6647,120.2146,15.9783,13.6109,14.0108,3.4132,15.6883,2.8426,21.8176,115.1741,0.0,10.0
4117.8,219.3479,67.6244,121.7068,2.6665,119.8574,15.8496,13.6442,14.0454,3.3639,15.4829,3.0514,21.8295,115.1215,0.0,10.0
4117.9,220.1362,67.7141,122.0953,2.6677,119.4655,15.8,13.6086,14.0098,3.3333,15.2953,3.2326,21.8102,115.0628,0.0,10.0
4118.0,221.1897,67.8278,122.2682,2.669,119.5228,15.8579,13.5556,13.953,3.3132,15.0862,3.4333,21.8062,115.0208,0.0,10.0
4118.1,222.2394,67.959,122.2551,2.6706,120.4372,15.9825,13.4811,13.8704,3.2933,14.8245,3.6843,21.7675,115.0104,0.0,10.0
4118.2,223.0201,68.1031,122.0891,2.6717,122.0939,16.0906,13.3603,13.7392,3.2676,14.56,3.9463,21.7793,115.037,0.0,10.0
4118.3,223.3508,68.2439,121.6479,2.6708,123.6152,16.0965,13.1906,13.5608,3.235,14.3357,4.1704,21.7961,115.0962,0.0,10.0
4118.4,223.2065,68.3259,121.1522,2.6677,124.372,15.9515,13.0106,13.3766,3.1937,14.1967,4.3356,21.7723,115.1797,0.0,10.0
4118.5,222.716,68.3544,120.607,2.6635,123.8996,15.7328,12.8792,13.2444,3.1399,14.1446,4.4707,21.8068,115.2767,0.0,10.0
4118.6,222.0063,68.2664,120.1628,2.6613,122.7065,15.4654,12.8165,13.1799,3.0846,14.1672,4.5744,21.8179,115.3743,0.0,10.0
4118.7,221.1911,68.1614,119.8726,2.6628,121.4814,15.0987,12.7793,13.1368,3.0313,14.293,4.639,21.8275,115.4564,0.0,10.0
4118.8,220.375,68.0376,119.7519,2.668,120.9942,14.8721,12.7003,13.0488,2.9834,14.5455,4.6484,21.7753,115.5043,0.0,10.0
4118.9,219.6421,67.9597,119.966,2.6745,121.5283,14.8515,12.5552,12.8957,2.9454,14.9777,4.579,21.8034,115.4998,0.0,10.0
4119.0,219.0517,67.9318,120.3611,2.6797,122.6937,14.9574,12.3785,12.7146,2.9223,15.5129,4.4518,21.79,115.4319,0.0,10.0
4119.1,218.6431,67.9679,120.9756,2.6818,123.7749,15.1167,12.2291,12.5632,2.9167,16.0469,4.2974,21.7815,115.3055,0.0,10.0
4119.2,218.4656,68.1094,121.7151,2.6805,124.1975,15.3343,12.1487,12.4814,2.9191,16.4719,4.1713,21.7567,115.1422,0.0,10.0
4119.3,218.5857,68.281,122.4203,2.6772,124.1625,15.7015,12.1496,12.4804,2.9234,16.7352,4.0938,21.7609,114.9738,0.0,10.0
4119.4,218.978,68.4834,123.0479,2.6737,124.0705,16.2239,12.2202,12.5481,2.9314,16.8657,4.0477,21.7164,114.8279,0.0,10.0
4119.5,219.5027,68.6521,123.4271,2.6727,124.0502,16.7606,12.3188,12.6409,2.946,16.8469,4.0291,21.7472,114.7256,0.0,10.0
4119.6,219.9879,68.7633,123.6392,2.6751,124.0192,17.0776,12.3862,12.698,2.9719,16.77,4.0021,21.7711,114.6803,0.0,10.0
4119.7,220.3456,68.7696,123.5994,2.6809,123.8557,17.044,12.3722,12.6704,3.0053,16.6339,3.981,21.7602,114.6994,0.0,10.0
4119.8,220.6506,68.6731,123.3072,2.6884,123.7424,16.767,12.2827,12.5688,3.0432,16.438,3.975,21.7586,114.7777,0.0,10.0
4119.9,221.0776,68.5314,122.9287,2.6948,124.0024,16.4518,12.1795,12.4581,3.0824,16.1864,3.9927,21.8073,114.8972,0.0,10.0
4120.0,221.7492,68.3374,122.4838,2.6983,124.7728,16.2893,12.128,12.4053,3.1228,15.9021,4.0228,21.7401,115.0301,0.0,10.0
4120.1,222.6222,68.1084,122.0949,2.6976,125.7801,16.2732,12.1565,12.4367,3.1639,15.6268,4.0545,21.7444,115.1515,0.0,10.0
4120.2,223.5305,67.8938,121.7539,2.6937,126.3902,16.3243,12.2492,12.5334,3.1983,15.3049,4.1282,21.7824,115.2463,0.0,10.0
4120.3,224.2345,67.7623,121.5111,2.6879,126.3361,16.364,12.379,12.6653,3.2252,14.9332,4.2514,21.7953,115.3099,0.0,10.0
4120.4,224.5519,67.7784,121.3042,2.682,125.5762,16.3592,12.5101,12.7957,3.247,14.5291,4.4064,21.7656,115.3464,0.0,10.0
4120.5,224.4317,67.8757,121.121,2.6777,124.7164,16.2986,12.6067,12.8911,3.2686,14.1797,4.5313,21.7591,115.3651,0.0,10.0
4120.6,223.9467,68.0646,120.977,2.6761,124.3844,16.1546,12.6394,12.925,3.2886,13.9106,4.6107,21.7166,115.3761,0.0,10.0
4120.7,223.2779,68.2151,120.9027,2.6773,124.9078,15.9418,12.5981,12.8889,3.3027,13.7044,4.6524,21.7282,115.3869,0.0,10.0
4120.8,222.6176,68.3259,120.8615,2.6801,125.7052,15.7211,12.5029,12.8005,3.3095,13.6129,4.6456,21.754,115.3998,0.0,10.0
4120.9,222.1017,68.3105,120.807,2.6821,125.9449,15.5988,12.3785,12.6789,3.3137,13.7366,4.5411,21.7667,115.4124,0.0,10.0
4121.0,221.7083,68.2828,120.7127,2.6811,125.3036,15.6223,12.2242,12.5193,3.3159,14.1137,4.3298,21.7266,115.4199,0.0,10.0
4121.1,221.2756,68.2579,120.5944,2.6765,124.0015,15.7524,12.0215,12.3044,3.314,14.6117,4.0866,21.7363,115.4171,0.0,10.0
4121.2,220.6415,68.3359,120.4835,2.6706,122.5464,15.9071,11.7635,12.0342,3.3033,15.0621,3.8981,21.725,115.4,0.0,10.0
4121.3,219.8312,68.4455,120.4483,2.6659,121.4854,16.0218,11.4787,11.7451,3.2863,15.3636,3.8058,21.6633,115.3676,0.0,10.0
4121.4,219.1061,68.5788,120.4801,2.6653,121.3956,16.1,11.2232,11.4952,3.2611,15.4951,3.8404,21.7095,115.318,0.0,10.0
4121.5,218.8538,68.704,120.7177,2.6676,122.1669,16.1701,11.0396,11.3225,3.2367,15.4834,3.9683,21.6498,115.2484,0.0,10.0
4121.6,219.3188,68.8716,121.0295,2.6705,123.666,16.2421,10.9379,11.2305,3.2193,15.3395,4.1635,21.6998,115.155,0.0,10.0
4121.7,220.3948,69.0788,121.4098,2.6718,125.6376,16.2915,10.8929,11.1896,3.2215,15.0191,4.4142,21.7023,115.0373,0.0,10.0
4121.8,221.7554,69.4412,121.841,2.6719,127.5246,16.2871,10.8679,11.1638,3.2368,14.6445,4.663,21.6493,114.9018,0.0,10.0
4121.9,223.0284,69.8001,122.279,2.6722,129.041,16.2234,10.842,11.1361,3.2549,14.2985,4.8909,21.6271,114.7606,0.0,10.0
4122.0,223.9968,70.1544,122.7245,2.6737,130.2031,16.1482,10.8044,11.0985,3.2685,14.1028,5.0394,21.6181,114.6264,0.0,10.0
4122.1,224.6227,70.3045,123.1146,2.6749,131.1541,16.0941,10.7465,11.0414,3.2754,13.9924,5.1383,21.6427,114.5089,0.0,10.0
4122.2,224.9828,70.3869,123.4618,2.6747,131.9366,16.0457,10.6565,10.9502,3.2754,13.8811,5.2252,21.6104,114.4084,0.0,10.0
4122.3,225.2695,70.3924,123.7548,2.673,132.5699,15.9705,10.5273,10.8175,3.2646,13.7735,5.3001,21.6615,114.3152,0.0,10.0
4122.4,225.7197,70.5234,124.0416,2.6712,132.9371,15.8755,10.3691,10.6571,3.2382,13.6876,5.3699,21.5795,114.2164,0.0,10.0
4122.5,226.5056,70.7318,124.3592,2.6695,132.948,15.8277,10.2092,10.5019,3.2028,13.6769,5.4192,21.6254,114.1047,0.0,10.0
4122.6,227.5438,71.0459,124.7289,2.6672,132.5746,15.9042,10.083,10.3901,3.1614,13.7408,5.4421,21.5615,113.9844,0.0,10.0
4122.7,228.5422,71.2936,125.0444,2.6634,131.8836,16.1122,10.0108,10.3387,3.1225,13.842,5.4371,21.6095,113.8717,0.0,10.0
4122.8,229.1803,71.4599,125.2492,2.6586,130.8306,16.3642,9.989,10.339,3.093,13.9412,5.4101,21.5729,113.7873,0.0,10.0
4122.9,229.3526,71.4825,125.2462,2.6543,129.4683,16.5165,10.0033,10.3759,3.0723,14.0544,5.3641,21.5739,113.7496,0.0,10.0
4123.0,229.2096,71.406,125.0724,2.6537,128.3733,16.5132,10.0379,10.4354,3.078,14.218,5.2694,21.5443,113.7667,0.0,10.0
4123.1,228.9084,71.2857,124.8835,2.6585,128.218,16.4174,10.0836,10.5078,3.1127,14.4866,5.0923,21.5433,113.8318,0.0,10.0
4123.2,228.5094,71.1152,124.7635,2.6684,129.2481,16.359,10.1336,10.5808,3.174,14.8266,4.8489,21.4851,113.924,0.0,10.0
4123.3,228.005,70.8793,124.8093,2.6805,131.0579,16.3925,10.1739,10.6333,3.2453,15.1735,4.5799,21.5107,114.017,0.0,10.0
4123.4,227.4445,70.6069,124.9205,2.6895,132.5681,16.4752,10.1888,10.6469,3.3053,15.4663,4.3424,21.499,114.0892,0.0,10.0
4123.5,226.9994,70.2832,125.0712,2.6924,133.1037,16.5275,10.1714,10.6173,3.3508,15.7367,4.1279,21.4699,114.1297,0.0,10.0
4123.6,226.8443,70.0511,125.1484,2.6889,132.6883,16.5225,10.1326,10.5625,3.3762,16.0231,3.94,21.5127,114.1375,0.0,10.0
4123.7,227.0355,69.8996,125.1813,2.682,132.0994,16.4767,10.0945,10.5113,3.3779,16.3044,3.8051,21.5184,114.1165,0.0,10.0
4123.8,227.4759,69.9381,125.1521,2.6743,131.7533,16.4267,10.0751,10.4843,3.3532,16.5293,3.7547,21.4857,114.0729,0.0,10.0
4123.9,227.9494,70.0573,125.1928,2.6678,131.4187,16.4011,10.0844,10.4901,3.3028,16.7005,3.7998,21.4521,114.0127,0.0,10.0
4124.0,228.2487,70.2099,125.2954,2.6637,130.6768,16.397,10.1308,10.5344,3.2321,16.8367,3.927,21.4995,113.9412,0.0,10.0
4124.1,228.2276,70.3094,125.5621,2.6624,129.621,16.3816,10.2283,10.6284,3.1698,16.8856,4.095,21.4826,113.8628,0.0,10.0
4124.2,227.8804,70.4019,125.8961,2.6635,128.6405,16.3124,10.3709,10.7641,3.1351,16.7736,4.2903,21.4062,113.7812,0.0,10.0
4124.3,227.3442,70.4968,126.2718,2.666,128.3117,16.1651,10.4914,10.8724,3.1326,16.5266,4.4916,21.4498,113.7023,0.0,10.0
4124.4,226.8995,70.6662,126.637,2.6687,128.5797,15.9518,10.4581,10.8196,3.1505,16.2256,4.688,21.3366,113.637,0.0,10.0
4124.5,226.8608,70.8523,126.9144,2.6714,128.9702,15.7332,10.0722,10.4026,3.1823,15.9637,4.8417,21.2088,113.6029,0.0,10.0
4124.6,227.3421,71.0436,127.1108,2.6759,129.0201,15.5811,9.2169,9.5022,3.2383,15.8165,4.892,21.1906,113.6215,0.0,10.0
4124.7,228.1811,71.0479,126.9939,2.6844,129.087,15.5724,7.9243,8.1527,3.3047,15.8205,4.8521,21.1109,113.7116,0.0,10.0
4124.8,228.9962,70.9758,126.6913,2.6986,129.6169,15.8108,6.3362,6.5031,3.3678,15.9469,4.7636,21.1669,113.8759,0.0,10.0
4124.9,229.4619,70.8317,126.2146,2.7187,130.4177,16.3295,4.7286,4.8401,3.4112,16.2104,4.6561,21.1904,114.0919,0.0,10.0
4125.0,229.465,70.6176,125.6015,2.7388,130.9733,17.0502,3.3784,3.4501,3.4264,16.5327,4.5715,21.1637,114.314,0.0,10.0
4125.1,229.0787,70.433,125.037,2.7509,131.1577,17.7558,2.4685,2.5218,3.4169,16.8563,4.524,21.1737,114.4893,0.0,10.0
4125.2,228.4614,70.2828,124.5287,2.7462,131.1837,18.1905,2.0128,2.0694,3.3921,17.0681,4.5349,21.1943,114.5804,0.0,10.0
4125.3,227.7346,70.1533,124.3193,2.7265,131.3743,18.2086,1.8887,1.9687,3.3655,17.1164,4.5978,21.2166,114.5792,0.0,10.0
4125.4,226.9984,69.9806,124.2664,2.7003,131.7333,17.8281,2.042,2.1702,3.3417,17.0437,4.687,21.168,114.5055,0.0,10.0
4125.5,226.3478,69.7461,124.4051,2.6769,132.0191,17.2661,2.6129,2.8209,3.3121,16.8394,4.8194,21.2079,114.3938,0.0,10.0
4125.6,225.8535,69.5122,124.6813,2.6625,132.1612,16.7494,3.8345,4.1467,3.2817,16.5335,4.9726,21.2389,114.2762,0.0,10.0
4125.7,225.5533,69.3655,124.9981,2.6569,132.3436,16.3768,5.8017,6.2161,3.2583,16.2055,5.0932,21.2079,114.1696,0.0,10.0
4125.8,225.4252,69.3664,125.3563,2.6575,132.4458,16.121,8.2117,8.6897,3.2474,15.9454,5.1304,21.188,114.0767,0.0,10.0
4125.9,225.4116,69.5517,125.7054,2.6605,132.0582,15.9232,10.412,10.8987,3.2346,15.841,5.0852,21.1851,113.9932,0.0,10.0
4126.0,225.4429,69.7904,126.0227,2.6634,131.1942,15.7801,11.8515,12.306,3.2065,15.8745,5.0086,21.1091,113.9192,0.0,10.0
4126.1,225.4455,70.0711,126.2771,2.6661,130.0609,15.7141,12.3545,12.7662,3.167,15.9892,4.9333,21.1377,113.8635,0.0,10.0
4126.2,225.3739,70.2195,126.3802,2.6694,128.9786,15.716,12.2563,12.6381,3.1227,16.1654,4.8501,21.1013,113.8366,0.0,10.0
4126.3,225.2248,70.2864,126.3941,2.6737,128.246,15.7617,12.0214,12.3885,3.0876,16.3308,4.7616,21.0578,113.8424,0.0,10.0
4126.4,225.0475,70.2259,126.2728,2.6785,128.0057,15.8619,11.8599,12.2172,3.0626,16.4872,4.6595,21.0248,113.8745,0.0,10.0
4126.5,224.9272,70.2227,126.0955,2.6825,128.629,16.0482,11.7762,12.1225,3.0444,16.6254,4.5521,21.0867,113.9176,0.0,10.0
4126.6,224.9595,70.2649,125.9385,2.6858,129.7997,16.3186,11.7153,12.0509,3.0279,16.7431,4.4634,21.0226,113.9525,0.0,10.0
4126.7,225.1885,70.3972,125.9129,2.6888,130.6924,16.5894,11.664,11.9927,3.0108,16.819,4.4054,21.0396,113.9621,0.0,10.0
4126.8,225.5445,70.5724,126.0639,2.6914,130.393,16.735,11.6323,11.959,2.9996,16.7927,4.3911,20.9658,113.9371,0.0,10.0
4126.9,225.8563,70.7534,126.3247,2.6929,128.7978,16.6899,11.6262,11.9544,2.9946,16.698,4.4032,20.9581,113.8793,0.0,10.0
4127.0,225.9229,70.8787,126.7471,2.6932,126.7853,16.4796,11.639,11.9721,2.9923,16.5812,4.4206,20.9376,113.8024,0.0,10.0
4127.1,225.6731,70.9798,127.1525,2.6931,125.6726,16.2004,11.6469,11.9887,2.9931,16.3707,4.4876,20.9532,113.7267,0.0,10.0
4127.2,225.1774,71.0722,127.4954,2.6938,126.3283,15.9517,11.6065,11.9606,2.9962,15.9939,4.6354,20.9155,113.6739,0.0,10.0
4127.3,224.5688,71.1908,127.4852,2.6954,128.3154,15.793,11.4577,11.825,2.9976,15.5278,4.8457,20.8483,113.6606,0.0,10.0
4127.4,223.9826,71.295,127.2197,2.6967,130.5789,15.7609,11.1404,11.5171,2.9953,15.1065,5.0596,20.8603,113.6934,0.0,10.0
4127.5,223.5036,71.3783,126.7698,2.6959,131.9947,15.8703,10.6583,11.0365,2.9935,14.8212,5.2236,20.7721,113.7666,0.0,10.0
4127.6,223.1916,71.3326,126.1042,2.6924,132.11,16.1112,10.0801,10.4521,2.9979,14.5205,5.4044,20.7778,113.8653,0.0,10.0
4127.7,223.0555,71.2342,125.4874,2.6871,130.994,16.4298,9.5255,9.8914,3.0106,14.185,5.6179,20.7135,113.9717,0.0,10.0
4127.8,223.0564,71.0938,124.9174,2.6816,129.1462,16.7452,9.1269,9.4985,3.026,13.8895,5.8403,20.7173,114.0706,0.0,10.0
4127.9,223.1333,70.9424,124.5796,2.6776,127.3535,17.0045,8.985,9.3806,3.0393,13.7433,6.0096,20.6989,114.1501,0.0,10.0
4128.0,223.2133,70.8183,124.3678,2.6755,126.312,17.191,9.18,9.6151,3.0537,13.8095,6.106,20.7328,114.2006,0.0,10.0
4128.1,223.2592,70.7203,124.276,2.676,126.8191,17.2985,9.6802,10.1585,3.0712,14.1153,6.1458,20.6485,114.2108,0.0,10.0
4128.2,223.2714,70.7659,124.4751,2.6783,128.5639,17.3073,10.3521,10.8648,3.0836,14.5408,6.1555,20.6375,114.1694,0.0,10.0
4128.3,223.2358,70.8648,124.9291,2.6822,130.7737,17.1863,11.031,11.5617,3.0844,14.9604,6.1473,20.611,114.0697,0.0,10.0
4128.4,223.1123,71.0233,125.6736,2.6869,132.4858,16.9571,11.5728,12.1058,3.0659,15.2688,6.138,20.6745,113.9178,0.0,10.0
4128.5,222.8762,71.1886,126.6921,2.6906,133.0418,16.7028,11.9267,12.4524,3.0381,15.494,6.1371,20.5451,113.7327,0.0,10.0
4128.6,222.5609,71.3246,127.6873,2.6916,132.3512,16.4857,12.1212,12.6358,3.0024,15.6634,6.15,20.5191,113.5402,0.0,10.0
4128.7,222.2404,71.4187,128.625,2.689,130.8532,16.3356,12.2191,12.722,2.9755,15.7345,6.1616,20.5789,113.3604,0.0,10.0
4128.8,221.9749,71.411,129.2147,2.6837,129.483,16.2452,12.2668,12.758,2.9844,15.5807,6.171,20.5929,113.208,0.0,10.0
4128.9,221.8166,71.3636,129.6041,2.6779,128.9269,16.1925,12.2617,12.739,3.0327,15.2476,6.1734,20.5408,113.0919,0.0,10.0
4129.0,221.8057,71.2691,129.7219,2.6739,129.3815,16.1431,12.1669,12.6263,3.1121,14.8265,6.1667,20.5622,113.0184,0.0,10.0
4129.1,221.9548,71.2445,129.7006,2.6733,130.3449,16.0603,11.9649,12.4043,3.2026,14.4101,6.1613,20.4948,112.986,0.0,10.0
4129.2,222.2374,71.2447,129.6574,2.6753,131.1951,15.934,11.6771,12.0983,3.2888,14.0441,6.1599,20.4537,112.9851,0.0,10.0
4129.3,222.576,71.2704,129.6225,2.6783,132.0645,15.811,11.3559,11.7661,3.3799,13.6901,6.1597,20.4201,113.0005,0.0,10.0
4129.4,222.9254,71.2921,129.5835,2.6808,133.4696,15.7948,11.0636,11.4712,3.4631,13.4379,6.146,20.4152,113.0197,0.0,10.0
4129.5,223.3282,71.3103,129.5437,2.682,135.191,15.973,10.8369,11.2481,3.524,13.3012,6.12,20.4017,113.0344,0.0,10.0
4129.6,223.8448,71.3218,129.504,2.6816,136.6091,16.3652,10.6872,11.1035,3.539,13.3113,6.0988,20.3713,113.042,0.0,10.0
4129.7,224.4855,71.3323,129.4619,2.6796,136.8493,16.8845,10.5964,11.0161,3.4983,13.4885,6.076,20.4074,113.0436,0.0,10.0
4129.8,225.2177,71.3502,129.4142,2.6768,135.9451,17.3714,10.5325,10.9545,3.4313,13.7695,6.0287,20.3418,113.0436,0.0,10.0
4129.9,226.0048,71.3949,129.3495,2.674,134.6113,17.6986,10.4669,10.8943,3.3599,14.0932,5.9462,20.3822,113.0487,0.0,10.0
4130.0,226.8049,71.4572,129.2424,2.6724,133.7671,17.8299,10.3771,10.8166,3.2954,14.3849,5.851,20.3306,113.0669,0.0,10.0
4130.1,227.5155,71.5194,129.095,2.6729,133.3774,17.8757,10.2551,10.7132,3.2389,14.6642,5.7318,20.3017,113.1058,0.0,10.0
4130.2,227.953,71.5453,128.8441,2.6751,132.896,17.9417,10.1103,10.5894,3.1904,14.9692,5.5783,20.2746,113.1698,0.0,10.0
4130.3,227.9655,71.5027,128.5132,2.6782,131.901,18.0805,9.9692,10.4659,3.1544,15.248,5.4041,20.199,113.2574,0.0,10.0
4130.4,227.4678,71.4053,128.1328,2.6804,130.5292,18.2295,9.8641,10.3707,3.1386,15.3725,5.275,20.193,113.3612,0.0,10.0
4130.5,226.405,71.1834,127.7059,2.6805,129.4896,18.2694,9.8199,10.3279,3.1438,15.264,5.2385,20.2139,113.4687,0.0,10.0
4130.6,224.8968,70.9461,127.3226,2.6785,129.5189,18.1213,9.8473,10.3493,3.164,14.9524,5.2882,20.2113,113.5665,0.0,10.0
4130.7,223.1717,70.7084,126.9814,2.6749,130.6145,17.859,9.9313,10.4235,3.1903,14.5414,5.3991,20.17,113.6449,0.0,10.0
4130.8,221.5258,70.5849,126.7946,2.6713,131.8351,17.6101,10.0529,10.5347,3.2093,14.1313,5.5376,20.1465,113.6987,0.0,10.0
4130.9,220.2359,70.5386,126.6721,2.6684,132.4192,17.4409,10.2112,10.6828,3.2154,13.7817,5.689,20.1747,113.7287,0.0,10.0
4131.0,219.4667,70.557,126.6023,2.6663,131.7572,17.3163,10.4087,10.8691,3.2067,13.4707,5.8613,20.1714,113.7407,0.0,10.0
4131.1,219.3264,70.6602,126.5676,2.6651,130.3855,17.1664,10.6387,11.0828,3.1912,13.1997,6.0279,20.1619,113.743,0.0,10.0
4131.2,219.7741,70.7564,126.5371,2.6653,128.8931,16.9668,10.8725,11.2922,3.1747,12.9811,6.1695,20.0575,113.7418,0.0,10.0
4131.3,220.6474,70.8457,126.5108,2.6671,127.8852,16.7542,11.0677,11.4563,3.1647,12.8221,6.2658,20.0819,113.7377,0.0,10.0
4131.4,221.7817,70.8801,126.543,2.6692,127.4954,16.6022,11.1939,11.5492,3.1645,12.6833,6.3319,20.0782,113.7252,0.0,10.0
4131.5,223.0246,70.9097,126.6388,2.6704,127.5888,16.5884,11.234,11.5581,3.1716,12.555,6.3807,20.0163,113.6974,0.0,10.0
4131.6,224.258,70.935,126.808,2.67,127.9738,16.7912,11.1893,11.4873,3.1837,12.4443,6.4172,20.0269,113.6519,0.0,10.0
4131.7,225.4035,70.946,127.1089,2.6682,128.3545,17.1697,11.0789,11.3568,3.1935,12.3572,6.4571,19.9788,113.5923,0.0,10.0
4131.8,226.3692,70.9428,127.4406,2.6662,128.5922,17.6076,10.9312,11.195,3.1975,12.2565,6.5204,19.9624,113.5259,0.0,10.0
4131.9,227.0861,70.9208,127.8031,2.6649,128.632,17.8881,10.7845,11.0393,3.1973,12.12,6.6067,19.9834,113.459,0.0,10.0
4132.0,227.5333,70.9172,128.1669,2.6654,128.5752,17.879,10.671,10.9192,3.1986,11.9839,6.677,19.9039,113.3956,0.0,10.0
4132.1,227.7088,70.9111,128.5042,2.6676,128.4902,17.6218,10.6058,10.8469,3.2068,11.8949,6.692,19.9205,113.3362,0.0,10.0
4132.2,227.6677,70.8964,128.7953,2.671,128.3413,17.2782,10.591,10.8233,3.2215,11.888,6.6289,19.9559,113.2796,0.0,10.0
4132.3,227.5009,70.8719,129.0187,2.6733,128.112,17.0431,10.6142,10.8358,3.2388,11.9405,6.5042,19.9609,113.2197,0.0,10.0
4132.4,227.3386,70.9223,129.2529,2.6735,127.7958,17.0366,10.6559,10.8639,3.2599,12.0157,6.3296,19.8662,113.1444,0.0,10.0
4132.5,227.3065,71.1397,129.5383,2.6722,127.4485,17.3173,10.6866,10.8774,3.2885,12.1062,6.1074,19.874,113.0399,0.0,10.0
4132.6,227.4462,71.6117,129.9864,2.6711,127.1312,17.7897,10.6811,10.8531,3.3273,12.2529,5.8104,19.8477,112.8982,0.0,10.0
4132.7,227.7106,72.2259,130.5134,2.671,126.9378,18.2583,10.6354,10.7902,3.3646,12.4771,5.4768,19.8031,112.7218,0.0,10.0
4132.8,227.9908,73.0459,131.1393,2.672,126.8398,18.5838,10.5682,10.7101,3.3905,12.7641,5.1466,19.7904,112.525,0.0,10.0
4132.9,228.1917,73.912,131.729,2.6745,126.8007,18.7455,10.5113,10.6447,3.4003,13.1268,4.8412,19.8193,112.3276,0.0,10.0
4133.0,228.2747,74.7297,132.2672,2.6781,126.7201,18.8684,10.4872,10.6133,3.4014,13.5241,4.5763,19.7562,112.147,0.0,10.0
4133.1,228.288,75.318,132.6669,2.6825,126.46,19.0344,10.4952,10.6105,3.3953,13.9311,4.358,19.7667,111.9958,0.0,10.0
4133.2,228.3676,75.6279,133.0012,2.686,126.014,19.1896,10.5061,10.6037,3.3745,14.3162,4.225,19.7626,111.8784,0.0,10.0
4133.3,228.7215,75.7818,133.3122,2.6876,125.5782,19.2085,10.4785,10.5522,3.3386,14.6864,4.17,19.7227,111.7919,0.0,10.0
4133.4,229.5784,75.7712,133.6487,2.688,125.4652,19.0871,10.3771,10.4246,3.2939,15.0534,4.1695,19.713,111.7306,0.0,10.0
4133.5,230.9597,75.6797,133.9472,2.6893,125.7666,18.948,10.1977,10.2232,3.2559,15.3751,4.2102,19.6354,111.6891,0.0,10.0
4133.6,232.6434,75.5458,134.2088,2.6916,126.3948,18.8961,9.9805,9.9918,3.2392,15.5876,4.258,19.5918,111.6639,0.0,10.0
4133.7,234.206,75.4251,134.3562,2.693,127.288,18.9415,9.7808,9.7859,3.2375,15.6954,4.3327,19.6185,111.6542,0.0,10.0
4133.8,235.2278,75.3253,134.3757,2.6922,128.4846,19.0788,9.6418,9.6467,3.2487,15.7546,4.4164,19.5855,111.6605,0.0,10.0
4133.9,235.4585,75.2382,134.2951,2.6891,129.9803,19.2872,9.5676,9.5753,3.2652,15.8643,4.4802,19.5298,111.6857,0.0,10.0
4134.0,234.7484,75.1355,134.0374,2.6855,131.4473,19.5173,9.5391,9.5496,3.2863,16.0162,4.4879,19.5265,111.7352,0.0,10.0
4134.1,233.2488,75.0133,133.679,2.683,132.5107,19.6104,9.5388,9.5488,3.309,16.1562,4.4419,19.5057,111.8136,0.0,10.0
4134.2,231.2676,74.8727,133.2357,2.6824,132.7658,19.3461,9.5564,9.5609,3.3259,16.2342,4.389,19.4783,111.9241,0.0,10.0
4134.3,229.1698,74.6435,132.6889,2.6833,132.4615,18.7302,9.5902,9.5842,3.3374,16.2938,4.3357,19.4125,112.0659,0.0,10.0
4134.4,227.3513,74.347,132.1407,2.6854,131.9514,17.9743,9.6392,9.6181,3.3418,16.3892,4.2728,19.4418,112.2351,0.0,10.0
4134.5,226.0715,73.9839,131.5909,2.6892,131.5579,17.4025,9.6934,9.6529,3.3381,16.5636,4.1861,19.4073,112.4258,0.0,10.0
4134.6,225.485,73.4782,131.0875,2.6947,131.3058,17.132,9.7391,9.6758,3.329,16.7928,4.0881,19.387,112.6287,0.0,10.0
4134.7,225.6621,72.9861,130.6028,2.7015,130.9887,17.1297,9.766,9.6785,3.316,17.0087,4.0099,19.3633,112.832,0.0,10.0
4134.8,226.512,72.5142,130.1392,2.7071,130.4936,17.3388,9.7742,9.6654,3.3001,17.1546,3.9791,19.31,113.0225,0.0,10.0
4134.9,227.7296,72.1707,129.6143,2.7081,130.1754,17.6894,9.7766,9.6524,3.2879,17.2281,3.9848,19.2725,113.1911,0.0,10.0
4135.0,228.6932,71.8894,129.001,2.7032,130.3936,18.1549,9.7969,9.663,3.2809,17.2361,4.0196,19.2623,113.3413,0.0,10.0
4135.1,228.7784,71.6848,128.2662,2.6944,131.3578,18.6034,9.8606,9.7198,3.2809,17.184,4.0668,19.2746,113.4915,0.0,10.0
4135.2,227.6305,71.4658,127.3826,2.6871,132.6706,18.815,9.9756,9.8277,3.2823,17.0923,4.1212,19.2501,113.6617,0.0,10.0
4135.3,225.2046,71.2049,126.5181,2.6849,133.5014,18.6727,10.1297,9.9722,3.2695,16.9553,4.2063,19.2282,113.8597,0.0,10.0
4135.4,222.0537,70.8726,125.7222,2.6878,133.3009,18.2547,10.2773,10.106,3.234,16.765,4.3403,19.2222,114.0713,0.0,10.0
4135.5,218.9983,70.4899,125.1931,2.6928,132.1087,17.8545,10.3533,10.1646,3.1821,16.5406,4.5048,19.2094,114.2678,0.0,10.0
4135.6,216.9876,70.1152,124.8517,2.6962,130.7103,17.6704,10.3098,10.1044,3.1314,16.3072,4.657,19.208,114.4229,0.0,10.0
4135.7,216.5753,69.7804,124.8087,2.6966,129.5479,17.7436,10.1396,9.9246,3.0954,16.1035,4.7671,19.1901,114.5224,0.0,10.0
4135.8,217.7635,69.5616,124.8816,2.6935,128.8281,17.9875,9.9121,9.6961,3.0737,15.956,4.8271,19.1602,114.5675,0.0,10.0
4135.9,220.1583,69.3901,124.961,2.6881,128.5284,18.288,9.7167,9.5042,3.0667,15.8606,4.8404,19.1663,114.5689,0.0,10.0
4136.0,222.9761,69.2633,124.9713,2.6814,128.4484,18.5709,9.6166,9.4062,3.0713,15.7725,4.8262,19.1751,114.5389,0.0,10.0
4136.1,225.4942,69.1682,124.978,2.6745,128.5758,18.7956,9.6107,9.3985,3.094,15.6802,4.7699,19.1164,114.4828,0.0,10.0
4136.2,227.2885,69.1361,125.0986,2.6699,128.8571,18.9587,9.6721,9.4569,3.1381,15.5806,4.6605,19.1272,114.3939,0.0,10.0
4136.3,228.2292,69.2929,125.6373,2.6694,129.2564,19.0455,9.8126,9.5965,3.196,15.5332,4.4927,19.1046,114.2583,0.0,10.0
4136.4,228.491,69.6923,126.5127,2.6743,129.7142,19.0047,10.0637,9.8464,3.2574,15.5686,4.2865,19.05,114.0689,0.0,10.0
4136.5,228.3619,70.2279,127.5502,2.6817,129.9775,18.8217,10.4193,10.1943,3.3029,15.773,4.0626,18.9961,113.8359,0.0,10.0
4136.6,228.1192,70.9027,128.6477,2.688,129.8426,18.5113,10.8135,10.5693,3.3268,16.1721,3.8264,18.9194,113.5883,0.0,10.0
4136.7,227.946,71.5214,129.463,2.6906,129.0385,18.1814,11.1345,10.862,3.3315,16.6679,3.6127,18.9247,113.3616,0.0,10.0
4136.8,227.9269,72.0734,130.0498,2.6895,127.7707,17.9777,11.3018,11.0001,3.3252,17.1237,3.4555,18.9015,113.1823,0.0,10.0
4136.9,228.1214,72.3626,130.1058,2.6865,126.7854,17.9144,11.2951,10.9715,3.3183,17.3768,3.4057,18.8945,113.0627,0.0,10.0
4137.0,228.541,72.492,129.9709,2.682,126.8188,17.8367,11.1446,10.81,3.3079,17.3957,3.4989,18.8903,112.9996,0.0,10.0
4137.1,229.1739,72.5044,129.7099,2.6758,128.2326,17.6079,10.9184,10.5819,3.2929,17.2184,3.7236,18.8473,112.9809,0.0,10.0
4137.2,230.0,72.4095,129.4941,2.6684,130.1617,17.3072,10.6729,10.3393,3.2827,16.9052,3.9836,18.8418,112.994,0.0,10.0
4137.3,230.9096,72.2713,129.2882,2.6615,131.6287,17.1661,10.4462,10.1181,3.2857,16.4658,4.2213,18.8424,113.0317,0.0,10.0
4137.4,231.7612,72.0966,129.0894,2.6582,131.4603,17.3505,10.2594,9.9378,3.3035,15.8293,4.4438,18.7866,113.0937,0.0,10.0
4137.5,232.4356,71.8982,128.8515,2.66,130.1776,17.7771,10.1228,9.8084,3.3154,15.1086,4.6776,18.7617,113.1815,0.0,10.0
4137.6,232.8904,71.7442,128.6018,2.6667,128.7984,18.2616,10.0573,9.7501,3.3141,14.5,4.8844,18.7334,113.29,0.0,10.0
4137.7,233.1503,71.6348,128.3403,2.6762,128.2086,18.7009,10.0812,9.7797,3.2951,14.0916,5.0409,18.6769,113.402,0.0,10.0
4137.8,233.2407,71.5574,128.041,2.6846,128.1439,19.1747,10.1983,9.8983,3.2589,13.8373,5.1765,18.6428,113.4901,0.0,10.0
4137.9,233.2004,71.4821,127.8551,2.689,127.8189,19.793,10.3923,10.0877,3.2083,13.6151,5.334,18.5744,113.5215,0.0,10.0
4138.0,233.0963,71.4084,127.8078,2.6882,126.8073,20.5232,10.6138,10.2999,3.142,13.4296,5.5187,18.5974,113.472,0.0,10.0
4138.1,232.9933,71.4734,128.466,2.6843,125.8662,21.1225,10.8078,10.483,3.087,13.2865,5.6894,18.6364,113.329,0.0,10.0
4138.2,232.927,71.6682,129.539,2.6793,126.0685,21.3109,10.938,10.6039,3.0547,13.1614,5.8315,18.562,113.0928,0.0,10.0
4138.3,232.8783,72.0391,131.1429,2.6747,127.5701,20.8762,10.9999,10.66,3.0589,13.0473,5.9153,18.5407,112.7721,0.0,10.0
4138.4,232.7879,72.6355,133.0896,2.6722,129.0931,19.984,11.0186,10.676,3.0954,12.9798,5.9186,18.5019,112.393,0.0,10.0
4138.5,232.5678,73.2841,134.9616,2.6735,129.6621,19.0126,11.0229,10.6787,3.146,12.9621,5.8675,18.4958,111.9971,0.0,10.0
4138.6,232.1896,73.9709,136.614,2.6786,129.3098,18.3239,11.0343,10.6876,3.1991,12.9989,5.7872,18.5119,111.6387,0.0,10.0
4138.7,231.6989,74.4247,137.5914,2.6853,128.751,18.0107,11.0619,10.7108,3.2434,13.0902,5.7073,18.5444,111.3589,0.0,10.0
4138.8,231.2248,74.7302,138.2389,2.6901,128.747,17.8981,11.1016,10.7445,3.2778,13.2298,5.625,18.4925,111.1714,0.0,10.0
4138.9,230.9221,74.8081,138.4514,2.6913,129.5393,17.7708,11.1294,10.7654,3.3067,13.4564,5.5196,18.4124,111.0652,0.0,10.0
4139.0,230.8979,74.7425,138.4829,2.6898,130.8611,17.5574,11.1045,10.7345,3.3262,13.7747,5.3927,18.3387,111.0196,0.0,10.0
4139.1,231.2186,74.6172,138.4458,2.6884,132.1762,17.3572,10.986,10.6131,3.3319,14.1755,5.2531,18.2441,111.0149,0.0,10.0
4139.2,231.8487,74.4353,138.3553,2.688,133.0561,17.3062,10.7448,10.3758,3.3179,14.5952,5.1337,18.1735,111.0371,0.0,10.0
4139.3,232.6617,74.196,138.2589,2.6882,132.9948,17.4571,10.4116,10.0538,3.2855,15.0447,5.0186,18.2098,111.0763,0.0,10.0
4139.4,233.4989,73.9256,138.1693,2.6884,132.1328,17.7246,10.0526,9.7112,3.2582,15.4417,4.9032,18.252,111.1257,0.0,10.0
4139.5,234.2134,73.616,138.1126,2.6891,130.9889,17.9767,9.7394,9.4159,3.2495,15.7251,4.7782,18.245,111.1832,0.0,10.0
4139.6,234.7468,73.3371,138.0508,2.6915,130.1646,18.0868,9.5198,9.2121,3.2707,15.8514,4.638,18.2485,111.2479,0.0,10.0
4139.7,235.1232,73.1007,137.9721,2.6963,129.6516,18.0285,9.4004,9.1044,3.3101,15.8628,4.5036,18.2478,111.3206,0.0,10.0
4139.8,235.393,73.0109,137.8183,2.7023,129.2537,17.8666,9.3683,9.0787,3.3515,15.8316,4.391,18.2469,111.4012,0.0,10.0
4139.9,235.5917,72.9819,137.5619,2.7073,128.9095,17.6836,9.3977,9.1086,3.3891,15.7808,4.3114,18.2511,111.4903,0.0,10.0
4140.0,235.7106,72.9776,137.2243,2.709,128.7305,17.5031,9.4532,9.16,3.4193,15.7667,4.239,18.2589,111.5913,0.0,10.0
4140.1,235.7069,72.8992,136.7072,2.7075,129.0075,17.2703,9.5058,9.2072,3.4455,15.8078,4.1496,18.2239,111.7096,0.0,10.0
4140.2,235.5532,72.7152,136.0753,2.7046,129.7887,16.9007,9.5422,9.2403,3.4628,15.9143,4.0498,18.1981,111.8479,0.0,10.0
4140.3,235.2146,72.4556,135.3588,2.7025,130.6064,16.3749,9.5762,9.2729,3.4601,16.0512,3.9691,18.2144,111.999,0.0,10.0
4140.4,234.6218,72.1616,134.5667,2.7012,130.8298,15.7805,9.6353,9.3275,3.4324,16.2334,3.904,18.2012,112.1423,0.0,10.0
4140.5,233.79,71.9977,133.9107,2.6992,130.0743,15.2622,9.7248,9.4007,3.3834,16.4689,3.8424,18.1392,112.2494,0.0,10.0
4140.6,232.8282,71.9491,133.3806,2.6953,128.211,14.9512,9.7951,9.443,3.3242,16.6708,3.7722,18.175,112.2953,0.0,10.0
4140.7,231.8842,72.2004,133.4331,2.6904,125.9919,14.9022,9.7841,9.4001,3.2836,16.7134,3.7219,18.1479,112.2667,0.0,10.0
4140.8,231.0874,72.4957,133.7702,2.6859,124.064,15.1102,9.6611,9.2538,3.267,16.5445,3.7215,18.1075,112.1689,0.0,10.0
4140.9,230.4955,72.8358,134.3963,2.6827,122.8717,15.5202,9.4754,9.0597,3.2742,16.2129,3.7829,18.1021,112.0264,0.0,10.0
4141.0,230.1523,73.0329,135.1952,2.6811,122.4512,15.9965,9.307,8.8943,3.2858,15.7829,3.9098,18.0822,111.8746,0.0,10.0
4141.1,230.1042,73.129,135.8948,2.6816,122.7982,16.3935,9.2092,8.8029,3.2956,15.1698,4.1338,18.1154,111.7471,0.0,10.0
4141.2,230.3509,73.1051,136.4662,2.6843,123.7958,16.6258,9.1759,8.7733,3.2991,14.4257,4.4498,18.1246,111.6617,0.0,10.0
4141.3,230.8664,72.9686,136.6986,2.6885,124.8242,16.7296,9.1701,8.7676,3.2976,13.6653,4.8135,18.0775,111.6184,0.0,10.0
4141.4,231.6107,72.8328,136.8207,2.6926,125.4337,16.8251,9.1699,8.7655,3.2895,13.1121,5.1217,18.0835,111.605,0.0,10.0
4141.5,232.5204,72.7121,136.819,2.6941,125.6181,16.9963,9.1699,8.7631,3.2723,12.7618,5.387,18.0778,111.6061,0.0,10.0
4141.6,233.5386,72.6434,136.8099,2.6925,125.7803,17.2351,9.17,8.7607,3.2422,12.5786,5.6225,18.0398,111.6096,0.0,10.0
4141.7,234.6009,72.5927,136.8048,2.6897,126.4049,17.4647,9.1702,8.7588,3.2036,12.4744,5.8452,18.0525,111.609,0.0,10.0
4141.8,235.6115,72.5612,136.8092,2.6877,127.4717,17.6223,9.1705,8.757,3.1677,12.4484,6.017,18.0274,111.6012,0.0,10.0
4141.9,236.4948,72.5992,136.8333,2.6872,128.5029,17.697,9.1696,8.7531,3.1469,12.5021,6.0892,18.0266,111.5852,0.0,10.0
4142.0,237.1994,72.6988,136.872,2.6867,129.1373,17.721,9.1629,8.7419,3.139,12.6195,6.0846,17.9841,111.5607,0.0,10.0
4142.1,237.721,72.9069,136.9347,2.6847,129.3817,17.7232,9.1427,8.7157,3.1389,12.755,6.031,17.9921,111.5303,0.0,10.0
4142.2,238.0801,73.2029,136.9706,2.6815,129.3991,17.7226,9.1099,8.6763,3.1423,12.8594,5.9468,17.9354,111.5033,0.0,10.0
4142.3,238.315,73.5134,136.9507,2.6799,129.1154,17.7331,9.0731,8.6334,3.1553,12.8578,5.8337,17.9316,111.4971,0.0,10.0
4142.4,238.4939,73.793,136.7907,2.6819,128.1802,17.7356,9.0434,8.5983,3.1906,12.7324,5.6664,17.9063,111.531,0.0,10.0
4142.5,238.6212,73.8775,136.3782,2.6868,126.427,17.6658,9.0255,8.5763,3.2499,12.5253,5.443,17.9149,111.6194,0.0,10.0
4142.6,238.5654,73.8277,135.7893,2.6914,124.5658,17.4943,9.0194,8.567,3.3165,12.3457,5.2158,17.8865,111.7668,0.0,10.0
4142.7,238.133,73.5384,134.8815,2.6931,123.3671,17.295,9.028,8.5728,3.3717,12.2421,5.0236,17.8935,111.9673,0.0,10.0
4142.8,237.2513,73.1611,133.7863,2.6915,123.2711,17.2105,9.0591,8.6004,3.3998,12.2085,4.9026,17.8786,112.2061,0.0,10.0
4142.9,235.9528,72.763,132.6082,2.6888,123.8091,17.3428,9.1212,8.659,3.3947,12.2183,4.8624,17.8597,112.4597,0.0,10.0
4143.0,234.3274,72.4711,131.45,2.6868,124.2455,17.6112,9.2306,8.766,3.3555,12.2532,4.9133,17.8584,112.6954,0.0,10.0
4143.1,232.5352,72.332,130.6164,2.6872,123.9789,17.8112,9.4153,8.9506,3.287,12.303,5.0494,17.8431,112.8772,0.0,10.0
4143.2,230.7407,72.3121,130.0645,2.6906,122.9829,17.7894,9.6988,9.2358,3.1924,12.3331,5.2668,17.8619,112.9716,0.0,10.0
4143.3,229.2393,72.5431,130.2745,2.6953,121.9776,17.6273,10.0931,9.6293,3.0923,12.3157,5.5162,17.8352,112.9551,0.0,10.0
4143.4,228.2783,72.8546,131.0064,2.6993,121.631,17.5084,10.5572,10.0821,2.9976,12.2381,5.7771,17.8273,112.8233,0.0,10.0
4143.5,227.9445,73.2183,132.1293,2.7003,122.1248,17.5354,10.9713,10.4718,2.9193,12.0877,6.0322,17.8678,112.5965,0.0,10.0
4143.6,228.18,73.5171,133.6235,2.6988,122.9298,17.6411,11.2045,10.6717,2.8691,11.8761,6.2448,17.8799,112.3171,0.0,10.0
4143.7,228.749,73.6968,134.9967,2.6957,123.4966,17.6999,11.1492,10.5848,2.8473,11.6123,6.4083,17.814,112.0356,0.0,10.0
4143.8,229.4676,73.7721,136.2572,2.6921,123.2323,17.6527,10.8543,10.2705,2.8582,11.343,6.4886,17.8172,111.7917,0.0,10.0
4143.9,230.2765,73.6684,136.9281,2.6889,122.5014,17.5332,10.4387,9.8517,2.876,11.153,6.5122,17.7836,111.6071,0.0,10.0
4144.0,231.1599,73.547,137.3926,2.6867,121.8624,17.5109,10.0275,9.4515,2.887,11.1369,6.4666,17.8514,111.4843,0.0,10.0
4144.1,232.1028,73.4072,137.644,2.6857,121.7431,17.6874,9.7007,9.1423,2.8858,11.3511,6.3364,17.8754,111.4111,0.0,10.0
4144.2,233.1184,73.3256,137.7501,2.6858,122.0014,17.9464,9.4747,8.9337,2.8725,11.7214,6.1626,17.8593,111.3677,0.0,10.0
4144.3,234.2455,73.2773,137.8722,2.6861,122.4145,18.107,9.3402,8.8126,2.8527,12.1704,5.966,17.8933,111.3355,0.0,10.0
4144.4,235.4978,73.2684,138.0204,2.6849,122.5987,18.0648,9.2709,8.7514,2.8334,12.632,5.7587,17.9289,111.3035,0.0,10.0
4144.5,236.8172,73.3279,138.1277,2.6821,122.202,17.8284,9.2369,8.7216,2.8166,13.1297,5.5197,17.9681,111.272,0.0,10.0
4144.6,238.0205,73.4054,138.1876,2.6789,121.5096,17.5549,9.223,8.7089,2.8105,13.5989,5.2689,17.9751,111.2484,0.0,10.0
4144.7,238.9267,73.5013,138.1805,2.6766,120.9493,17.3864,9.2241,8.7088,2.822,13.9975,5.0215,17.999,111.2411,0.0,10.0
4144.8,239.4218,73.5479,138.0047,2.6757,120.8671,17.4031,9.2349,8.7167,2.8494,14.288,4.8081,18.0367,111.2554,0.0,10.0
4144.9,239.441,73.5652,137.7642,2.6761,121.2841,17.554,9.2465,8.7253,2.8857,14.4636,4.6532,18.0535,111.2894,0.0,10.0
4145.0,239.07,73.5412,137.449,2.6765,121.9901,17.7565,9.2516,8.729,2.9192,14.5365,4.5756,18.0674,111.3345,0.0,10.0
4145.1,238.4049,73.5048,137.196,2.6763,122.7783,17.9328,9.254,8.7309,2.9462,14.4764,4.5954,18.1508,111.3785,0.0,10.0
4145.2,237.5458,73.4803,137.0281,2.6758,123.5165,18.0166,9.2655,8.7403,2.9673,14.3691,4.6686,18.2322,111.4091,0.0,10.0
4145.3,236.7064,73.4901,137.0276,2.6758,124.1909,17.9697,9.2973,8.7656,2.9858,14.2421,4.7588,18.2764,111.4167,0.0,10.0
4145.4,236.1183,73.5718,137.1732,2.6763,124.7317,17.8073,9.344,8.8027,3.0002,14.0885,4.863,18.3579,111.3967,0.0,10.0
4145.5,235.9812,73.6825,137.3997,2.6764,125.1259,17.6501,9.3902,8.8391,3.0056,13.8606,4.9948,18.428,111.3499,0.0,10.0
4145.6,236.3544,73.818,137.7412,2.6755,125.2766,17.6444,9.4187,8.86,3.0055,13.5034,5.1661,18.5018,111.2827,0.0,10.0
4145.7,237.223,73.9466,138.1141,2.6746,124.9052,17.8286,9.4242,8.8605,3.0059,13.0235,5.3578,18.4149,111.2046,0.0,10.0
4145.8,238.6232,74.0787,138.5038,2.6752,124.1404,18.0655,9.4105,8.8434,3.0112,12.5541,5.5141,18.2029,111.1245,0.0,10.0
4145.9,240.5142,74.2346,138.9136,2.678,123.3004,18.1336,9.3768,8.8079,3.0181,12.2144,5.6068,17.2971,111.0491,0.0,10.0
4146.0,242.6178,74.3605,139.3166,2.6825,122.6902,17.9478,9.3149,8.7466,3.021,12.0417,5.6383,17.2976,110.9825,0.0,10.0
4146.1,244.4996,74.461,139.7031,2.6871,122.5299,17.6207,9.2192,8.6549,3.0161,11.9703,5.6488,17.2579,110.9259,0.0,10.0
4146.2,245.6763,74.501,140.0184,2.6912,122.5788,17.4277,9.0938,8.5366,3.0048,11.9527,5.6585,17.2976,110.8792,0.0,10.0
4146.3,245.9179,74.5238,140.2685,2.6941,122.3522,17.5254,8.9596,8.4099,2.9902,11.9973,5.6585,17.2772,110.8411,0.0,10.0
4146.4,245.1564,74.5368,140.476,2.6963,121.7317,17.9117,8.8421,8.2967,2.9719,12.1311,5.6357,17.3006,110.808,0.0,10.0
4146.5,243.3514,74.5525,140.6458,2.6978,121.1895,18.3501,8.7543,8.2085,2.9501,12.3122,5.596,17.3082,110.7757,0.0,10.0
4146.6,240.8834,74.5635,140.8291,2.6987,121.0923,18.6112,8.6918,8.1426,2.9238,12.5092,5.5479,17.3175,110.7396,0.0,10.0
4146.7,238.2834,74.5729,141.0246,2.6985,121.4789,18.5775,8.637,8.0856,2.8901,12.7126,5.5047,17.2975,110.6967,0.0,10.0
4146.8,236.2425,74.6077,141.2616,2.6971,121.8723,18.3902,8.5793,8.0293,2.8509,12.9257,5.468,17.291,110.6473,0.0,10.0
4146.9,235.1973,74.6755,141.4952,2.6952,121.887,18.2979,8.5193,7.9737,2.8099,13.1509,5.4352,17.2806,110.5943,0.0,10.0
4147.0,235.2002,74.7726,141.7254,2.6943,121.2793,18.4641,8.4625,7.9217,2.7786,13.4007,5.3815,17.3144,110.5437,0.0,10.0
4147.1,236.1093,74.9313,141.9084,2.6947,120.5932,18.8498,8.4126,7.8745,2.7577,13.691,5.3003,17.2834,110.5028,0.0,10.0
4147.2,237.5974,75.0844,142.009,2.695,120.1878,19.243,8.3705,7.8332,2.7499,14.0276,5.1877,17.278,110.4805,0.0,10.0
4147.3,239.2919,75.2316,142.0231,2.6927,120.2325,19.4475,8.3366,7.8,2.7545,14.3973,5.0565,17.3184,110.4906,0.0,10.0
4147.4,240.8201,75.256,141.6613,2.6877,120.7661,19.3304,8.3136,7.7792,2.7795,14.8478,4.8847,17.2827,110.5506,0.0,10.0
4147.5,241.8086,75.1874,141.0627,2.6822,121.7752,18.9762,8.3128,7.7829,2.8243,15.3649,4.6628,17.2925,110.6778,0.0,10.0
4147.6,242.0578,75.0059,140.1804,2.6792,123.0917,18.5124,8.3575,7.8326,2.8845,15.8701,4.4106,17.2924,110.8768,0.0,10.0
4147.7,241.4733,74.6083,138.8309,2.6797,124.3038,18.0681,8.476,7.9535,2.9448,16.2534,4.1798,17.2998,111.1378,0.0,10.0
4147.8,240.0188,74.1149,137.2931,2.6815,124.9741,17.6589,8.7056,8.1802,2.9942,16.4836,4.0038,17.2952,111.4478,0.0,10.0
4147.9,237.8788,73.5035,135.5299,2.6816,124.7434,17.2275,9.0808,8.5445,3.0348,16.608,3.863,17.3107,111.8024,0.0,10.0
4148.0,235.2796,72.7847,133.6811,2.6788,123.8817,16.7062,9.5838,9.0266,3.0612,16.6231,3.7705,17.2801,112.1991,0.0,10.0
4148.1,232.4906,72.0482,131.8495,2.6748,123.1137,16.1311,10.1528,9.5644,3.0745,16.5297,3.7351,17.2706,112.632,0.0,10.0
4148.2,229.7903,71.3097,130.0756,2.6713,122.6863,15.6084,10.687,10.0619,3.0753,16.2725,3.7739,17.2796,113.0794,0.0,10.0
4148.3,227.3955,70.6501,128.5189,2.6696,122.5161,15.2507,11.123,10.4638,3.0608,15.8094,3.9102,17.2845,113.5135,0.0,10.0
4148.4,225.4933,70.0599,127.1347,2.6692,122.2819,15.0058,11.4638,10.7793,3.0395,15.2651,4.0909,17.2997,113.9103,0.0,10.0
4148.5,224.1097,69.5941,126.0472,2.6699,121.7905,14.974,11.7564,11.0564,3.0149,14.7368,4.2864,17.3175,114.2502,0.0,10.0
4148.6,223.1973,69.3087,125.3175,2.6723,121.2266,14.9143,12.0402,11.3284,2.996,14.3225,4.4508,17.3077,114.5177,0.0,10.0
4148.7,222.6987,69.1284,124.7839,2.6754,121.0442,14.839,12.2999,11.5748,2.9848,13.9921,4.5849,17.279,114.7068,0.0,10.0
4148.8,222.4997,69.1047,124.5241,2.6768,121.2371,14.7944,12.4827,11.7422,2.9777,13.6973,4.7107,17.301,114.8192,0.0,10.0
4148.9,222.4832,69.1327,124.3997,2.6732,121.383,14.8024,12.5747,11.8196,2.9761,13.4547,4.8277,17.2799,114.8689,0.0,10.0
4149.0,222.5752,69.1751,124.3285,2.6655,121.2854,14.8166,12.6049,11.8381,2.9761,13.2648,4.9479,17.2842,114.8806,0.0,10.0
4149.1,222.7069,69.1959,124.2645,2.6579,121.1814,14.8048,12.6049,11.8296,2.9815,13.1015,5.0786,17.3017,114.8813,0.0,10.0
4149.2,222.8075,69.1939,124.158,2.6547,121.4087,14.7872,12.5651,11.7824,2.9943,12.9234,5.2276,17.3023,114.8937,0.0,10.0
4149.3,222.8105,69.182,124.0263,2.657,122.171,14.8163,12.4154,11.6286,3.0102,12.736,5.3757,17.3029,114.9274,0.0,10.0
4149.4,222.667,69.1772,123.8676,2.6624,123.1557,14.885,12.0523,11.2755,3.0261,12.6251,5.4699,17.2869,114.9765,0.0,10.0
4149.5,222.4149,69.1924,123.7413,2.6676,123.6446,14.8957,11.4403,10.6985,3.0398,12.6877,5.4624,17.2723,115.028,0.0,10.0
4149.6,222.1563,69.2157,123.6472,2.6708,123.2302,14.7752,10.6968,10.0107,3.0507,12.9971,5.3351,17.2982,115.0692,0.0,10.0
4149.7,222.0398,69.207,123.6655,2.6729,122.3206,14.5664,10.0006,9.376,3.0561,13.4358,5.1545,17.284,115.092,0.0,10.0
4149.8,222.1447,69.1574,123.7677,2.675,121.3355,14.402,9.5446,8.9695,3.0569,13.9438,4.9446,17.3063,115.0924,0.0,10.0
4149.9,222.4942,69.0798,123.9378,2.6773,120.6226,14.3986,9.4124,8.8663,3.0565,14.4559,4.7297,17.3014,115.0677,0.0,10.0
4150.0,223.115,69.0307,124.2289,2.6785,120.4498,14.5579,9.6169,9.0762,3.0498,14.9758,4.5321,17.2949,115.0166,0.0,10.0
4150.1,223.957,69.0434,124.5594,2.6778,120.862,14.8318,10.1251,9.5623,3.0299,15.4746,4.3887,17.3102,114.9424,0.0,10.0
4150.2,224.9174,69.1111,124.9244,2.6755,121.5995,15.1474,10.7648,10.1578,2.9983,15.7697,4.3633,17.2869,114.8542,0.0,10.0
4150.3,225.814,69.2655,125.2838,2.6743,122.4842,15.413,11.3449,10.683,2.9598,15.8288,4.4522,17.3115,114.7662,0.0,10.0
4150.4,226.466,69.4129,125.6089,2.6767,123.7153,15.5234,11.704,10.9936,2.9236,15.6527,4.6505,17.3064,114.6903,0.0,10.0
4150.5,226.83,69.5527,125.8972,2.6828,125.1596,15.4146,11.8317,11.0902,2.8918,15.3384,4.9236,17.3148,114.6288,0.0,10.0
4150.6,226.9902,69.6188,126.1171,2.6884,126.1807,15.2059,11.8163,11.0598,2.8697,14.9824,5.1813,17.2772,114.5754,0.0,10.0
4150.7,227.1068,69.6844,126.3235,2.6904,126.26,15.0487,11.7345,10.9725,2.8566,14.6372,5.3825,17.3079,114.5201,0.0,10.0
4150.8,227.2826,69.7531,126.516,2.6883,125.4413,15.0693,11.6143,10.8521,2.855,14.4083,5.4888,17.3083,114.4569,0.0,10.0
4150.9,227.5368,69.8722,126.7367,2.6854,124.8074,15.2317,11.464,10.7048,2.867,14.3793,5.5025,17.3252,114.3861,0.0,10.0
4151.0,227.8318,70.0066,126.9755,2.684,125.2065,15.4445,11.2997,10.5445,2.889,14.5508,5.4356,17.3122,114.3111,0.0,10.0
4151.1,228.0797,70.1578,127.2386,2.6833,126.3114,15.6292,11.1523,10.3992,2.9187,14.8131,5.3214,17.3325,114.2342,0.0,10.0
4151.2,228.1664,70.2831,127.4665,2.6808,126.8796,15.7863,11.049,10.2943,2.9535,15.0821,5.2022,17.3329,114.159,0.0,10.0
4151.3,227.9377,70.3824,127.6512,2.6763,126.5435,15.9436,11.0036,10.2435,3.0021,15.329,5.0794,17.341,114.0923,0.0,10.0
4151.4,227.4091,70.4391,127.763,2.6722,125.9359,16.0858,11.0127,10.245,3.0606,15.5259,4.9729,17.3061,114.0445,0.0,10.0
4151.5,226.713,70.4385,127.7871,2.6717,125.9152,16.1745,11.049,10.2743,3.1193,15.6086,4.9158,17.3524,114.024,0.0,10.0
4151.6,226.0834,70.4194,127.7712,2.6746,126.4489,16.2219,11.0903,10.3106,3.1723,15.5215,4.9175,17.2839,114.0314,0.0,10.0
4151.7,225.7089,70.3868,127.7059,2.6789,127.0734,16.2817,11.1265,10.3447,3.2203,15.2836,4.9607,17.2818,114.0588,0.0,10.0
4151.8,225.6513,70.3659,127.6278,2.6825,127.3688,16.3822,11.1614,10.3786,3.2631,14.8745,5.0476,17.3028,114.0942,0.0,10.0
4151.9,225.8878,70.3591,127.5553,2.685,127.4869,16.4901,11.1995,10.4155,3.2826,14.3377,5.2149,17.2813,114.1258,0.0,10.0
4152.0,226.3125,70.3856,127.5118,2.6869,127.6717,16.5575,11.2325,10.4475,3.2685,13.6878,5.4839,17.2516,114.1446,0.0,10.0
4152.1,226.8083,70.4588,127.5156,2.6882,127.9796,16.5588,11.2382,10.4551,3.2219,12.9821,5.8301,17.2637,114.1451,0.0,10.0
4152.2,227.2913,70.5516,127.557,2.6881,128.1471,16.5126,11.1973,10.4209,3.1534,12.2658,6.2111,17.2966,114.1268,0.0,10.0
4152.3,227.6859,70.65,127.6773,2.6863,127.9371,16.4294,11.1062,10.3424,3.0592,11.5818,6.6167,17.2683,114.0947,0.0,10.0
4152.4,227.9431,70.7128,127.811,2.6835,127.2495,16.2813,10.9999,10.2514,2.9471,11.0609,6.9856,17.2829,114.0596,0.0,10.0
4152.5,228.0182,70.7429,127.9395,2.6811,126.3328,16.0615,10.9346,10.1988,2.8368,10.7851,7.2586,17.2699,114.0359,0.0,10.0
4152.6,227.8826,70.6847,128.0002,2.6805,125.6206,15.8142,10.9606,10.2285,2.7595,10.7686,7.3749,17.2388,114.0382,0.0,10.0
4152.7,227.5814,70.5918,127.9664,2.6829,125.3807,15.6283,11.0865,10.3457,2.727,10.9596,7.3234,17.2316,114.0755,0.0,10.0
4152.8,227.1652,70.4688,127.8592,2.6883,125.2227,15.5406,11.2632,10.5046,2.7437,11.3554,7.0814,17.2181,114.1468,0.0,10.0
4152.9,226.6843,70.2628,127.6029,2.6945,124.5914,15.5026,11.4342,10.6549,2.7991,11.9845,6.6557,17.2265,114.2409,0.0,10.0
4153.0,226.2175,70.0728,127.3239,2.6995,123.4843,15.4192,11.5583,10.7621,2.869,12.7174,6.1645,17.2253,114.3393,0.0,10.0
4153.1,225.8483,69.9014,127.0325,2.7013,122.303,15.2453,11.6313,10.824,2.9334,13.4221,5.7232,17.2275,114.4229,0.0,10.0
4153.2,225.658,69.8545,126.8213,2.7001,121.4142,15.0483,11.6589,10.8456,2.982,13.9723,5.4031,17.248,114.4767,0.0,10.0
4153.3,225.6347,69.8775,126.6913,2.6969,120.9718,14.9634,11.6395,10.8236,3.0162,14.3883,5.1875,17.2465,114.4934,0.0,10.0
4153.4,225.7129,69.9634,126.6348,2.693,121.2141,15.0911,11.581,10.7639,3.0396,14.6947,5.0633,17.2135,114.4717,0.0,10.0
4153.5,225.8416,70.0737,126.7476,2.6897,122.0492,15.3789,11.4917,10.6747,3.0439,14.8815,5.0471,17.2251,114.4137,0.0,10.0
4153.6,226.0356,70.1777,126.9775,2.6874,123.2833,15.6809,11.3701,10.5552,3.0324,14.9604,5.116,17.2129,114.3199,0.0,10.0
4153.7,226.3587,70.275,127.334,2.6866,124.3048,15.8597,11.2038,10.3952,3.0098,14.9075,5.2521,17.2297,114.1865,0.0,10.0
4153.8,226.8909,70.4224,128.0104,2.6866,124.5713,15.9326,10.9792,10.1833,2.9865,14.7705,5.4181,17.1984,114.0079,0.0,10.0
4153.9,227.7015,70.6605,128.8289,2.6865,124.3955,16.0064,10.7001,9.9241,2.9729,14.5952,5.5795,17.2052,113.7839,0.0,10.0
4154.0,228.7963,71.0153,129.815,2.6849,124.5703,16.1459,10.4037,9.6502,2.9705,14.4582,5.6942,17.2041,113.5266,0.0,10.0
4154.1,230.1457,71.4349,130.8508,2.6809,125.3184,16.3086,10.1289,9.3956,2.9767,14.4816,5.7075,17.2466,113.2626,0.0,10.0
4154.2,231.6505,71.8158,131.8114,2.6753,126.1589,16.4353,9.8932,9.177,2.9839,14.6784,5.6298,17.1822,113.0241,0.0,10.0
4154.3,233.1045,72.124,132.6434,2.6703,126.6871,16.5205,9.6946,8.9952,2.9888,15.0512,5.4764,17.1988,112.8349,0.0,10.0
4154.4,234.3076,72.2619,133.1467,2.6688,126.8777,16.5953,9.5261,8.8459,2.993,15.4929,5.2836,17.2032,112.7097,0.0,10.0
4154.5,235.0368,72.3141,133.4291,2.6713,126.9933,16.6607,9.3964,8.737,2.9966,15.9227,5.0757,17.2024,112.6558,0.0,10.0
4154.6,235.2617,72.2515,133.3805,2.6771,127.0909,16.6692,9.3291,8.6871,2.9993,16.2616,4.8823,17.2154,112.6763,0.0,10.0
4154.7,235.0151,72.1013,132.9844,2.6837,126.9836,16.6027,9.3261,8.6947,3.0041,16.429,4.7311,17.2078,112.7667,0.0,10.0
4154.8,234.3566,71.9254,132.4237,2.6889,126.6829,16.5224,9.3838,8.7556,3.0145,16.3931,4.6489,17.2065,112.9139,0.0,10.0
4154.9,233.4452,71.7368,131.6548,2.6918,126.2997,16.5019,9.4871,8.8526,3.0336,16.1059,4.6513,17.2365,113.0961,0.0,10.0
4155.0,232.4009,71.5211,130.8301,2.6922,125.8973,16.5233,9.545,8.8984,3.0787,15.5372,4.7093,17.1985,113.2921,0.0,10.0
4155.1,231.2885,71.3024,130.0107,2.6909,125.5636,16.4815,9.414,8.7636,3.1451,14.8418,4.7756,17.188,113.4862,0.0,10.0
4155.2,230.1488,71.1006,129.263,2.688,125.479,16.3003,8.9593,8.3353,3.2216,14.1602,4.8269,17.2181,113.6682,0.0,10.0
4155.3,229.0383,70.8876,128.6101,2.6831,125.6974,16.0172,8.2526,7.6904,3.295,13.6717,4.8375,17.2004,113.8351,0.0,10.0
4155.4,228.0155,70.6653,128.0072,2.6775,125.8812,15.7459,7.5051,7.0244,3.3576,13.371,4.815,17.1977,113.9911,0.0,10.0
4155.5,227.1241,70.4225,127.4558,2.6734,125.8878,15.5613,6.947,6.4445,3.4157,13.2186,4.7496,17.1829,114.1421,0.0,10.0
4155.6,226.3682,70.1833,126.9736,2.6735,125.8023,15.4616,6.6694,6.3051,3.4563,13.1903,4.676,17.1905,114.2909,0.0,10.0
4155.7,225.7512,69.9533,126.5486,2.6779,125.813,15.3869,6.5872,6.2794,3.4721,13.3126,4.5878,17.1732,114.4331,0.0,10.0
4155.8,225.3136,69.7676,126.2582,2.6839,125.8616,15.2585,6.5826,6.2586,3.4574,13.6124,4.4871,17.174,114.5561,0.0,10.0
4155.9,225.0515,69.5938,126.0787,2.6881,125.6258,15.0119,6.5909,6.2612,3.4132,14.0591,4.3769,17.1853,114.6462,0.0,10.0
4156.0,224.948,69.4298,125.9835,2.688,125.0331,14.6414,6.6022,6.2784,3.3564,14.5782,4.2553,17.1668,114.6938,0.0,10.0
4156.1,225.0533,69.2894,126.0413,2.6845,124.4092,14.2186,6.6257,6.3079,3.3029,15.0527,4.1419,17.1831,114.6959,0.0,10.0
4156.2,225.4433,69.1966,126.1832,2.6797,123.9329,13.8826,6.6803,6.3569,3.265,15.4491,4.0275,17.1903,114.6561,0.0,10.0
4156.3,226.2042,69.1472,126.395,2.6755,123.6679,13.8028,6.7704,6.4246,3.2461,15.7862,3.9132,17.1578,114.5807,0.0,10.0
4156.4,227.3822,69.2564,126.7462,2.6728,123.562,14.0585,6.8854,6.503,3.244,16.0647,3.8023,17.167,114.4766,0.0,10.0
4156.5,228.8192,69.4487,127.1478,2.671,123.6629,14.5837,6.9961,6.5737,3.2601,16.2557,3.7005,17.1915,114.352,0.0,10.0
4156.6,230.2841,69.7168,127.595,2.6699,124.0672,15.1814,7.0693,6.6187,3.2912,16.2597,3.6439,17.1748,114.2182,0.0,10.0
4156.7,231.5322,70.0867,128.0562,2.6699,124.7795,15.6258,7.0877,6.6288,3.3371,16.0158,3.6537,17.1498,114.0902,0.0,10.0
4156.8,232.3433,70.4533,128.4803,2.6726,125.7238,15.8154,7.0529,6.604,3.3903,15.5129,3.7541,17.1574,113.9835,0.0,10.0
4156.9,232.6083,70.8163,128.8637,2.6798,126.8467,15.7938,6.9931,6.5612,3.4431,14.8341,3.9236,17.1352,113.9091,0.0,10.0
4157.0,232.2827,71.08,129.1183,2.6902,127.9199,15.6697,6.9374,6.5208,3.4823,14.1981,4.0985,17.1221,113.8705,0.0,10.0
4157.1,231.506,71.2872,129.2928,2.7009,128.4635,15.4954,6.9078,6.5022,3.4929,13.6809,4.2804,17.1441,113.8634,0.0,10.0
4157.2,230.5783,71.4256,129.369,2.7085,128.0144,15.2595,6.9188,6.5181,3.4734,13.2409,4.4934,17.1677,113.8777,0.0,10.0
4157.3,229.7601,71.4604,129.2788,2.711,126.8236,15.0088,6.9741,6.5717,3.4354,12.9052,4.7114,17.1578,113.9038,0.0,10.0
4157.4,229.2127,71.4559,129.0973,2.7095,125.7266,14.8649,7.0761,6.6636,3.399,12.6909,4.8805,17.1236,113.9368,0.0,10.0
4157.5,228.8859,71.4053,128.7957,2.7053,125.6234,14.9567,7.2221,6.7909,3.3715,12.6887,4.9595,17.1651,113.9775,0.0,10.0
4157.6,228.622,71.3194,128.3832,2.6998,126.9273,15.3259,7.3944,6.9447,3.3471,12.8391,4.9836,17.1799,114.0288,0.0,10.0
4157.7,228.1575,71.2081,127.9585,2.6934,128.7394,15.8703,7.579,7.1234,3.328,13.0482,4.9616,17.1568,114.0916,0.0,10.0
4157.8,227.3835,71.0579,127.5468,2.6868,129.8427,16.4249,7.7859,7.3389,3.3135,13.2426,4.889,17.1239,114.1634,0.0,10.0
4157.9,226.4158,70.8612,127.2287,2.6818,129.0881,16.8282,8.0451,7.5994,3.3063,13.4069,4.7435,17.1303,114.24,0.0,10.0
4158.0,225.6293,70.6573,126.9747,2.6801,126.9392,16.9967,8.3818,7.906,3.2993,13.5649,4.5775,17.1295,114.314,0.0,10.0
4158.1,225.4206,70.4636,126.8262,2.6826,124.4083,16.9442,8.7891,8.2395,3.2827,13.6965,4.4598,17.1098,114.3728,0.0,10.0
4158.2,226.0084,70.3561,126.8421,2.6873,122.9593,16.739,9.1904,8.5514,3.2467,13.8148,4.4257,17.1257,114.3988,0.0,10.0
4158.3,227.4741,70.3158,126.9753,2.69,122.6703,16.4757,9.4976,8.7939,3.1904,13.9554,4.4542,17.0952,114.3746,0.0,10.0
4158.4,229.5758,70.4054,127.32,2.6881,122.9401,16.2275,9.6361,8.9258,3.1289,14.1262,4.5025,17.0845,114.2909,0.0,10.0
4158.5,231.8557,70.5709,127.833,2.6815,123.1657,16.0534,9.6257,8.9541,3.0705,14.2988,4.5713,17.1292,114.1537,0.0,10.0
4158.6,233.7821,70.76,128.4309,2.6734,123.2679,15.9912,9.5375,8.9139,3.0145,14.4292,4.681,17.1429,113.9845,0.0,10.0
4158.7,234.9211,70.9173,129.1016,2.6674,123.5951,16.0016,9.4357,8.8406,2.9575,14.5508,4.8227,17.1278,113.8137,0.0,10.0
4158.8,235.247,70.9982,129.6982,2.6662,124.5272,15.9949,9.3554,8.7614,2.906,14.7212,4.9647,17.1478,113.6693,0.0,10.0
4158.9,234.958,71.028,130.2257,2.6696,125.761,15.8989,9.2946,8.6852,2.8789,14.9818,5.0425,17.1301,113.5663,0.0,10.0
4159.0,234.3523,70.9823,130.5587,2.6757,126.5673,15.7485,9.234,8.6089,2.8765,15.2858,5.0568,17.1131,113.5054,0.0,10.0
4159.1,233.7197,70.9381,130.7727,2.6823,126.6181,15.642,9.1584,8.5293,2.9011,15.5962,5.0209,17.1199,113.4757,0.0,10.0
4159.2,233.226,70.8998,130.9035,2.6868,126.4228,15.655,9.0722,8.45,2.9483,15.8743,4.9635,17.0872,113.4622,0.0,10.0
4159.3,233.0098,70.9115,130.946,2.6879,126.6592,15.7596,8.9912,8.381,3.0089,16.1082,4.9109,17.0969,113.4519,0.0,10.0
4159.4,233.0312,70.9286,130.9737,2.6857,127.5128,15.8659,8.9376,8.3398,3.0682,16.2444,4.8951,17.0868,113.4385,0.0,10.0
4159.5,233.1659,70.9492,130.9902,2.682,128.5406,15.9082,8.9234,8.3353,3.1095,16.201,4.9517,17.0986,113.4213,0.0,10.0
4159.6,233.273,70.955,131.006,2.6792,129.0198,15.8996,8.9573,8.3718,3.1346,15.991,5.0679,17.0872,113.4034,0.0,10.0
4159.7,233.313,70.9627,131.0267,2.6784,128.766,15.8945,9.0492,8.4512,3.146,15.6263,5.2275,17.1009,113.3857,0.0,10.0
4159.8,233.3474,70.972,131.0518,2.6784,128.289,15.9274,9.1839,8.557,3.1415,15.1813,5.4029,17.1279,113.3665,0.0,10.0
4159.9,233.4742,71.0125,131.0826,2.6768,128.1289,15.9952,9.3343,8.6693,3.117,14.7087,5.593,17.1049,113.3429,0.0,10.0
4160.0,233.7595,71.0699,131.1182,2.6735,128.3436,16.0593,9.462,8.7659,3.0765,14.2818,5.7724,17.08,113.3145,0.0,10.0
4160.1,234.2093,71.1462,131.159,2.6699,128.5632,16.0809,9.5424,8.8333,3.0268,13.9554,5.9168,17.1014,113.284,0.0,10.0
4160.2,234.7903,71.2312,131.2351,2.6685,128.4203,16.0486,9.5787,8.8707,2.9815,13.7807,5.9813,17.0836,113.2556,0.0,10.0
4160.3,235.3733,71.3123,131.3238,2.6697,127.8758,15.9841,9.5869,8.8846,2.9524,13.7447,5.9579,17.1029,113.2317,0.0,10.0
4160.4,235.7916,71.3871,131.4273,2.6718,127.0619,15.9009,9.5855,8.8873,2.9404,13.8316,5.8557,17.1054,113.2118,0.0,10.0
4160.5,235.8978,71.4644,131.5008,2.6723,126.3253,15.8129,9.5844,8.5673,2.9384,13.9686,5.7257,17.0801,113.1953,0.0,10.0
4160.6,235.5941,71.5361,131.5419,2.6709,125.917,15.7281,9.5892,8.4477,2.9376,14.1133,5.6006,17.0905,113.1861,0.0,10.0
4160.7,234.9816,71.598,131.5347,2.6696,125.8133,15.6348,9.6046,8.6549,2.9385,14.2611,5.476,17.099,113.192,0.0,10.0
4160.8,234.2251,71.6098,131.4601,2.6717,125.6828,15.5361,9.6297,8.4431,2.9447,14.4337,5.3178,17.1019,113.2206,0.0,10.0
4160.9,233.5541,71.5988,131.3641,2.6779,125.2246,15.4833,9.6603,8.3887,2.9621,14.6373,5.1128,17.0973,113.2725,0.0,10.0
4161.0,233.1072,71.559,131.2485,2.6871,124.3586,15.5483,9.6904,8.3887,2.9844,14.8357,4.8971,17.0483,113.3392,0.0,10.0
4161.1,232.8848,71.4995,131.1564,2.6959,123.4444,15.7875,9.7165,8.3887,3.0054,14.9906,4.7232,17.049,113.4058,0.0,10.0
4161.2,232.7826,71.4448,131.0831,2.7015,122.8902,16.1768,9.7385,8.3887,3.0186,15.1044,4.5998,17.0677,113.4576,0.0,10.0
4161.3,232.6636,71.4151,131.0433,2.7027,122.895,16.6266,9.7568,8.9494,3.0311,15.252,4.4796,17.0591,113.4856,0.0,10.0
4161.4,232.4744,71.4315,131.0306,2.6997,123.3904,17.0476,9.7725,9.0847,3.0611,15.52,4.2849,17.0737,113.4891,0.0,10.0
4161.5,232.2324,71.4615,131.0364,2.6952,123.9666,17.3452,9.7898,9.1303,3.109,15.879,4.0188,17.0669,113.474,0.0,10.0
4161.6,231.9922,71.4872,131.0744,2.6911,124.3609,17.4303,9.8425,9.2423,3.1708,16.2692,3.7175,17.076,113.4493,0.0,10.0
4161.7,231.8081,71.4758,131.1588,2.6892,124.3292,17.252,10.0272,9.4666,3.2334,16.5797,3.4525,17.0479,113.4204,0.0,10.0
4161.8,231.7465,71.4507,131.2848,2.6899,124.251,16.9079,10.4302,9.8228,3.298,16.7978,3.2152,17.0501,113.3849,0.0,10.0
4161.9,231.8625,71.4323,131.5109,2.6923,124.6685,16.644,11.0606,10.2912,3.3657,17.0011,2.9627,17.1072,113.3328,0.0,10.0
4162.0,232.1499,71.4924,131.8711,2.6947,125.766,16.5874,11.7714,10.7358,3.4278,17.2118,2.7081,17.0735,113.2521,0.0,10.0
4162.1,232.5887,71.6191,132.3281,2.6954,126.8326,16.7038,12.3681,10.9778,3.4572,17.3359,2.5606,17.1165,113.134,0.0,10.0
4162.2,233.1834,71.912,132.9621,2.694,126.9621,16.8084,12.7279,10.9047,3.451,17.259,2.5764,17.0798,112.9791,0.0,10.0
4162.3,233.9027,72.2851,133.6531,2.6915,126.0153,16.8213,12.8568,10.5207,3.4154,16.9475,2.7714,17.065,112.7978,0.0,10.0
4162.4,234.705,72.7063,134.3773,2.6895,124.9629,16.8022,12.8813,10.0147,3.3475,16.4408,3.1583,17.0834,112.6066,0.0,10.0
4162.5,235.4919,73.0957,135.0719,2.6886,125.0551,16.8765,12.8836,9.5939,3.2433,15.7618,3.7465,17.1165,112.4254,0.0,10.0
4162.6,236.1401,73.4118,135.6813,2.6891,126.631,17.0738,12.8855,9.3858,3.1083,14.979,4.4784,17.1173,112.2711,0.0,10.0
4162.7,236.5551,73.665,136.2152,2.6909,128.7602,17.3378,12.8887,9.3816,2.9862,14.3158,5.1294,17.0725,112.155,0.0,10.0
4162.8,236.615,73.7766,136.5173,2.693,130.2493,17.5892,12.8925,9.5324,2.9029,13.8993,5.5579,17.1037,112.0839,0.0,10.0
4162.9,236.2884,73.8076,136.6683,2.6947,130.8992,17.7961,12.8955,9.7361,2.8524,13.6554,5.806,17.0762,112.0607,0.0,10.0
4163.0,235.6118,73.7628,136.6778,2.6949,130.8934,17.9434,12.897,9.9151,2.8215,13.4774,5.9509,17.0854,112.0872,0.0,10.0
4163.1,234.6628,73.5471,136.3331,2.6936,130.496,18.0227,12.8976,10.1215,2.796,13.3626,6.0214,17.0756,112.1644,0.0,10.0
4163.2,233.5725,73.2504,135.8323,2.6915,129.654,18.0466,12.8982,10.2818,2.7836,13.3907,5.9467,17.04,112.289,0.0,10.0
4163.3,232.4678,72.863,135.1572,2.6895,128.167,18.0012,12.8992,10.3224,2.7824,13.4973,5.7625,17.0748,112.4492,0.0,10.0
4163.4,231.4477,72.3929,134.3398,2.6873,126.1914,17.7998,12.9003,10.2659,2.7875,13.562,5.5544,17.0833,112.626,0.0,10.0
4163.5,230.6114,71.9401,133.5387,2.6845,124.1824,17.3943,12.9004,10.1355,2.7963,13.517,5.3909,17.0722,112.8015,0.0,10.0
4163.6,230.0125,71.5184,132.7716,2.6815,122.6814,16.8259,12.8996,10.0589,2.8038,13.3828,5.2915,17.0605,112.9678,0.0,10.0
4163.7,229.6759,71.2271,132.1629,2.6803,122.0469,16.279,12.8984,10.1292,2.8132,13.1076,5.2933,17.0811,113.1227,0.0,10.0
4163.8,229.575,71.0124,131.648,2.6815,122.3976,15.9513,12.8979,10.2987,2.8257,12.6925,5.3861,17.0581,113.2652,0.0,10.0
4163.9,229.571,70.9015,131.2606,2.6841,123.5586,15.8981,12.8983,10.4806,2.8412,12.2206,5.5255,17.0751,113.3875,0.0,10.0
4164.0,229.5635,70.8771,130.993,2.6856,124.6688,16.0381,12.8994,10.6844,2.8584,11.8744,5.6319,17.0977,113.4821,0.0,10.0
4164.1,229.516,70.8701,130.7554,2.6842,124.9804,16.1693,12.9005,10.9293,2.8727,11.7648,5.6619,17.0723,113.5479,0.0,10.0
4164.2,229.4628,70.8664,130.5354,2.6803,124.3663,16.1703,12.9013,11.0671,2.8796,11.9058,5.6113,17.0546,113.592,0.0,10.0
4164.3,229.4251,70.8518,130.3012,2.6754,123.2907,16.0175,12.9017,11.0449,2.8762,12.2738,5.4818,17.0539,113.6233,0.0,10.0
4164.4,229.3893,70.8477,130.0743,2.6711,122.5283,15.7855,12.9021,10.876,2.8652,12.7182,5.3213,17.0786,113.6496,0.0,10.0
4164.5,229.2985,70.8786,129.8758,2.6677,122.3161,15.5761,12.9025,10.5861,2.8533,13.1468,5.1553,17.0654,113.6744,0.0,10.0
4164.6,229.1103,70.9509,129.7039,2.6656,122.5265,15.4901,12.9027,10.3757,2.8426,13.527,4.9949,17.055,113.6995,0.0,10.0
4164.7,228.8223,71.0387,129.542,2.665,122.7114,15.6122,12.903,10.322,2.8372,13.8936,4.8209,17.0381,113.7248,0.0,10.0
4164.8,228.4952,71.1323,129.3847,2.6658,122.5216,15.892,12.9035,10.3223,2.84,14.2495,4.6278,17.1106,113.7475,0.0,10.0
4164.9,228.1725,71.2274,129.2851,2.6679,121.7842,16.2163,12.904,10.2914,2.8498,14.5205,4.4501,17.0414,113.7601,0.0,10.0
4165.0,227.8444,71.3327,129.2559,2.6709,121.0215,16.3973,12.9046,10.2867,2.8669,14.6502,4.3194,17.0595,113.7485,0.0,10.0
4165.1,227.4893,71.4821,129.4373,2.6742,120.9037,16.3603,12.9049,10.2002,2.896,14.6576,4.2188,17.0615,113.6953,0.0,10.0
4165.2,227.1352,71.6966,129.8821,2.6762,121.8104,16.1445,12.9054,10.04,2.9339,14.612,4.131,17.0627,113.5876,0.0,10.0
4165.3,226.8646,71.9522,130.5031,2.6752,123.3069,15.9061,12.9061,9.9997,2.9701,14.6108,4.0497,17.0375,113.4256,0.0,10.0
4165.4,226.8204,72.2519,131.3745,2.6711,124.5038,15.8168,12.9067,9.9232,2.994,14.7034,3.9799,17.0561,113.2261,0.0,10.0
4165.5,227.0633,72.5162,132.2088,2.6654,124.7755,15.9351,12.9071,9.7247,3.0066,14.8884,3.9175,17.0548,113.0164,0.0,10.0
4165.6,227.623,72.7485,132.9938,2.6611,124.3552,16.2204,12.9077,9.6413,3.0139,15.1644,3.8425,17.0212,112.8234,0.0,10.0
4165.7,228.5213,72.8816,133.5049,2.6587,124.1631,16.5053,12.9087,9.5568,3.023,15.5305,3.7356,17.0504,112.667,0.0,10.0
4165.8,229.6011,72.9755,133.8446,2.6573,124.6745,16.64,12.9102,9.4083,3.0433,15.9875,3.5797,17.0597,112.5554,0.0,10.0
4165.9,230.6596,73.037,134.0441,2.6557,125.9047,16.5416,12.9117,9.2068,3.0804,16.4146,3.3978,17.0719,112.4856,0.0,10.0
4166.0,231.4383,73.0564,134.092,2.6546,127.3725,16.2591,12.9127,8.8366,3.1266,16.7199,3.2358,17.0508,112.4478,0.0,10.0
4166.1,231.8363,73.0476,134.1483,2.6549,128.7151,15.9234,12.913,8.4255,3.177,16.876,3.1056,17.0354,112.4306,0.0,10.0
4166.2,231.9315,73.0117,134.2124,2.6573,129.658,15.6619,12.913,8.1793,3.2244,16.8817,3.022,17.0353,112.4238,0.0,10.0
4166.3,231.8799,72.9148,134.3826,2.6607,130.0857,15.5952,12.913,8.1687,3.2711,16.7392,2.9888,17.0493,112.421,0.0,10.0
4166.4,231.8588,72.8066,134.5937,2.6644,129.9128,15.7533,12.9124,8.2884,3.3184,16.4375,3.0153,17.0417,112.4201,0.0,10.0
4166.5,231.9589,72.6861,134.8507,2.6681,129.1476,16.1215,12.9113,8.4795,3.3615,16.0313,3.0991,17.0513,112.4233,0.0,10.0
4166.6,232.1912,72.5995,135.0266,2.6722,128.3135,16.6253,12.9102,8.7189,3.3958,15.6224,3.2108,17.0059,112.4379,0.0,10.0
4166.7,232.4866,72.5298,135.0553,2.6766,128.0876,17.0891,12.91,8.9968,3.4197,15.2255,3.3582,17.0634,112.4764,0.0,10.0
4166.8,232.7242,72.481,134.8849,2.6801,129.0314,17.364,12.911,9.342,3.4367,14.8668,3.5278,17.0186,112.5515,0.0,10.0
4166.9,232.7757,72.3753,134.2882,2.6812,131.0954,17.3856,12.9128,9.7918,3.4468,14.5886,3.6903,17.0576,112.6741,0.0,10.0
4167.0,232.4822,72.1987,133.4906,2.68,133.2307,17.2798,12.9141,10.2316,3.442,14.4817,3.7957,17.008,112.8528,0.0,10.0
4167.1,231.8188,71.912,132.4366,2.6777,134.0877,17.1498,12.9142,10.5906,3.4002,14.7188,3.7842,16.9964,113.0905,0.0,10.0
4167.2,230.7943,71.4618,131.1897,2.6762,132.6791,16.9872,12.9137,10.8737,3.3185,15.268,3.6805,17.0097,113.3833,0.0,10.0
4167.3,229.448,70.949,129.8928,2.6767,129.9198,16.7191,12.9138,11.0115,3.2304,15.8488,3.5558,17.0301,113.7205,0.0,10.0
4167.4,227.9663,70.3675,128.5656,2.6789,127.3672,16.3325,12.9151,11.111,3.1672,16.2148,3.474,17.0303,114.0809,0.0,10.0
4167.5,226.5739,69.8219,127.3468,2.6812,126.4299,15.9072,12.9177,11.2332,3.1403,16.3084,3.4374,16.9993,114.4375,0.0,10.0
4167.6,225.584,69.3234,126.2309,2.6821,126.749,15.5469,12.9214,11.3348,3.1254,16.305,3.4197,17.0206,114.7653,0.0,10.0
4167.7,225.1389,68.9265,125.3159,2.6809,127.5009,15.2643,12.9273,11.484,3.1159,16.2151,3.4346,17.0134,115.0431,0.0,10.0
4167.8,225.1884,68.6601,124.6563,2.6779,127.9177,15.0291,12.9379,11.6196,3.1152,15.9815,3.5013,16.996,115.2596,0.0,10.0
4167.9,225.5568,68.4663,124.1485,2.6744,127.9735,14.8501,12.9589,11.6982,3.1199,15.6205,3.6182,17.0156,115.4159,0.0,10.0
4168.0,225.968,68.372,123.8681,2.6717,127.9195,14.766,12.998,11.7,3.1278,15.1919,3.7651,16.9992,115.5199,0.0,10.0
4168.1,226.238,68.3372,123.7005,2.6705,127.8956,14.7907,13.0525,11.6991,3.1355,14.7694,3.9265,17.0081,115.5831,0.0,10.0
4168.2,226.3201,68.3421,123.5963,2.6704,127.7638,14.8695,13.1088,11.6797,3.1352,14.3793,4.1083,16.9976,115.6157,0.0,10.0
4168.3,226.3084,68.4134,123.5624,2.6705,127.545,14.9204,13.1427,11.6584,3.1196,14.0162,4.3235,16.9927,115.6242,0.0,10.0
4168.4,226.3592,68.5693,123.5567,2.6703,127.5682,14.918,13.129,11.6248,3.0797,13.7024,4.5808,16.9775,115.6141,0.0,10.0
4168.5,226.5817,68.786,123.5612,2.6701,128.0049,14.8732,13.064,11.6062,3.0245,13.4808,4.8433,16.9644,115.5921,0.0,10.0
4168.6,226.9599,69.1086,123.5325,2.6705,128.582,14.7815,12.9651,11.5887,2.9602,13.3678,5.0902,16.9568,115.5649,0.0,10.0
4168.7,227.2895,69.487,123.4492,2.6715,128.915,14.6235,12.8821,11.4957,2.8904,13.3716,5.3134,16.9408,115.5396,0.0,10.0
4168.8,227.3339,69.8917,123.3174,2.6714,128.5866,14.4159,12.8722,11.3254,2.8156,13.4697,5.5245,16.9538,115.5235,0.0,10.0
4168.9,226.8272,70.1768,123.039,2.6691,127.77,14.2571,12.9783,11.2067,2.7417,13.6101,5.7185,16.9487,115.5236,0.0,10.0
4169.0,225.7948,70.332,122.738,2.6649,126.9322,14.1796,13.2179,11.3441,2.6834,13.751,5.8689,16.9378,115.5447,0.0,10.0
4169.1,224.3836,70.3743,122.4228,2.661,126.6138,14.2039,13.5251,11.7544,2.6584,13.8934,5.9245,16.9393,115.586,0.0,10.0
4169.2,222.8495,70.1492,122.2213,2.6596,127.036,14.3353,13.8347,12.2989,2.6761,14.073,5.8572,16.9022,115.6383,0.0,10.0
4169.3,221.5547,69.8551,122.153,2.6615,128.183,14.4629,14.0697,12.7348,2.74,14.285,5.6614,16.9426,115.6845,0.0,10.0
4169.4,220.7381,69.4939,122.2136,2.6653,129.657,14.4882,14.1834,12.9241,2.8392,14.4419,5.3779,16.9281,115.703,0.0,10.0
4169.5,220.5406,69.2115,122.6304,2.6686,130.8484,14.3789,14.155,12.8933,2.9426,14.4827,5.1011,16.9206,115.6746,0.0,10.0
4169.6,220.8713,69.0218,123.1834,2.6701,131.4239,14.1823,13.9751,12.735,3.03,14.4052,4.8785,16.9073,115.5903,0.0,10.0
4169.7,221.4944,68.9397,123.8895,2.6694,131.4224,13.9806,13.6887,12.4998,3.1004,14.2873,4.694,16.8621,115.4573,0.0,10.0
4169.8,222.1826,68.952,124.6233,2.6673,131.1817,13.8826,13.3628,12.2382,3.1547,14.1805,4.5326,16.6867,115.2961,0.0,10.0
4169.9,222.7457,69.0091,125.3236,2.6642,130.7875,13.9434,13.0662,11.995,3.1651,14.0474,4.4707,16.6136,115.1304,0.0,10.0
4170.0,223.1529,69.1212,125.9734,2.6603,129.8499,14.1438,12.8449,11.7996,3.0797,13.8988,4.6399,16.5134,114.9769,0.0,10.0
4170.1,223.4676,69.2901,126.4249,2.6571,127.991,14.4027,12.6932,11.6498,2.9055,13.7867,5.0286,16.6037,114.8462,0.0,10.0
4170.2,223.837,69.4838,126.7616,2.6567,125.5879,14.6233,12.584,11.5314,2.7155,13.7627,5.4629,16.6228,114.7457,0.0,10.0
4170.3,224.3712,69.7086,126.9415,2.66,123.4856,14.7732,12.4783,11.4257,2.5712,13.8351,5.8026,16.62,114.6827,0.0,10.0
4170.4,225.0988,69.9455,126.9314,2.6656,122.7827,14.9234,12.3575,11.3241,2.4796,14.0283,6.0436,16.6077,114.6602,0.0,10.0
4170.5,225.9412,70.1378,126.834,2.6704,123.5204,15.1818,12.2361,11.2347,2.4113,14.2918,6.2512,16.5949,114.6764,0.0,10.0
4170.6,226.6636,70.2281,126.6259,2.6733,125.0695,15.5619,12.1571,11.1832,2.3725,14.5313,6.4048,16.6035,114.7261,0.0,10.0
4170.7,227.0308,70.151,126.3463,2.6749,126.4079,15.9523,12.145,11.1826,2.388,14.6106,6.4398,16.6102,114.8037,0.0,10.0
4170.8,226.8046,69.9968,126.0399,2.6769,127.0151,16.2004,12.2062,11.2374,2.4423,14.5225,6.3887,16.6232,114.9034,0.0,10.0
4170.9,226.0558,69.7527,125.7113,2.6793,126.8517,16.2523,12.3358,11.3452,2.5177,14.3265,6.2905,16.6223,115.0174,0.0,10.0
4171.0,225.023,69.4992,125.3707,2.6805,126.2631,16.1757,12.5026,11.482,2.5998,14.0872,6.1523,16.6311,115.1364,0.0,10.0
4171.1,223.9625,69.2538,125.0293,2.6801,125.7928,16.0933,12.6808,11.6265,2.6751,13.8596,6.0052,16.6247,115.2511,0.0,10.0
4171.2,223.0609,69.048,124.6994,2.6787,125.5371,16.0693,12.8451,11.7559,2.7414,13.6629,5.8493,16.5999,115.3537,0.0,10.0
4171.3,222.3991,68.9083,124.4533,2.6782,125.3178,16.0699,12.971,11.8502,2.7894,13.518,5.6953,16.61,115.4373,0.0,10.0
4171.4,222.0066,68.8123,124.2873,2.6798,124.8899,16.0049,13.0371,11.8962,2.8163,13.4637,5.5392,16.6213,115.4956,0.0,10.0
4171.5,221.8801,68.7877,124.3305,2.6833,124.2603,15.8243,13.0223,11.8818,2.8152,13.5224,5.4052,16.6218,115.522,0.0,10.0
4171.6,221.9586,68.8099,124.5306,2.6877,123.6255,15.5653,12.9291,11.8066,2.786,13.6806,5.3259,16.6076,115.513,0.0,10.0
4171.7,222.2411,68.8617,124.8317,2.6915,123.2575,15.3474,12.7844,11.686,2.7441,13.8814,5.284,16.6219,115.4699,0.0,10.0
4171.8,222.8012,68.9425,125.244,2.6939,123.2311,15.2924,12.6071,11.5342,2.7015,14.0577,5.2765,16.622,115.4009,0.0,10.0
4171.9,223.6512,69.0192,125.6474,2.6951,123.2756,15.4388,12.4128,11.3683,2.6667,14.2208,5.2818,16.6247,115.3172,0.0,10.0
4172.0,224.7934,69.094,126.0387,2.6961,123.0076,15.7623,12.2223,11.2058,2.642,14.3818,5.2897,16.6129,115.2273,0.0,10.0
4172.1,226.1814,69.1799,126.3549,2.6972,122.441,16.2026,12.055,11.0577,2.6303,14.5498,5.2818,16.6283,115.1348,0.0,10.0
4172.2,227.6731,69.2793,126.6644,2.698,122.0909,16.6883,11.9273,10.9325,2.6372,14.7159,5.248,16.6429,115.0381,0.0,10.0
4172.3,229.1429,69.3897,126.9708,2.6974,122.7192,17.1502,11.8259,10.8252,2.6803,14.8644,5.1686,16.6431,114.933,0.0,10.0
4172.4,230.4768,69.5001,127.3533,2.6949,124.0459,17.4952,11.7352,10.7313,2.7483,14.9859,5.0543,16.6339,114.8173,0.0,10.0
4172.5,231.6001,69.608,127.7795,2.6917,125.4591,17.6288,11.6486,10.6487,2.8246,15.0472,4.9286,16.6256,114.6938,0.0,10.0
4172.6,232.4489,69.7136,128.2489,2.69,126.1227,17.5197,11.5722,10.575,2.893,15.0874,4.7984,16.6037,114.5681,0.0,10.0
4172.7,232.9077,69.8307,128.7503,2.6911,125.8725,17.2672,11.5086,10.508,2.9502,15.1283,4.6696,16.5992,114.4486,0.0,10.0
4172.8,232.8653,69.962,129.2203,2.694,125.1908,17.0645,11.449,10.4444,2.9949,15.1326,4.5612,16.6008,114.3422,0.0,10.0
4172.9,232.3639,70.1099,129.6521,2.6968,124.6022,17.034,11.3825,10.38,3.0204,15.0514,4.4962,16.5923,114.2541,0.0,10.0
4173.0,231.6537,70.2727,129.9293,2.6987,124.1274,17.1494,11.3107,10.3138,3.0291,14.8557,4.4744,16.5894,114.189,0.0,10.0
4173.1,231.3325,70.419,130.1254,2.7007,123.4815,17.2827,11.2417,10.2479,3.0269,14.6137,4.4801,16.5845,114.1499,0.0,10.0
4173.2,231.8222,70.5394,130.2203,2.7042,122.5572,17.3257,11.18,10.1852,3.0087,14.316,4.5342,16.5785,114.1338,0.0,10.0
4173.3,233.1987,70.6069,130.2332,2.7092,121.5562,17.2869,11.1223,10.1276,2.9712,13.989,4.6477,16.5603,114.1314,0.0,10.0
4173.4,235.1781,70.6636,130.2385,2.7133,120.4171,17.2509,11.0678,10.077,2.9203,13.6831,4.7911,16.5441,114.1276,0.0,10.0
4173.5,237.171,70.7137,130.2491,2.714,119.265,17.2791,11.0258,10.0369,2.8658,13.4149,4.9363,16.5527,114.1077,0.0,10.0
4173.6,238.7341,70.8122,130.3112,2.7099,118.572,17.3642,11.0025,10.0075,2.8302,13.2862,5.0099,16.5482,114.0635,0.0,10.0
4173.7,239.3369,70.9603,130.3944,2.7024,118.5733,17.4867,10.995,9.9867,2.8183,13.2486,5.0123,16.5754,113.9957,0.0,10.0
4173.8,238.8675,71.1972,130.5016,2.6938,119.1577,17.6545,10.989,9.9675,2.8378,13.3079,4.9353,16.5279,113.9134,0.0,10.0
4173.9,237.4807,71.5355,130.5971,2.6877,119.7936,17.8785,10.9686,9.9418,2.8821,13.4446,4.7992,16.5338,113.8299,0.0,10.0
4174.0,235.6398,71.9044,130.68,2.6856,120.0468,18.1208,10.9278,9.9055,2.9362,13.6261,4.635,16.5219,113.7572,0.0,10.0
4174.1,234.0288,72.2826,130.7362,2.6872,119.9523,18.3034,10.87,9.8596,2.991,13.8408,4.4622,16.5074,113.7028,0.0,10.0
4174.2,232.9523,72.5705,130.7497,2.6904,119.9704,18.3933,10.8095,9.8131,3.0411,14.0066,4.3215,16.4926,113.6683,0.0,10.0
4174.3,232.4108,72.7864,130.7304,2.6925,120.4341,18.4635,10.7572,9.7761,3.0864,14.0738,4.2338,16.4692,113.6511,0.0,10.0
4174.4,232.1674,72.8557,130.6465,2.6921,121.1115,18.6315,10.7281,9.7615,3.1239,14.0183,4.2084,16.4829,113.6479,0.0,10.0
4174.5,232.049,72.8026,130.5203,2.6886,121.7527,18.8947,10.7369,9.776,3.1485,13.8164,4.2614,16.5019,113.6576,0.0,10.0
4174.6,231.9792,72.6717,130.3758,2.6833,122.267,19.0584,10.7889,9.8185,3.1595,13.5371,4.3706,16.5005,113.6816,0.0,10.0
4174.7,231.8483,72.4255,130.2339,2.6785,122.6023,18.8723,10.8808,9.8836,3.156,13.2512,4.5129,16.4803,113.722,0.0,10.0
4174.8,231.5676,72.131,130.1228,2.6772,122.7041,18.3022,10.9904,9.9572,3.1433,13.0133,4.662,16.4687,113.7782,0.0,10.0
4174.9,231.1007,71.8161,130.0359,2.681,122.6603,17.5269,11.0878,10.0225,3.1305,12.8589,4.7847,16.4582,113.8424,0.0,10.0
4175.0,230.467,71.5506,130.003,2.6876,122.6259,16.8475,11.1497,10.0652,3.1277,12.7694,4.8664,16.4731,113.8992,0.0,10.0
4175.1,229.7792,71.4092,130.0197,2.6932,122.6979,16.4824,11.1619,10.0733,3.14,12.7495,4.8986,16.4814,113.9305,0.0,10.0
4175.2,229.1038,71.3669,130.0763,2.6939,122.8193,16.4791,11.1327,10.0499,3.1598,12.799,4.8965,16.4589,113.9234,0.0,10.0
4175.3,228.4839,71.5178,130.2141,2.6899,122.8628,16.7775,11.0697,10.0064,3.1813,12.9304,4.8688,16.463,113.8757,0.0,10.0
4175.4,227.9278,71.6904,130.3897,2.6829,122.86,17.2377,10.9847,9.9771,3.195,13.1342,4.8415,16.4743,113.798,0.0,10.0
4175.5,227.4566,71.8783,130.5957,2.6751,123.3436,17.7307,10.8971,9.9458,3.197,13.346,4.8629,16.4323,113.7099,0.0,10.0
4175.6,227.1085,71.9615,130.7743,2.6678,124.6119,18.1347,10.8162,9.7959,3.1853,13.4798,4.9263,16.4179,113.6348,0.0,10.0
4175.7,226.8742,72.013,130.8764,2.6625,126.4013,18.348,10.7451,9.7202,3.1613,13.4802,5.0047,16.4194,113.5942,0.0,10.0
4175.8,226.7246,72.0325,130.902,2.6622,128.0911,18.34,10.6824,9.6609,3.1364,13.3422,5.0795,16.434,113.6031,0.0,10.0
4175.9,226.6487,72.0717,130.7161,2.668,129.2159,18.1605,10.6345,9.6159,3.1239,13.1209,5.1812,16.3818,113.6652,0.0,10.0
4176.0,226.6545,72.1117,130.431,2.6786,129.619,17.9469,10.6205,9.6038,3.1261,12.8588,5.3173,16.3992,113.7726,0.0,10.0
4176.1,226.7291,72.1521,130.0317,2.6903,129.4587,17.8107,10.6552,9.6366,3.1456,12.5829,5.4442,16.407,113.9053,0.0,10.0
4176.2,226.81,72.0786,129.5592,2.6981,129.1641,17.7341,10.7397,9.7134,3.1835,12.3018,5.52,16.3852,114.0383,0.0,10.0
4176.3,226.7797,71.9416,129.1146,2.7001,128.9777,17.6116,10.8776,9.8367,3.2429,12.0588,5.5213,16.3911,114.1498,0.0,10.0
4176.4,226.6056,71.724,128.7194,2.6963,128.9084,17.3625,11.0692,10.0075,3.32,11.8889,5.4697,16.3767,114.2298,0.0,10.0
4176.5,226.3349,71.4978,128.5126,2.6897,128.9597,16.9678,11.295,10.2094,3.4007,11.8215,5.4165,16.3364,114.2787,0.0,10.0
4176.6,226.073,71.3051,128.4183,2.6837,129.1138,16.4445,11.5224,10.4128,3.4754,11.8515,5.385,16.3452,114.3024,0.0,10.0
4176.7,225.9016,71.1751,128.4812,2.6803,129.249,15.8736,11.6985,10.5686,3.526,11.9549,5.377,16.3433,114.3062,0.0,10.0
4176.8,225.8548,71.1206,128.6651,2.6803,129.1568,15.3746,11.7944,10.6505,3.5489,12.1072,5.3569,16.3571,114.2942,0.0,10.0
4176.9,225.9611,71.1124,128.8723,2.6821,128.787,15.1097,11.8065,10.6564,3.549,12.2691,5.3305,16.3297,114.271,0.0,10.0
4177.0,226.1785,71.1743,129.0769,2.6844,128.3551,15.175,11.7536,10.6056,3.5261,12.4097,5.3425,16.33,114.2428,0.0,10.0
4177.1,226.4563,71.2804,129.2506,2.6872,128.5008,15.5455,11.6844,10.5424,3.4787,12.527,5.4121,16.3188,114.2149,0.0,10.0
4177.2,226.724,71.3914,129.3963,2.6905,129.4746,16.0986,11.624,10.4894,3.414,12.6155,5.5277,16.3289,114.1902,0.0,10.0
4177.3,226.9145,71.4815,129.4871,2.6935,130.7017,16.6274,11.5882,10.4607,3.3545,12.6955,5.6128,16.3193,114.169,0.0,10.0
4177.4,227.0132,71.4989,129.5471,2.6944,131.1183,17.0034,11.576,10.4532,3.3169,12.752,5.6245,16.3219,114.1493,0.0,10.0
4177.5,227.041,71.4754,129.5975,2.6927,130.6026,17.2266,11.5832,10.4603,3.3054,12.7818,5.5851,16.3016,114.1274,0.0,10.0
4177.6,227.0372,71.3972,129.6529,2.6893,129.7901,17.3757,11.6081,10.4782,3.3156,12.8278,5.5189,16.2996,114.0998,0.0,10.0
4177.7,227.0168,71.3647,129.7362,2.6857,129.4969,17.5099,11.6426,10.5018,3.3407,12.9282,5.4366,16.2871,114.0639,0.0,10.0
4177.8,226.9852,71.3748,129.8454,2.6828,129.9549,17.5971,11.6728,10.5231,3.3813,13.1587,5.302,16.2877,114.0203,0.0,10.0
4177.9,226.9512,71.4966,130.0214,2.6812,130.8798,17.5659,11.6833,10.5308,3.4382,13.5516,5.1048,16.283,113.9722,0.0,10.0
4178.0,226.9384,71.6303,130.2284,2.6816,131.8635,17.4516,11.6632,10.5124,3.5135,14.1249,4.8334,16.2661,113.925,0.0,10.0
4178.1,226.9738,71.7611,130.4495,2.6841,132.8415,17.3575,11.6138,10.4662,3.5932,14.7684,4.531,16.2689,113.8834,0.0,10.0
4178.2,227.0833,71.8191,130.6442,2.6876,134.0093,17.3676,11.5385,10.3964,3.6665,15.3864,4.2398,16.2359,113.8508,0.0,10.0
4178.3,227.2535,71.8269,130.8011,2.6907,135.0348,17.4369,11.4456,10.3147,3.7245,15.8928,4.0019,16.2221,113.8269,0.0,10.0
4178.4,227.4837,71.7976,130.9281,2.6924,135.1945,17.5001,11.3509,10.2358,3.7667,16.2644,3.799,16.216,113.8077,0.0,10.0
4178.5,227.7906,71.7329,131.0042,2.692,134.3222,17.5165,11.2644,10.1658,3.7971,16.504,3.6148,16.2164,113.7881,0.0,10.0
4178.6,228.1425,71.6798,131.06,2.6892,132.6019,17.4575,11.1902,10.1031,3.8165,16.5995,3.4674,16.2148,113.7647,0.0,10.0
4178.7,228.4842,71.6372,131.0984,2.6841,130.8678,17.2874,11.1216,10.0399,3.8332,16.5533,3.378,16.225,113.7384,0.0,10.0
4178.8,228.7321,71.6376,131.1136,2.6788,130.0676,16.9947,11.055,9.9743,3.8555,16.3862,3.3318,16.2509,113.714,0.0,10.0
4178.9,228.8518,71.6669,131.1226,2.6754,130.2782,16.6826,10.9959,9.9145,3.8818,16.1315,3.319,16.2448,113.698,0.0,10.0
4179.0,228.8628,71.7256,131.1255,2.6763,130.9457,16.5283,10.955,9.8739,3.8862,15.8812,3.3791,16.232,113.6956,0.0,10.0
4179.1,228.8084,71.8409,131.1372,2.6808,131.4912,16.6441,10.9399,9.8604,3.8634,15.7511,3.4755,16.2431,113.709,0.0,10.0
4179.2,228.7358,71.946,131.1396,2.6873,131.8228,16.9586,10.9518,9.8711,3.8137,15.7649,3.5912,16.2607,113.7371,0.0,10.0
4179.3,228.6735,72.0366,131.1303,2.6938,131.859,17.2318,10.9763,9.889,3.7403,15.8524,3.7339,16.2262,113.7757,0.0,10.0
4179.4,228.6232,72.0496,131.0344,2.6986,131.6355,17.3377,10.9975,9.9003,3.6436,15.8821,3.9495,16.2482,113.82,0.0,10.0
4179.5,228.5604,72.0284,130.8873,2.7011,131.1751,17.2685,11.004,9.8992,3.5399,15.8026,4.2208,16.2243,113.8664,0.0,10.0
4179.6,228.4328,71.9653,130.674,2.7011,130.4441,17.1249,10.9957,9.8908,3.4273,15.6169,4.5473,16.1874,113.9132,0.0,10.0
4179.7,228.1695,71.8715,130.4067,2.6988,129.7959,16.9393,10.9862,9.8872,3.3057,15.3978,4.8997,16.1903,113.96,0.0,10.0
4179.8,227.7131,71.7721,130.1172,2.6945,129.3426,16.7328,10.9921,9.8984,3.1746,15.2237,5.2551,16.1702,114.0069,0.0,10.0
4179.9,227.14,71.6708,129.8012,2.6884,128.9779,16.5509,11.0316,9.9349,3.0634,15.0472,5.5605,16.1262,114.0534,0.0,10.0
4180.0,226.5537,71.5646,129.4585,2.6814,128.7009,16.4404,11.1033,9.9959,2.9901,14.8607,5.7832,15.9628,114.0991,0.0,10.0
4180.1,226.0959,71.4615,129.1143,2.6745,128.6473,16.4213,11.1976,10.0747,2.9394,14.651,5.966,15.7979,114.1426,0.0,10.0
4180.2,225.8274,71.3681,128.7796,2.6684,128.8454,16.428,11.296,10.157,2.8899,14.4802,6.1424,15.7682,114.1804,0.0,10.0
4180.3,225.7374,71.323,128.5148,2.6629,128.9531,16.4051,11.3814,10.2287,2.8283,14.3712,6.3431,15.8525,114.2076,0.0,10.0
4180.4,225.7665,71.307,128.3127,2.6576,128.7936,16.3812,11.4493,10.2864,2.7624,14.2967,6.5511,15.8684,114.2208,0.0,10.0
4180.5,225.8281,71.3365,128.2356,2.6525,128.3599,16.4404,11.504,10.3337,2.7057,14.2013,6.7467,15.8554,114.2198,0.0,10.0
4180.6,225.8744,71.3719,128.2669,2.6493,128.0246,16.6169,11.5552,10.3797,2.6659,14.013,6.924,15.8427,114.2083,0.0,10.0
4180.7,225.874,71.4036,128.3539,2.6489,128.2338,16.915,11.6051,10.4263,2.6377,13.7269,7.0959,15.8535,114.1926,0.0,10.0
4180.8,225.8335,71.413,128.5025,2.6512,128.8509,17.3027,11.6468,10.4659,2.6192,13.4319,7.2348,15.8534,114.1778,0.0,10.0
4180.9,225.8004,71.4031,128.6503,2.6549,129.3855,17.6773,11.6734,10.491,2.6118,13.2309,7.2953,15.8539,114.1667,0.0,10.0
4181.0,225.8327,71.3827,128.7832,2.6577,129.3237,17.9352,11.6848,10.5018,2.6172,13.1755,7.2614,15.8335,114.1607,0.0,10.0
4181.1,225.9489,71.354,128.8407,2.6583,128.6776,17.9348,11.6831,10.5009,2.6343,13.2796,7.1327,15.8424,114.1615,0.0,10.0
4181.2,226.0749,71.3222,128.821,2.6572,127.7328,17.6546,11.6713,10.4907,2.6549,13.5271,6.9456,15.8405,114.1717,0.0,10.0
4181.3,226.1167,71.2857,128.7516,2.6566,126.799,17.1282,11.6485,10.4696,2.6691,13.8849,6.7419,15.8398,114.1933,0.0,10.0
4181.4,225.9611,71.2266,128.639,2.6579,126.0658,16.5206,11.6128,10.4344,2.6655,14.3049,6.5682,15.835,114.2239,0.0,10.0
4181.5,225.6369,71.1523,128.5309,2.6604,125.6421,16.0883,11.5693,10.3894,2.6397,14.7344,6.4564,15.8547,114.2566,0.0,10.0
4181.6,225.2052,71.0689,128.4282,2.661,125.7254,15.9701,11.5311,10.3484,2.5976,15.152,6.4022,15.8472,114.2841,0.0,10.0
4181.7,224.736,71.0105,128.3588,2.6583,126.1629,16.1614,11.5072,10.3216,2.548,15.5011,6.409,15.8446,114.3028,0.0,10.0
4181.8,224.3075,70.9647,128.2918,2.6535,126.5007,16.4576,11.502,10.3145,2.4974,15.7353,6.4697,15.8383,114.3151,0.0,10.0
4181.9,223.9749,70.9307,128.2275,2.6504,126.2361,16.6624,11.5128,10.3239,2.4429,15.8579,6.5894,15.874,114.3267,0.0,10.0
4182.0,223.8083,70.964,128.1949,2.652,125.7193,16.7106,11.5408,10.3509,2.3894,15.9317,6.7366,15.8626,114.3408,0.0,10.0
4182.1,223.799,71.0346,128.195,2.658,125.7059,16.6807,11.5849,10.3936,2.34,15.9985,6.8994,15.8159,114.355,0.0,10.0
4182.2,223.885,71.1441,128.229,2.666,126.7625,16.641,11.6324,10.4392,2.2931,16.0635,7.0707,15.8297,114.362,0.0,10.0
4182.3,223.997,71.3125,128.3729,2.6722,128.2258,16.5648,11.6696,10.4743,2.2503,16.0973,7.2287,15.7817,114.3551,0.0,10.0
4182.4,224.0781,71.4754,128.5288,2.6751,129.2453,16.4155,11.6856,10.4881,2.2122,16.1118,7.3579,15.7392,114.3329,0.0,10.0
4182.5,224.1392,71.629,128.6951,2.6749,129.3348,16.2543,11.6795,10.479,2.1816,16.1388,7.4467,15.8122,114.3009,0.0,10.0
4182.6,224.2153,71.7096,128.8247,2.6739,128.8398,16.169,11.6544,10.4504,2.1511,16.2001,7.5166,15.765,114.2691,0.0,10.0
4182.7,224.3264,71.7328,128.9341,2.6735,128.3326,16.2074,11.6077,10.4015,2.1091,16.2968,7.5985,15.7262,114.2469,0.0,10.0
4182.8,224.4364,71.6778,129.0175,2.6742,128.1794,16.2691,11.5407,10.3359,2.0527,16.407,7.7075,15.7298,114.2387,0.0,10.0
4182.9,224.5152,71.5466,129.0945,2.6756,128.4991,16.2334,11.4713,10.2717,1.9847,16.5456,7.8321,15.7292,114.2444,0.0,10.0
4183.0,224.5593,71.4001,129.1623,2.6773,129.1764,16.0474,11.4233,10.2315,1.9229,16.7024,7.9308,15.6853,114.2612,0.0,10.0
4183.1,224.6005,71.2459,129.2144,2.6794,130.0596,15.8351,11.4157,10.2332,1.8905,16.844,7.9489,15.6704,114.2864,0.0,10.0
4183.2,224.6681,71.1328,129.2517,2.6827,130.6998,15.7673,11.4379,10.2655,1.9003,16.9263,7.8635,15.6522,114.3177,0.0,10.0
4183.3,224.8102,71.0458,129.2808,2.6872,130.7189,15.9696,11.4745,10.3119,1.9513,16.9419,7.6775,15.6458,114.3521,0.0,10.0
4183.4,225.0668,70.9995,129.2983,2.6925,130.1898,16.3916,11.5096,10.3537,2.0431,16.8549,7.3997,15.662,114.385,0.0,10.0
4183.5,225.4668,70.967,129.3391,2.6973,129.3222,16.8692,11.5347,10.3796,2.1881,16.5813,7.0269,15.6185,114.4117,0.0,10.0
4183.6,226.0296,70.928,129.4,2.7007,128.2185,17.2352,11.5435,10.3829,2.3836,16.1255,6.5701,15.6182,114.4278,0.0,10.0
4183.7,226.7096,70.8573,129.5006,2.7024,126.9673,17.3779,11.5279,10.3593,2.6005,15.555,6.0894,15.6111,114.4306,0.0,10.0
4183.8,227.4245,70.7615,129.63,2.7028,126.0205,17.3133,11.4959,10.3234,2.8071,14.9799,5.636,15.6227,114.4184,0.0,10.0
4183.9,228.0873,70.6615,129.7694,2.702,125.7005,17.1176,11.4644,10.2951,2.9793,14.4784,5.2485,15.5451,114.3903,0.0,10.0
4184.0,228.6205,70.582,129.9059,2.6989,125.9337,16.8794,11.4538,10.2929,3.1196,14.083,4.909,15.5447,114.3472,0.0,10.0
4184.1,228.9973,70.5467,130.028,2.6923,126.2634,16.6617,11.4697,10.316,3.2247,13.8212,4.6255,15.559,114.2943,0.0,10.0
4184.2,229.2088,70.5402,130.137,2.6839,126.1402,16.5037,11.5,10.3479,3.2854,13.7277,4.4179,15.5336,114.2429,0.0,10.0
4184.3,229.2557,70.5778,130.2112,2.6778,125.6036,16.4505,11.5283,10.3709,3.3066,13.783,4.2926,15.54,114.2066,0.0,10.0
4184.4,229.1743,70.6251,130.2153,2.6772,125.1473,16.5015,11.536,10.3711,3.3008,13.9692,4.2145,15.5408,114.196,0.0,10.0
4184.5,228.9648,70.6753,130.1621,2.6815,125.4885,16.6242,11.513,10.3451,3.2841,14.3104,4.1381,15.4984,114.2128,0.0,10.0
4184.6,228.6313,70.7033,129.9729,2.6855,126.5941,16.7603,11.4539,10.2916,3.2651,14.7621,4.0611,15.5182,114.2506,0.0,10.0
4184.7,228.2303,70.7081,129.72,2.6857,128.1277,16.8637,11.3702,10.2217,3.2545,15.1899,3.9974,15.5039,114.2996,0.0,10.0
4184.8,227.8006,70.6951,129.4199,2.6816,129.2886,16.9441,11.3,10.1678,3.2483,15.4503,4.0035,15.5027,114.3521,0.0,10.0
4184.9,227.403,70.6642,129.0934,2.6768,129.612,17.0517,11.2804,10.1629,3.2331,15.5049,4.1017,15.4909,114.4042,0.0,10.0
4185.0,227.1324,70.6469,128.7976,2.6734,129.2826,17.2148,11.3545,10.2451,3.1983,15.4325,4.2878,15.3455,114.454,0.0,10.0
4185.1,227.0694,70.642,128.5297,2.6727,128.7634,17.4194,11.511,10.4016,3.1404,15.2508,4.5581,15.0746,114.499,0.0,10.0
4185.2,227.2619,70.6924,128.3831,2.6742,128.5441,17.6458,11.7344,10.6156,3.0785,14.9843,4.857,14.833,114.5337,0.0,10.0
4185.3,227.6293,70.7714,128.3092,2.6772,128.5045,17.9102,12.0074,10.8663,3.0246,14.6496,5.1495,14.9221,114.5507,0.0,10.0
4185.4,228.0789,70.8807,128.3115,2.6801,128.4348,18.2638,12.2922,11.1181,2.987,14.2349,5.4117,14.9426,114.5444,0.0,10.0
4185.5,228.579,71.0159,128.439,2.6807,128.5185,18.7532,12.5377,11.3238,2.9705,13.7977,5.6123,14.9154,114.5135,0.0,10.0
4185.6,229.1427,71.1393,128.6044,2.6787,128.9134,19.3353,12.6389,11.3853,2.9734,13.3662,5.7489,14.9656,114.4631,0.0,10.0
4185.7,229.7863,71.2465,128.8119,2.6755,129.4082,19.812,12.4946,11.2143,3.0045,13.0207,5.7705,14.9494,114.403,0.0,10.0
4185.8,230.5023,71.3155,129.0567,2.6744,129.4832,19.9245,12.1052,10.8199,3.0613,12.8251,5.6591,14.9108,114.3431,0.0,10.0
4185.9,231.2678,71.3808,129.3308,2.6765,129.1782,19.4446,11.5536,10.2872,3.1393,12.7996,5.4208,14.9496,114.2862,0.0,10.0
4186.0,232.0251,71.4461,129.6451,2.6809,128.9804,18.4983,11.0131,9.7805,3.2214,12.9427,5.1083,14.9459,114.2257,0.0,10.0
4186.1,232.6668,71.5346,130.071,2.685,129.2149,17.415,10.6113,9.4129,3.2852,13.2699,4.7823,14.9461,114.1497,0.0,10.0
4186.2,232.9959,71.6319,130.5472,2.6869,129.565,16.5388,10.3829,9.2099,3.3152,13.7429,4.5005,14.9286,114.05,0.0,10.0
4186.3,232.9509,71.7394,131.087,2.686,129.4657,16.0336,10.2928,9.1321,3.3143,14.3352,4.2602,14.9338,113.9289,0.0,10.0
4186.4,232.5481,71.8518,131.6849,2.6825,128.8539,15.8501,10.2567,9.1003,3.294,14.9035,4.0845,14.9544,113.8002,0.0,10.0
4186.5,231.9074,71.9376,132.1693,2.6778,128.3294,15.8422,10.2444,9.0876,3.2722,15.3677,3.956,14.9284,113.6826,0.0,10.0
4186.6,231.2959,71.9576,132.3536,2.6736,128.1307,15.8533,10.2425,9.0833,3.2487,15.6817,3.8945,14.949,113.5933,0.0,10.0
4186.7,230.9136,71.9698,132.3658,2.6712,127.9795,15.8162,10.2418,9.0815,3.2251,15.8025,3.9173,14.9285,113.5404,0.0,10.0
4186.8,230.8844,71.9791,132.3096,2.67,127.5614,15.7811,10.2412,9.0537,3.203,15.7561,4.0077,14.9676,113.5219,0.0,10.0
4186.9,231.0844,71.9865,132.2002,2.6689,126.9988,15.8604,10.2404,8.393,3.1842,15.5346,4.1605,14.968,113.5294,0.0,10.0
4187.0,231.298,72.0058,131.9942,2.6673,126.765,16.1113,10.2398,8.4991,3.1677,15.1571,4.3573,14.9474,113.5537,0.0,10.0
4187.1,231.3673,72.0223,131.7563,2.6654,127.0269,16.4984,10.2394,8.5834,3.1495,14.6622,4.5899,14.9306,113.5881,0.0,10.0
4187.2,231.2712,72.0095,131.5381,2.6639,127.6419,16.9036,10.2392,8.5936,3.1314,14.1099,4.8362,14.9293,113.6291,0.0,10.0
4187.3,231.1031,71.9688,131.3479,2.6631,128.3361,17.1803,10.2392,8.8193,3.1138,13.5583,5.076,14.9685,113.674,0.0,10.0
4187.4,230.9406,71.9019,131.182,2.663,128.7475,17.2315,10.2392,8.6797,3.0984,13.0862,5.2764,14.9476,113.7205,0.0,10.0
4187.5,230.8663,71.7632,131.0771,2.664,128.7366,17.0408,10.2392,8.5834,3.0911,12.7362,5.4022,14.9481,113.7655,0.0,10.0
4187.6,230.9513,71.611,131.0446,2.6661,128.4368,16.7193,10.2392,8.5934,3.0956,12.5291,5.4348,14.9487,113.8056,0.0,10.0
4187.7,231.237,71.4494,131.0649,2.6688,128.0739,16.427,10.2391,8.8168,3.1159,12.4669,5.3662,14.9493,113.8376,0.0,10.0
4187.8,231.635,71.2758,131.1693,2.6713,127.6715,16.2934,10.2388,9.0668,3.1475,12.5262,5.2225,14.95,113.8596,0.0,10.0
4187.9,231.9089,71.1413,131.2984,2.6733,127.1783,16.3624,10.2385,8.8902,3.1872,12.7051,5.0231,14.9508,113.8729,0.0,10.0
4188.0,231.9136,71.0398,131.4424,2.6754,126.5486,16.5852,10.2379,9.0103,3.2301,12.9965,4.791,14.9513,113.882,0.0,10.0
4188.1,231.6222,71.0137,131.5369,2.6782,125.9232,16.8919,10.2369,8.8935,3.2671,13.3478,4.5701,14.9519,113.8925,0.0,10.0
4188.2,231.1872,71.0197,131.5439,2.681,125.6969,17.2125,10.2352,9.0181,3.2949,13.7345,4.3722,14.9519,113.9098,0.0,10.0
4188.3,230.7215,71.0541,131.4723,2.6816,126.1681,17.4814,10.2337,8.9924,3.2989,14.1579,4.2241,14.953,113.939,0.0,10.0
4188.4,230.289,71.069,131.1761,2.6785,126.7716,17.6448,10.2347,8.8978,3.2864,14.5436,4.1323,14.9491,113.9855,0.0,10.0
4188.5,229.8686,71.0247,130.77,2.6718,127.2414,17.6642,10.2445,8.8904,3.265,14.8363,4.0971,14.9346,114.0555,0.0,10.0
4188.6,229.3606,70.9169,130.2467,2.6637,127.6245,17.5313,10.2677,9.0141,3.2371,14.9684,4.1282,14.9252,114.1557,0.0,10.0
4188.7,228.6053,70.7194,129.5503,2.6571,127.8523,17.2593,10.3054,9.1356,3.208,15.0049,4.1908,14.8767,114.2888,0.0,10.0
4188.8,227.5006,70.5495,128.7962,2.6535,127.8584,16.8832,10.3571,9.181,3.1815,15.0305,4.2466,14.895,114.4516,0.0,10.0
4188.9,226.129,70.4205,127.9766,2.6529,127.8138,16.4888,10.4245,9.2427,3.1634,15.0183,4.2896,14.8862,114.6342,0.0,10.0
4189.0,224.6745,70.4036,127.1664,2.6549,127.8847,16.1825,10.5152,9.3273,3.1593,14.9348,4.3173,14.9085,114.8207,0.0,10.0
4189.1,223.4635,70.416,126.4233,2.6589,128.0319,16.0537,10.6413,9.443,3.1782,14.7038,4.3429,14.8694,114.9938,0.0,10.0
4189.2,222.7447,70.4574,125.7848,2.6642,128.0789,16.1178,10.8035,9.5871,3.2256,14.3123,4.3712,14.8585,115.1418,0.0,10.0
4189.3,222.6985,70.4725,125.3681,2.6693,127.5141,16.299,10.9797,9.7401,3.2918,13.8531,4.3903,14.8975,115.254,0.0,10.0
4189.4,223.4462,70.4981,125.1173,2.6723,126.3423,16.5065,11.1419,9.8792,3.3453,13.4611,4.4112,14.8345,115.3175,0.0,10.0
4189.5,224.6725,70.5524,125.121,2.6729,125.1538,16.6706,11.2584,9.9794,3.3684,13.2155,4.4391,14.8733,115.3172,0.0,10.0
4189.6,226.0893,70.7223,125.5343,2.6717,124.5728,16.7876,11.3229,10.0353,3.3664,13.1213,4.4609,14.8413,115.2447,0.0,10.0
4189.7,227.4257,70.9379,126.1364,2.6704,124.502,16.9016,11.3376,10.0476,3.3506,13.1137,4.4813,14.8617,115.1059,0.0,10.0
4189.8,228.5371,71.201,126.9724,2.6697,124.7705,17.0516,11.3071,10.0191,3.3189,13.2395,4.4896,14.8031,114.9222,0.0,10.0
4189.9,229.4327,71.3752,127.8538,2.6695,125.2622,17.2307,11.2435,9.9611,3.2652,13.5775,4.4722,14.8016,114.7207,0.0,10.0
4190.0,230.1542,71.4842,128.7052,2.6688,125.7406,17.3885,11.144,9.8714,3.2112,14.0756,4.3998,14.8062,114.526,0.0,10.0
4190.1,230.7657,71.4739,129.4211,2.6673,126.0649,17.4649,10.9996,9.7426,3.1802,14.6543,4.2534,14.8067,114.3579,0.0,10.0
4190.2,231.2789,71.3976,129.9271,2.6657,126.1962,17.4446,10.8215,9.5855,3.1782,15.1947,4.0664,14.7804,114.2287,0.0,10.0
4190.3,231.6351,71.3054,130.3066,2.6651,126.0914,17.3767,10.6329,9.4211,3.1913,15.6548,3.8832,14.7433,114.1421,0.0,10.0
4190.4,231.8302,71.2541,130.5017,2.6663,125.8721,17.3242,10.462,9.2743,3.2139,15.9887,3.7378,14.7739,114.0941,0.0,10.0
4190.5,231.9728,71.2231,130.6132,2.6692,125.5928,17.33,10.3289,9.161,3.2467,16.1914,3.6282,14.761,114.0752,0.0,10.0
4190.6,232.1889,71.2223,130.6654,2.6728,125.1865,17.3987,10.238,9.084,3.2894,16.2899,3.5397,14.7098,114.0716,0.0,10.0
4190.7,232.5796,71.3394,130.6121,2.676,124.7058,17.5091,10.1952,9.0483,3.3387,16.2901,3.4715,14.7272,114.069,0.0,10.0
4190.8,233.1332,71.5596,130.5414,2.6777,124.4199,17.6149,10.2025,9.0558,3.3897,16.2076,3.4246,14.7333,114.054,0.0,10.0
4190.9,233.8288,71.8514,130.4682,2.6761,124.6417,17.6724,10.2404,9.0897,3.4351,16.0131,3.4308,14.7261,114.0178,0.0,10.0
4191.0,234.6288,72.2289,130.4671,2.6716,125.2521,17.6601,10.2791,9.1236,3.466,15.7605,3.4936,14.7409,113.9597,0.0,10.0
4191.1,235.4118,72.5674,130.5687,2.6663,126.2589,17.5836,10.2828,9.1263,3.4839,15.5129,3.5909,14.7166,113.8865,0.0,10.0
4191.2,236.0675,72.8694,130.7531,2.6643,127.7507,17.5048,10.2469,9.095,3.4991,15.287,3.6967,14.6718,113.8069,0.0,10.0
4191.3,236.4812,73.0299,131.0685,2.6666,129.3632,17.5196,10.1831,9.0411,3.5224,15.1104,3.7643,14.6868,113.7272,0.0,10.0
4191.4,236.6895,73.1083,131.4563,2.6717,130.7112,17.6896,10.1066,8.978,3.5577,14.9804,3.7897,14.6613,113.6476,0.0,10.0
4191.5,236.7697,73.1129,131.9092,2.676,131.2677,17.9571,10.0292,8.9136,3.5939,14.9095,3.7902,14.6543,113.5634,0.0,10.0
4191.6,236.7744,73.1377,132.4584,2.6783,131.161,18.1878,9.9584,8.8529,3.6266,14.8915,3.784,14.6591,113.4713,0.0,10.0
4191.7,236.7235,73.1925,133.0133,2.6798,130.8292,18.2725,9.9037,8.8027,3.6599,14.931,3.7601,14.6698,113.3731,0.0,10.0
4191.8,236.6241,73.2802,133.5746,2.6821,131.0306,18.2129,9.8661,8.7651,3.7015,15.0432,3.6982,14.645,113.2749,0.0,10.0
4191.9,236.499,73.3993,134.0536,2.6855,131.9713,18.1149,9.839,8.7373,3.7407,15.2074,3.6193,14.6335,113.1854,0.0,10.0
4192.0,236.3878,73.4995,134.4561,2.6885,133.1811,18.0568,9.8147,8.7147,3.7617,15.3468,3.5737,14.6281,113.1107,0.0,10.0
4192.1,236.3133,73.5726,134.7629,2.6896,134.0615,18.0604,9.7893,8.6936,3.7456,15.4191,3.6043,14.5995,113.0524,0.0,10.0
4192.2,236.2864,73.5471,134.9203,2.6886,134.4024,18.1193,9.7612,8.6701,3.6954,15.4121,3.7115,14.5682,113.0084,0.0,10.0
4192.3,236.3374,73.4414,135.0634,2.6867,134.2508,18.2604,9.7259,8.6396,3.6256,15.352,3.8625,14.5853,112.9729,0.0,10.0
4192.4,236.5013,73.2227,135.2081,2.6845,133.742,18.4951,9.6819,8.6014,3.5322,15.2919,4.0466,14.5291,112.9385,0.0,10.0
4192.5,236.8371,73.0896,135.4439,2.6822,133.2246,18.7379,9.6406,8.566,3.427,15.2729,4.2366,14.5048,112.8988,0.0,10.0
4192.6,237.3981,73.0351,135.7108,2.6805,132.8612,18.8589,9.6182,8.5478,3.3226,15.3341,4.4088,14.5015,112.8502,0.0,10.0
4192.7,238.0972,73.109,136.01,2.6805,132.4911,18.7571,9.619,8.5493,3.2358,15.4577,4.5363,14.4672,112.7932,0.0,10.0
4192.8,238.7989,73.3445,136.3169,2.6829,132.0494,18.4929,9.6197,8.5494,3.1872,15.616,4.5876,14.5083,112.7315,0.0,10.0
4192.9,239.332,73.6313,136.6001,2.6867,131.8956,18.1911,9.5957,8.5261,3.1826,15.866,4.5396,14.5088,112.67,0.0,10.0
4193.0,239.6193,73.9519,136.8206,2.6903,132.3668,17.945,9.5266,8.462,3.2271,16.2205,4.3836,14.4963,112.6144,0.0,10.0
4193.1,239.6594,74.1438,136.9334,2.6913,133.5173,17.7844,9.4211,8.3661,3.3081,16.6684,4.1386,14.5196,112.5696,0.0,10.0
4193.2,239.4846,74.2404,136.9767,2.6892,134.6925,17.7015,9.2934,8.2519,3.3954,17.044,3.8891,14.5377,112.5394,0.0,10.0
4193.3,239.2014,74.1606,136.9052,2.6847,135.3432,17.6922,9.1667,8.147,3.4788,17.2967,3.6698,14.497,112.5269,0.0,10.0
4193.4,238.9276,74.0759,136.7427,2.6789,135.249,17.7373,9.0729,8.105,3.552,17.428,3.5011,14.5043,112.5344,0.0,10.0
4193.5,238.7628,73.9826,136.5273,2.674,134.9519,17.7835,9.035,8.0981,3.6164,17.4878,3.3672,14.4643,112.5627,0.0,10.0
4193.6,238.7499,73.8604,136.2414,2.6717,134.8431,17.7771,9.0625,8.0159,3.6645,17.4807,3.2877,14.4626,112.6094,0.0,10.0
4193.7,238.8546,73.7647,135.9863,2.6727,134.9438,17.6986,9.1327,7.8905,3.6862,17.3698,3.2983,14.4674,112.6684,0.0,10.0
4193.8,239.0506,73.685,135.7615,2.6757,135.2006,17.592,9.2075,8.1296,3.6715,17.1578,3.4237,14.4001,112.731,0.0,10.0
4193.9,239.338,73.6224,135.6257,2.6791,135.5843,17.4913,9.252,8.3469,3.6309,16.9133,3.612,14.4332,112.7884,0.0,10.0
4194.0,239.6841,73.5457,135.5469,2.6821,135.9418,17.4116,9.2464,8.2383,3.5713,16.7022,3.8121,14.402,112.8337,0.0,10.0
4194.1,240.0155,73.4632,135.5076,2.6836,135.6711,17.3541,9.2083,8.3877,3.4862,16.4999,4.045,14.4548,112.865,0.0,10.0
4194.2,240.2097,73.4087,135.5099,2.6833,134.4956,17.3431,9.1677,8.351,3.381,16.286,4.3053,14.4079,112.8857,0.0,10.0
4194.3,240.2327,73.3751,135.4671,2.6809,132.8532,17.4049,9.1555,8.105,3.2731,16.0713,4.5592,14.3849,112.9038,0.0,10.0
4194.4,240.1021,73.3551,135.3827,2.6776,131.7248,17.5759,9.1742,8.105,3.1891,15.9064,4.747,14.4159,112.9308,0.0,10.0
4194.5,239.8162,73.29,135.1437,2.6754,131.5231,17.8005,9.2093,8.0969,3.1217,15.8258,4.8769,14.3856,112.9771,0.0,10.0
4194.6,239.3721,73.2034,134.8375,2.6747,131.9138,17.9409,9.2398,8.0233,3.0578,15.8049,4.9929,14.43,113.0508,0.0,10.0
4194.7,238.7509,73.0971,134.4702,2.6746,132.0383,17.8854,9.257,7.9636,2.9951,15.7935,5.1152,14.3793,113.1596,0.0,10.0
4194.8,237.9467,72.9626,133.8573,2.6741,131.6146,17.6783,9.2658,7.6833,2.9362,15.7301,5.2602,14.3725,113.3094,0.0,10.0
4194.9,236.9568,72.8053,133.0981,2.6738,131.0571,17.4607,9.278,7.5743,2.8838,15.5951,5.4244,14.3516,113.5036,0.0,10.0
4195.0,235.7366,72.623,132.1779,2.6747,130.9818,17.3425,9.3071,7.3944,2.8346,15.4098,5.5962,14.3525,113.7424,0.0,10.0
4195.1,234.2195,72.3396,131.0085,2.6761,131.3403,17.2596,9.3631,7.3944,2.7884,15.2049,5.7585,14.336,114.0175,0.0,10.0
4195.2,232.4523,72.0093,129.7877,2.6764,131.7378,17.1105,9.4505,7.3944,2.7447,15.017,5.8963,14.3175,114.3127,0.0,10.0
4195.3,230.676,71.623,128.515,2.6745,131.7504,16.8786,9.5593,7.4164,2.7022,14.8521,6.0067,14.3116,114.6058,0.0,10.0
4195.4,229.1255,71.1994,127.4307,2.6711,131.2577,16.673,9.675,7.6055,2.6587,14.7105,6.0788,14.3095,114.8724,0.0,10.0
4195.5,227.9449,70.8111,126.4877,2.6675,130.451,16.5679,9.7924,7.712,2.6208,14.6188,6.0979,14.291,115.0998,0.0,10.0
4195.6,227.0413,70.4869,125.7426,2.664,129.6168,16.5395,9.9284,8.0863,2.5966,14.6247,6.0408,14.2344,115.2947,0.0,10.0
4195.7,226.3059,70.198,125.1093,2.6606,129.0468,16.4498,10.1369,8.3951,2.5918,14.7541,5.9067,14.2497,115.4768,0.0,10.0
4195.8,225.673,69.905,124.4814,2.6581,128.9659,16.2246,10.5162,8.3975,2.5981,14.9668,5.7227,14.2308,115.6691,0.0,10.0
4195.9,225.0655,69.5916,123.8263,2.658,129.349,15.8732,11.1678,8.7445,2.6119,15.2224,5.5062,14.2353,115.8839,0.0,10.0
4196.0,224.4118,69.2128,123.1103,2.6612,129.5081,15.4831,11.999,9.2555,2.6364,15.5282,5.2312,14.2294,116.1187,0.0,10.0
4196.1,223.6322,68.8275,122.3832,2.6656,128.7986,15.1191,12.8386,9.8947,2.6767,15.8731,4.8657,14.1926,116.3631,0.0,10.0
4196.2,222.7392,68.4656,121.6649,2.668,127.233,14.806,13.4609,10.6365,2.7259,16.1793,4.4634,14.2076,116.6026,0.0,10.0
4196.3,221.8146,68.1718,120.9905,2.666,125.201,14.8071,13.8021,11.103,2.7737,16.3134,4.129,14.2181,116.8251,0.0,10.0
4196.4,220.9031,67.9209,120.3322,2.6616,123.1638,14.4592,13.9224,11.3406,2.8121,16.2092,3.9341,14.1824,117.0255,0.0,10.0
4196.5,219.9517,67.7393,119.6812,2.6577,121.3955,14.0166,13.9339,11.5223,2.8434,15.9702,3.8346,14.1371,117.2014,0.0,10.0
4196.6,218.9008,67.5805,119.1647,2.6566,120.2525,13.5023,13.9322,11.7315,2.8739,15.6864,3.7949,14.1457,117.3483,0.0,10.0
4196.7,217.7773,67.4571,118.7601,2.6575,119.8222,13.0678,13.9324,11.9335,2.9064,15.424,3.7922,14.1234,117.4578,0.0,10.0
4196.8,216.7646,67.4476,118.6035,2.6586,120.1759,12.8693,13.931,12.209,2.9409,15.176,3.8165,14.1517,117.5182,0.0,10.0
4196.9,216.0464,67.4995,118.6557,2.6584,121.2283,12.9938,13.9297,12.4776,2.9798,14.9407,3.8476,14.1486,117.525,0.0,10.0
4197.0,215.7491,67.5879,118.839,2.6574,122.4903,13.3802,13.928,12.6316,3.0161,14.7864,3.863,14.1218,117.4853,0.0,10.0
4197.1,215.9191,67.7093,119.1781,2.6568,123.397,13.8143,13.9263,12.8021,3.0521,14.7345,3.8475,14.1003,117.4159,0.0,10.0
4197.2,216.4495,67.7994,119.5108,2.6576,123.569,14.0692,13.925,12.9438,3.0874,14.8157,3.7731,14.0883,117.3364,0.0,10.0
4197.3,217.2608,67.8641,119.8314,2.659,122.9563,14.027,13.9239,12.9928,3.1223,14.9941,3.6411,14.0764,117.2601,0.0,10.0
4197.4,218.2288,67.8709,120.0732,2.6601,121.9178,13.7877,13.9228,13.1055,3.1519,15.2406,3.4723,14.0508,117.1929,0.0,10.0
4197.5,219.137,67.8753,120.3186,2.6607,120.9125,13.5898,13.9214,12.9868,3.1683,15.5438,3.2942,14.0697,117.1372,0.0,10.0
4197.6,219.8257,67.8794,120.5653,2.662,120.346,13.6276,13.9198,12.7878,3.1673,15.868,3.1426,14.0471,117.0958,0.0,10.0
4197.7,220.2103,67.916,120.7767,2.6652,120.1637,13.9182,13.9178,12.5379,3.1517,16.218,3.017,14.0373,117.0723,0.0,10.0
4197.8,220.403,67.9535,120.9238,2.6709,120.2387,14.3638,13.914,12.2633,3.1197,16.5708,2.9317,13.9984,117.0678,0.0,10.0
4197.9,220.5493,67.9918,121.0116,2.6778,120.6339,14.8005,13.9059,11.9732,3.0735,16.8674,2.8994,14.0177,117.0765,0.0,10.0
4198.0,220.7324,67.993,121.0032,2.6829,121.4633,15.0948,13.8947,11.6865,3.0162,17.0727,2.9302,14.0293,117.0876,0.0,10.0
4198.1,220.9122,67.9939,120.9872,2.6842,122.4625,15.1483,13.888,11.3859,2.9583,17.1399,3.0217,14.0179,117.0882,0.0,10.0
4198.2,221.0179,67.9948,120.9633,2.6814,122.9656,14.9418,13.8887,11.0697,2.9002,17.0079,3.2027,13.9691,117.0703,0.0,10.0
4198.3,221.0476,68.0007,121.0601,2.677,122.5606,14.5816,13.8788,10.8715,2.8404,16.708,3.4594,13.9705,117.0314,0.0,10.0
4198.4,221.0856,68.0133,121.2604,2.6738,121.4361,14.2064,13.8191,10.7216,2.7838,16.3339,3.7382,13.9408,116.9706,0.0,10.0
4198.5,221.2136,68.0346,121.5924,2.6731,120.2345,13.9439,13.6819,10.6993,2.7329,16.0097,3.9878,13.9408,116.8836,0.0,10.0
4198.6,221.4947,68.0884,122.0799,2.6741,119.7054,13.8163,13.4787,10.6924,2.6948,15.779,4.1788,13.9328,116.7632,0.0,10.0
4198.7,222.0634,68.2012,122.6657,2.6748,119.9575,13.8039,13.2295,10.5363,2.6661,15.6188,4.3328,13.9009,116.5988,0.0,10.0
4198.8,223.0567,68.406,123.3861,2.6735,120.6163,13.8845,12.9382,10.3549,2.6509,15.5361,4.4372,13.9339,116.3838,0.0,10.0
4198.9,224.5582,68.7346,124.2939,2.6698,121.2817,14.063,12.5914,10.028,2.6533,15.5286,4.4879,13.8935,116.1196,0.0,10.0
4199.0,226.4781,69.1192,125.2742,2.6645,121.7413,14.379,12.1829,9.8436,2.6697,15.5696,4.5037,13.8635,115.8173,0.0,10.0
4199.1,228.4387,69.5745,126.3367,2.6591,121.9571,14.8083,11.7482,9.6653,2.6945,15.5894,4.5124,13.857,115.498,0.0,10.0
4199.2,230.1993,69.9886,127.369,2.6552,122.2664,15.2446,11.3543,9.5467,2.7437,15.4845,4.5384,13.8689,115.1865,0.0,10.0
4199.3,231.604,70.362,128.3547,2.6539,123.1503,15.5899,11.0384,9.3196,2.8301,15.2256,4.5807,13.8731,114.9007,0.0,10.0
4199.4,232.6817,70.6566,129.2396,2.6554,124.7005,15.846,10.8016,9.0315,2.9433,14.8413,4.6457,13.8385,114.6516,0.0,10.0
4199.5,233.474,70.9064,129.9801,2.6589,126.4258,16.0983,10.6016,8.7692,3.0422,14.4096,4.7448,13.8431,114.4399,0.0,10.0
4199.6,234.0006,71.1467,130.6668,2.663,127.6229,16.4131,10.4149,8.4555,3.0961,14.0125,4.8767,13.8646,114.2578,0.0,10.0
4199.7,234.3646,71.4042,131.329,2.6668,128.1139,16.7615,10.2334,8.5424,3.1186,13.6864,5.0148,13.8509,114.0968,0.0,10.0
4199.8,234.695,71.6485,131.941,2.6699,128.1851,17.0438,10.0566,8.654,3.1313,13.4958,5.1055,13.8363,113.9504,0.0,10.0
4199.9,235.0489,71.867,132.5094,2.6719,128.2912,17.1894,9.8905,8.7685,3.1458,13.4226,5.1309,13.8232,113.8159,0.0,10.0
4200.0,235.3806,71.9941,132.9756,2.6722,128.4401,17.1718,9.7483,8.8611,3.1564,13.4717,5.0898,13.7872,113.6968,0.0,10.0
4200.1,235.616,72.0377,133.3221,2.6702,128.4541,17.0565,9.6416,8.7701,3.1591,13.5937,5.0149,13.7961,113.5977,0.0,10.0
4200.2,235.7398,72.0235,133.5796,2.6659,128.2507,16.9296,9.5724,8.7109,3.1644,13.7936,4.8855,13.7957,113.5223,0.0,10.0
4200.3,235.776,71.9156,133.6627,2.6601,127.7751,16.9005,9.5424,8.6864,3.186,14.0908,4.6543,13.7723,113.4744,0.0,10.0
4200.4,235.7349,71.7921,133.6154,2.6542,126.831,17.017,9.5522,8.6961,3.2331,14.4552,4.2993,13.7898,113.4566,0.0,10.0
4200.5,235.5324,71.6641,133.4812,2.65,125.4246,17.2384,9.5947,8.7308,3.2966,14.8119,3.8839,13.7598,113.4713,0.0,10.0
4200.6,235.0747,71.592,133.3019,2.6487,124.124,17.4517,9.6607,8.7836,3.3531,15.0758,3.5364,13.7893,113.5199,0.0,10.0
4200.7,234.4747,71.5401,133.0259,2.6506,123.3257,17.5562,9.7353,8.8461,3.3918,15.2036,3.3003,13.7448,113.6021,0.0,10.0
4200.8,233.9098,71.5028,132.667,2.6547,122.9533,17.5228,9.8087,8.9085,3.4052,15.1952,3.1765,13.7814,113.7142,0.0,10.0
4200.9,233.5193,71.4383,132.1104,2.6587,122.4277,17.3979,9.8811,8.9701,3.4047,15.1317,3.1062,13.7761,113.8485,0.0,10.0
4201.0,233.2887,71.3688,131.5005,2.6615,121.6358,17.2613,9.9745,9.0412,3.3979,15.0855,3.0629,13.7505,113.9911,0.0,10.0
4201.1,233.1616,71.2947,130.8406,2.6629,120.978,17.1725,10.1247,9.1355,3.3908,15.0786,3.0576,13.7724,114.122,0.0,10.0
4201.2,233.1038,71.2525,130.3954,2.664,120.7833,17.1484,10.3468,9.2597,3.3846,15.0721,3.0832,13.7789,114.2168,0.0,10.0
4201.3,233.0527,71.2427,130.1882,2.6653,120.9444,17.1521,10.6175,9.3899,3.3751,15.0674,3.1418,13.7188,114.2552,0.0,10.0
4201.4,232.9171,71.2696,130.2496,2.6668,121.35,17.1655,10.8684,9.4749,3.3626,15.0821,3.2426,13.7142,114.2306,0.0,10.0
4201.5,232.6299,71.418,130.7923,2.6678,122.2644,17.2362,11.0448,9.5865,3.3528,15.1609,3.3793,13.7131,114.1507,0.0,10.0
4201.6,232.2425,71.6154,131.4563,2.6681,123.9204,17.4129,11.126,9.7753,3.345,15.2613,3.5444,13.7447,114.0296,0.0,10.0
4201.7,231.9235,71.8704,132.2485,2.6685,126.0626,17.6916,11.1438,9.7867,3.3355,15.3262,3.7092,13.724,113.8788,0.0,10.0
4201.8,231.8076,72.1793,133.0804,2.6699,127.9055,17.9725,11.1453,9.7891,3.3168,15.2719,3.8739,13.6954,113.7074,0.0,10.0
4201.9,231.9094,72.5045,133.8804,2.6718,128.9522,18.1099,11.1453,9.7933,3.2922,15.0978,4.0506,13.6829,113.5262,0.0,10.0
4202.0,232.1023,72.8469,134.6186,2.6732,129.1624,18.0436,11.145,9.7965,3.2626,14.822,4.2595,13.6608,113.3527,0.0,10.0
4202.1,232.3128,73.1148,135.1828,2.6735,128.8283,17.8469,11.1448,9.7963,3.2257,14.412,4.5186,13.6619,113.2063,0.0,10.0
4202.2,232.5055,73.2855,135.6025,2.6734,128.5095,17.6683,11.1446,9.7933,3.1873,13.9171,4.795,13.694,113.1052,0.0,10.0
4202.3,232.6327,73.2806,135.7855,2.6736,128.6162,17.6072,11.1442,9.7901,3.1528,13.3434,5.0765,13.7447,113.0632,0.0,10.0
4202.4,232.6503,73.0581,135.5791,2.6737,129.2302,17.6655,11.1434,9.789,3.1363,12.8036,5.3006,13.6364,113.0866,0.0,10.0
4202.5,232.5298,72.748,135.1635,2.6721,129.6949,17.736,11.142,9.7897,3.14,12.407,5.4223,13.6409,113.1723,0.0,10.0
4202.6,232.2963,72.3514,134.4545,2.6682,129.5428,17.6769,11.1397,9.7898,3.1683,12.1959,5.4189,13.5755,113.3094,0.0,10.0
4202.7,231.9735,71.9924,133.5794,2.6629,128.7049,17.4161,11.1368,9.788,3.222,12.2203,5.2778,13.6286,113.4821,0.0,10.0
4202.8,231.5821,71.6844,132.6585,2.6584,127.908,17.0532,11.1337,9.7847,3.2812,12.3567,5.0923,13.6201,113.6742,0.0,10.0
4202.9,231.1642,71.5072,131.7675,2.656,127.6397,16.7337,11.1309,9.7817,3.329,12.5932,4.8999,13.6481,113.8698,0.0,10.0
4203.0,230.7793,71.3838,131.0389,2.6562,127.9765,16.5975,11.1289,9.7813,3.3553,12.8611,4.7365,13.6193,114.055,0.0,10.0
4203.1,230.5002,71.2887,130.4221,2.6583,128.4688,16.6578,11.1279,9.7839,3.3731,13.121,4.5912,13.5878,114.2218,0.0,10.0
4203.2,230.3633,71.219,130.004,2.6617,128.8545,16.8581,11.1274,9.7876,3.3924,13.3611,4.446,13.607,114.3669,0.0,10.0
4203.3,230.3367,71.1778,129.6817,2.6657,129.1063,17.1186,11.1268,9.7892,3.4179,13.6007,4.2825,13.6248,114.4923,0.0,10.0
4203.4,230.3756,71.155,129.4142,2.67,129.0391,17.3669,11.1264,9.7872,3.4397,13.898,4.1015,13.626,114.6042,0.0,10.0
4203.5,230.4451,71.1541,129.1759,2.6747,128.5797,17.5842,11.126,9.7822,3.4511,14.3184,3.8995,13.6016,114.709,0.0,10.0
4203.6,230.5274,71.137,128.9267,2.6805,128.061,17.7825,11.1256,9.7767,3.456,14.8958,3.6721,13.593,114.8106,0.0,10.0
4203.7,230.6127,71.1036,128.6728,2.687,128.0003,17.9805,11.1252,9.7722,3.4622,15.6493,3.3967,13.5796,114.9073,0.0,10.0
4203.8,230.6805,71.0057,128.4452,2.692,128.2989,18.1439,11.1245,9.7685,3.4672,16.4486,3.1215,13.5938,114.9911,0.0,10.0
4203.9,230.7246,70.8896,128.2541,2.6935,128.5573,18.1742,11.1237,9.7656,3.4609,17.2408,2.8911,13.5682,115.0533,0.0,10.0
4204.0,230.7483,70.763,128.0935,2.69,128.7321,18.0044,11.1229,9.7644,3.4373,18.034,2.7171,13.5868,115.0888,0.0,10.0
4204.1,230.7597,70.7384,127.9869,2.684,129.0415,17.6572,11.1224,9.7653,3.4006,18.8023,2.5927,13.5689,115.0974,0.0,10.0
4204.2,230.7623,70.7479,127.919,2.6783,129.4696,17.2456,11.1222,9.7669,3.3546,19.4764,2.5218,13.5654,115.0829,0.0,10.0
4204.3,230.757,70.7901,127.888,2.6752,129.7958,16.908,11.1214,9.7646,3.2999,19.8489,2.5663,13.5438,115.048,0.0,10.0
4204.4,230.7453,70.8672,128.0565,2.6743,129.8084,16.7219,11.1149,9.7525,3.2392,19.9173,2.7197,13.5325,114.9925,0.0,10.0
4204.5,230.7295,70.9625,128.304,2.6741,129.64,16.7234,11.0869,9.7197,3.1814,19.7521,2.938,13.5379,114.9155,0.0,10.0
4204.6,230.7087,71.0783,128.64,2.6726,129.8175,16.8664,11.0209,9.6581,3.1386,19.4311,3.1716,13.5456,114.8206,0.0,10.0
4204.7,230.6736,71.215,129.033,2.6691,130.519,17.0895,10.9112,9.5659,3.1208,19.0051,3.3803,13.5292,114.7188,0.0,10.0
4204.8,230.6027,71.3501,129.3745,2.6646,131.3312,17.2842,10.7668,9.4502,3.1267,18.5002,3.5579,13.5271,114.6262,0.0,10.0
4204.9,230.4837,71.481,129.6385,2.661,131.7592,17.3671,10.6213,9.3352,3.1545,17.8621,3.7305,13.5232,114.5572,0.0,10.0
4205.0,230.3231,71.5733,129.7091,2.6602,131.7385,17.3309,10.5144,9.2505,3.2052,17.1337,3.8823,13.5124,114.52,0.0,10.0
4205.1,230.1571,71.6124,129.7001,2.6619,131.3414,17.2121,10.4732,9.2194,3.2726,16.3845,3.9991,13.5157,114.514,0.0,10.0
4205.2,230.0231,71.5678,129.5946,2.6653,130.6178,17.0285,10.5002,9.2463,3.3574,15.7204,4.0322,13.556,114.5308,0.0,10.0
4205.3,229.9494,71.4751,129.5179,2.6686,129.8287,16.7716,10.5674,9.307,3.4426,15.2762,3.9673,13.5633,114.5565,0.0,10.0
4205.4,229.9618,71.3715,129.4717,2.6701,129.1662,16.507,10.65,9.3781,3.5168,15.0235,3.8451,13.5384,114.5759,0.0,10.0
4205.5,230.0532,71.264,129.4791,2.6683,128.536,16.3815,10.7312,9.4444,3.5704,14.9666,3.6933,13.5573,114.5779,0.0,10.0
4205.6,230.2105,71.2134,129.5689,2.6633,128.0143,16.4975,10.8109,9.5087,3.5972,15.1019,3.5358,13.5528,114.5604,0.0,10.0
4205.7,230.4036,71.1835,129.6962,2.6582,127.7779,16.804,10.8895,9.5739,3.6024,15.3902,3.3819,13.5277,114.5297,0.0,10.0
4205.8,230.5687,71.1695,129.8674,2.6561,127.8105,17.0755,10.9489,9.6253,3.5792,15.7995,3.2632,13.5551,114.4951,0.0,10.0
4205.9,230.6483,71.1624,130.0771,2.6593,128.0222,17.0966,10.9596,9.6348,3.536,16.2109,3.2081,13.525,114.462,0.0,10.0
4206.0,230.6197,71.1668,130.3047,2.6646,128.2821,16.8052,10.8998,9.5815,3.4839,16.5601,3.2149,13.525,114.4304,0.0,10.0
4206.1,230.5312,71.2034,130.5496,2.6685,128.6653,16.4031,10.7686,9.4667,3.4266,16.7859,3.2948,13.506,114.3985,0.0,10.0
4206.2,230.462,71.279,130.7574,2.669,129.5631,16.1329,10.6059,9.3286,3.3691,16.8565,3.4585,13.5261,114.3681,0.0,10.0
4206.3,230.4933,71.3683,130.9218,2.6686,131.1328,16.1834,10.4573,9.2051,3.3269,16.8268,3.6265,13.5231,114.3462,0.0,10.0
4206.4,230.6855,71.4434,130.9574,2.6704,132.7307,16.4648,10.3552,9.12,3.3207,16.767,3.6956,13.5064,114.3406,0.0,10.0
4206.5,231.0435,71.4797,130.9139,2.6746,133.1861,16.7753,10.3063,9.0763,3.3761,16.7487,3.5451,13.5198,114.3541,0.0,10.0
4206.6,231.5592,71.4945,130.8156,2.6783,132.117,16.9748,10.2968,9.0654,3.4798,16.7566,3.2279,13.4862,114.3812,0.0,10.0
4206.7,232.2069,71.5039,130.6321,2.6792,130.167,17.08,10.3163,9.0853,3.5906,16.7425,2.9063,13.498,114.4117,0.0,10.0
4206.8,232.9141,71.5285,130.4693,2.6775,128.1571,17.1867,10.3567,9.1342,3.6763,16.7119,2.672,13.5293,114.4356,0.0,10.0
4206.9,233.6218,71.5702,130.3323,2.6757,127.093,17.3379,10.4084,9.199,3.727,16.6563,2.5606,13.4856,114.4475,0.0,10.0
4207.0,234.2778,71.6934,130.3385,2.6758,127.2607,17.5176,10.4611,9.2615,3.7659,16.5439,2.5267,13.5368,114.4456,0.0,10.0
4207.1,234.8713,71.8299,130.4183,2.6781,128.4367,17.6772,10.4996,9.3022,3.7904,16.3336,2.5986,13.4957,114.4306,0.0,10.0
4207.2,235.3931,71.9769,130.5596,2.6815,129.8894,17.7056,10.5152,9.3159,3.7983,16.0569,2.7622,13.5006,114.4037,0.0,10.0
4207.3,235.8088,72.1208,130.7857,2.6849,130.8582,17.5839,10.5025,9.3018,3.7856,15.807,2.9704,13.5031,114.3677,0.0,10.0
4207.4,236.101,72.2641,131.0377,2.6884,131.2047,17.4582,10.4563,9.2571,3.7565,15.611,3.1995,13.5114,114.3264,0.0,10.0
4207.5,236.2832,72.4069,131.3147,2.6923,131.2861,17.397,10.3789,9.184,3.7157,15.4679,3.443,13.4954,114.2839,0.0,10.0
4207.6,236.397,72.5003,131.5657,2.6962,131.6674,17.3487,10.275,9.0897,3.6772,15.3461,3.6657,13.4543,114.2439,0.0,10.0
4207.7,236.5043,72.5428,131.7746,2.6989,132.3502,17.2967,10.1565,8.9889,3.6519,15.2429,3.8295,13.4649,114.2081,0.0,10.0
4207.8,236.6415,72.5262,131.9343,2.6986,132.704,17.2772,10.0415,8.8972,3.6393,15.1606,3.9239,13.4566,114.1754,0.0,10.0
4207.9,236.7982,72.4204,132.0132,2.6952,132.2886,17.2139,9.94,8.8186,3.6311,15.15,3.9482,13.495,114.1434,0.0,10.0
4208.0,236.9316,72.3067,132.0862,2.6897,131.3548,17.1526,9.856,8.7516,3.6174,15.2627,3.9115,13.4491,114.1095,0.0,10.0
4208.1,237.0173,72.1904,132.1588,2.684,130.4203,17.2584,9.7917,8.6969,3.5953,15.532,3.8144,13.471,114.0729,0.0,10.0
4208.2,237.0845,72.1446,132.303,2.6802,129.8232,17.4883,9.7458,8.6574,3.562,15.9662,3.6813,13.4685,114.0343,0.0,10.0
4208.3,237.212,72.141,132.4777,2.679,129.5391,17.6896,9.7135,8.6329,3.5161,16.4719,3.5643,13.4377,113.9953,0.0,10.0
4208.4,237.4719,72.1955,132.6902,2.6803,129.4855,17.7797,9.6894,8.6194,3.4561,17.0093,3.4811,13.4103,113.9576,0.0,10.0
4208.5,237.8936,72.2918,132.8775,2.6828,129.6056,17.7915,9.6783,8.6191,3.3828,17.5164,3.4548,13.4046,113.9224,0.0,10.0
4208.6,238.4518,72.401,133.0398,2.6853,130.0511,17.7838,9.6942,8.6426,3.3009,17.9919,3.4779,13.3332,113.889,0.0,10.0
4208.7,239.0359,72.5206,133.1584,2.6874,130.9342,17.7394,9.7463,8.6962,3.2252,18.3694,3.5427,13.3338,113.8558,0.0,10.0
4208.8,239.5304,72.6354,133.2277,2.6877,131.9295,17.6141,9.8176,8.7646,3.1656,18.5174,3.6633,13.4007,113.8215,0.0,10.0
4208.9,239.8271,72.7384,133.2592,2.6849,132.5636,17.4218,9.8843,8.8285,3.1242,18.4447,3.8119,13.3954,113.7883,0.0,10.0
4209.0,239.8962,72.8126,133.2227,2.6785,132.8506,17.2333,9.9277,8.8728,3.0915,18.1743,3.9971,13.4022,113.7645,0.0,10.0
4209.1,239.7616,72.8346,133.0838,2.6706,132.8631,17.1225,9.9531,8.9015,3.0569,17.7191,4.2361,13.4006,113.7624,0.0,10.0
4209.2,239.4559,72.8205,132.8753,2.6659,132.5235,17.1132,9.9753,8.9251,3.0083,17.0808,4.5486,13.4126,113.7946,0.0,10.0
4209.3,239.0155,72.742,132.5451,2.6667,131.6867,17.181,10.0067,8.9519,2.95,16.379,4.8869,13.4115,113.8659,0.0,10.0
4209.4,238.4532,72.6169,132.153,2.6728,130.3967,17.2736,10.0513,8.9859,2.8895,15.7566,5.1924,13.4336,113.9692,0.0,10.0
4209.5,237.7819,72.4691,131.7401,2.6795,129.3753,17.3589,10.1032,9.0252,2.8365,15.323,5.4257,13.4266,114.087,0.0,10.0
4209.6,237.0649,72.3103,131.3577,2.6835,129.308,17.4043,10.1461,9.0579,2.7909,15.0015,5.6231,13.4134,114.1969,0.0,10.0
4209.7,236.395,72.1804,131.0555,2.6832,130.2325,17.3678,10.1548,9.0623,2.7606,14.7323,5.7933,13.4,114.2806,0.0,10.0
4209.8,235.8774,72.0746,130.8201,2.6798,131.1889,17.2439,10.1112,9.0201,2.7518,14.5274,5.9153,13.4126,114.3281,0.0,10.0
4209.9,235.6178,72.0295,130.7482,2.6753,131.5293,17.0727,10.0087,8.9239,2.7683,14.409,5.967,13.4309,114.3369,0.0,10.0
4210.0,235.6373,72.0291,130.8187,2.6715,131.4105,16.9219,9.8609,8.7875,2.8106,14.407,5.9305,13.382,114.3095,0.0,10.0
4210.1,235.9349,72.0638,131.001,2.6694,131.4244,16.8375,9.6993,8.6431,2.876,14.4939,5.8159,13.4264,114.2491,0.0,10.0
4210.2,236.4538,72.1621,131.3891,2.6691,131.941,16.8396,9.5509,8.5169,2.9589,14.6208,5.6461,13.4248,114.1582,0.0,10.0
4210.3,237.0519,72.2898,131.9039,2.6702,132.8104,16.9413,9.4388,8.4285,3.0515,14.7283,5.4504,13.4069,114.0396,0.0,10.0
4210.4,237.6352,72.4426,132.527,2.6723,133.3897,17.1586,9.3679,8.3781,3.1577,14.7661,5.234,13.4034,113.8995,0.0,10.0
4210.5,238.1629,72.642,133.3458,2.6748,133.3217,17.4711,9.3359,8.3597,3.2678,14.7759,5.0041,13.4052,113.7498,0.0,10.0
4210.6,238.6455,72.8471,134.1053,2.677,132.7897,17.7513,9.3307,8.3587,3.3673,14.7761,4.787,13.3719,113.6082,0.0,10.0
4210.7,239.1019,73.0578,134.8063,2.6781,132.2056,17.8691,9.3285,8.3544,3.4424,14.7723,4.6097,13.3731,113.4959,0.0,10.0
4210.8,239.5268,73.218,135.0008,2.6776,131.853,17.8328,9.3148,8.3371,3.4933,14.7142,4.4894,13.3632,113.4339,0.0,10.0
4210.9,239.9185,73.3489,134.9172,2.6762,131.75,17.7773,9.2863,8.3086,3.5301,14.5979,4.4031,13.3714,113.4348,0.0,10.0
4211.0,240.2906,73.4456,134.5142,2.6755,131.7169,17.7874,9.2508,8.2777,3.5519,14.466,4.3338,13.3716,113.495,0.0,10.0
4211.1,240.6582,73.5013,133.8323,2.6772,131.5238,17.8362,9.2133,8.2467,3.5476,14.381,4.2944,13.3745,113.5956,0.0,10.0
4211.2,241.014,73.5434,133.19,2.6813,131.254,17.8615,9.1699,8.2079,3.5088,14.3799,4.2968,13.4017,113.7093,0.0,10.0
4211.3,241.3191,73.5704,132.6347,2.6864,131.0023,17.8635,9.1118,8.1516,3.4338,14.4471,4.3623,13.3914,113.8118,0.0,10.0
4211.4,241.5311,73.5882,132.4033,2.6903,130.6579,17.8747,9.0342,8.0758,3.336,14.5416,4.4753,13.3952,113.8874,0.0,10.0
4211.5,241.6353,73.6012,132.2885,2.6917,130.1414,17.8762,8.9353,7.9827,3.2399,14.6308,4.6026,13.368,113.9298,0.0,10.0
4211.6,241.6753,73.6076,132.3053,2.69,129.6017,17.8366,8.8177,7.8774,3.1592,14.7199,4.7283,13.3458,113.9391,0.0,10.0
4211.7,241.6982,73.6265,132.3559,2.6857,129.4223,17.7955,8.692,7.7681,3.1034,14.8307,4.8356,13.3465,113.922,0.0,10.0
4211.8,241.7485,73.6591,132.4305,2.681,129.7408,17.8344,8.5749,7.6667,3.0642,14.9554,4.9479,13.3667,113.8879,0.0,10.0
4211.9,241.85,73.7169,132.5435,2.6774,130.5043,17.9428,8.4905,7.5922,3.0436,15.0786,5.0446,13.3594,113.8469,0.0,10.0
4212.0,241.9886,73.7733,132.6929,2.6763,131.8664,18.0015,8.453,7.5581,3.0637,15.2062,5.0809,13.3765,113.8062,0.0,10.0
4212.1,242.0924,73.8201,132.85,2.6767,133.5242,17.8971,8.4689,7.5739,3.1168,15.3447,5.0569,13.3406,113.7701,0.0,10.0
4212.2,242.0461,73.8412,133.0012,2.6774,135.1052,17.669,8.5384,7.6439,3.1782,15.4834,4.998,13.4068,113.741,0.0,10.0
4212.3,241.7467,73.8171,133.1165,2.6776,136.1586,17.4628,8.6498,7.7569,3.2153,15.5538,4.9723,13.361,113.7202,0.0,10.0
4212.4,241.1287,73.761,133.2119,2.6775,136.714,17.3994,8.7944,7.9005,3.228,15.5388,4.9787,13.38,113.7077,0.0,10.0
4212.5,240.2386,73.6462,133.2814,2.6773,137.0181,17.4544,8.9599,8.0569,3.2333,15.4643,4.9938,13.3861,113.703,0.0,10.0
4212.6,239.2221,73.5082,133.3619,2.6773,137.1359,17.4866,9.1271,8.2057,3.2319,15.2945,5.0151,13.3329,113.7052,0.0,10.0
4212.7,238.263,73.3656,133.4575,2.6785,136.7333,17.3849,9.2779,8.3311,3.2069,14.9341,5.084,13.3479,113.7117,0.0,10.0
4212.8,237.5762,73.2523,133.6031,2.6823,135.3348,17.1839,9.391,8.4163,3.1584,14.4056,5.2081,13.3735,113.717,0.0,10.0
4212.9,237.2655,73.2064,133.7842,2.6891,132.9729,17.0243,9.4437,8.445,3.107,13.8922,5.33,13.3568,113.7113,0.0,10.0
4213.0,237.3494,73.216,133.9937,2.6958,130.6723,17.0702,9.4256,8.411,3.0756,13.6111,5.3747,13.3596,113.6805,0.0,10.0
4213.1,237.7614,73.3594,134.2668,2.6983,129.2201,17.3472,9.3387,8.3183,3.073,13.5606,5.3215,13.3561,113.6118,0.0,10.0
4213.2,238.3404,73.5649,134.6275,2.6943,128.8245,17.7907,9.2086,8.1922,3.0946,13.6642,5.1781,13.3548,113.5005,0.0,10.0
4213.3,238.9877,73.8135,135.0589,2.6856,129.1506,18.2669,9.0751,8.0688,3.1369,13.8864,4.9596,13.3531,113.353,0.0,10.0
4213.4,239.626,74.0719,135.6357,2.6768,129.593,18.6591,8.9634,7.9697,3.1925,14.2211,4.6877,13.3437,113.1863,0.0,10.0
4213.5,240.2002,74.3019,136.2378,2.671,129.8987,18.9034,8.884,7.9013,3.2567,14.6845,4.3691,13.3659,113.021,0.0,10.0
4213.6,240.6819,74.5062,136.8593,2.6698,130.0792,18.9494,8.829,7.8534,3.3264,15.2247,4.0273,13.3303,112.8715,0.0,10.0
4213.7,241.0508,74.6093,137.4183,2.6721,130.3306,18.8771,8.7925,7.8199,3.3999,15.8085,3.6716,13.3297,112.7434,0.0,10.0
4213.8,241.287,74.6537,137.973,2.6764,130.7295,18.7721,8.7688,7.7977,3.475,16.3685,3.3282,13.289,112.6336,0.0,10.0
4213.9,241.3634,74.6392,138.5234,2.6811,131.3065,18.7379,8.7502,7.7829,3.5469,16.8486,3.0231,13.3252,112.5344,0.0,10.0
4214.0,241.2616,74.612,139.1711,2.685,131.8931,18.8144,8.7324,7.7718,3.6145,17.2222,2.7618,13.3367,112.441,0.0,10.0
4214.1,241.0169,74.6157,139.8039,2.6878,132.338,18.9672,8.7154,7.7625,3.6739,17.4593,2.5611,13.3347,112.3563,0.0,10.0
4214.2,240.7067,74.6574,140.4157,2.6901,132.4538,19.1143,8.702,7.7545,3.7198,17.5554,2.4336,13.3413,112.2888,0.0,10.0
4214.3,240.4346,74.7525,140.6633,2.6929,132.1704,19.202,8.6947,7.7475,3.7424,17.4392,2.424,13.3376,112.2508,0.0,10.0
4214.4,240.3128,74.8554,140.6445,2.6959,131.482,19.2281,8.6947,7.7404,3.7397,17.1803,2.5171,13.3224,112.2504,0.0,10.0
4214.5,240.3876,74.9636,140.2744,2.6969,130.418,19.1788,8.6996,7.7319,3.7162,16.796,2.6956,13.3312,112.2876,0.0,10.0
4214.6,240.65,75.0163,139.586,2.6937,129.2531,19.0376,8.7062,7.7235,3.6826,16.4383,2.891,13.3418,112.3536,0.0,10.0
4214.7,241.0302,75.0368,138.8878,2.6872,128.23,18.8141,8.7131,7.7192,3.6391,16.1542,3.0869,13.3256,112.4339,0.0,10.0
4214.8,241.4175,75.0129,138.2506,2.68,127.6795,18.4993,8.7208,7.7243,3.5765,15.9589,3.2991,13.3462,112.5119,0.0,10.0
4214.9,241.7677,74.9918,137.8883,2.675,127.8588,18.0905,8.7326,7.7402,3.475,15.8649,3.5722,13.3035,112.5765,0.0,10.0
4215.0,242.078,74.969,137.6511,2.6725,128.6468,17.6731,8.7541,7.7667,3.3597,15.8466,3.8494,13.306,112.6245,0.0,10.0
4215.1,242.3628,74.9407,137.57,2.6716,129.7635,17.3732,8.7902,7.8034,3.2512,15.9347,4.0741,13.3134,112.6593,0.0,10.0
4215.2,242.619,74.8922,137.5093,2.6714,130.4018,17.3473,8.8369,7.846,3.1797,16.1596,4.1608,13.3103,112.6865,0.0,10.0
4215.3,242.8295,74.8414,137.4412,2.6718,130.1411,17.5616,8.8878,7.8905,3.1293,16.4833,4.1601,13.3154,112.7095,0.0,10.0
4215.4,242.9683,74.7997,137.3359,2.6722,129.0537,17.8895,8.9389,7.9355,3.0986,16.8244,4.1114,13.311,112.7283,0.0,10.0
4215.5,242.9755,74.7554,137.2447,2.6708,127.8899,18.1379,8.9943,7.984,3.0994,17.0485,4.0381,13.2925,112.7418,0.0,10.0
4215.6,242.7811,74.7076,137.173,2.6675,127.5645,18.2172,9.0598,8.0388,3.1385,17.0661,3.9627,13.3284,112.7505,0.0,10.0
4215.7,242.3927,74.6503,137.1554,2.6642,128.2877,18.1608,9.1297,8.0926,3.2149,16.9054,3.882,13.3118,112.7564,0.0,10.0
4215.8,241.9289,74.6215,137.1695,2.6637,129.6753,18.0542,9.1814,8.1272,3.3082,16.6412,3.8151,13.3242,112.7623,0.0,10.0
4215.9,241.5677,74.6143,137.1972,2.6664,130.7714,17.9958,9.1909,8.1245,3.3981,16.3499,3.7816,13.3118,112.7696,0.0,10.0
4216.0,241.4739,74.6503,137.2209,2.6701,131.0795,18.06,9.144,8.0741,3.4696,16.0546,3.7981,13.2646,112.7772,0.0,10.0
4216.1,241.6847,74.7047,137.2286,2.6721,130.8336,18.2994,9.0456,7.9812,3.5285,15.7328,3.8626,13.2934,112.7834,0.0,10.0
4216.2,242.1633,74.7698,137.2251,2.672,130.8033,18.6838,8.9131,7.8616,3.5744,15.4361,3.9672,13.2856,112.7878,0.0,10.0
4216.3,242.7947,74.8368,137.2059,2.6717,131.4482,19.0912,8.765,7.7317,3.6028,15.2054,4.1088,13.3037,112.7918,0.0,10.0
4216.4,243.3906,74.8708,137.1929,2.6727,132.6834,19.3959,8.6278,7.6134,3.6125,15.0868,4.2524,13.265,112.7973,0.0,10.0
4216.5,243.7454,74.8795,137.1848,2.6744,134.0821,19.5236,8.5302,7.5302,3.599,15.0883,4.3937,13.2708,112.8061,0.0,10.0
4216.6,243.6382,74.8522,137.184,2.6753,135.2688,19.5324,8.4973,7.5038,3.5687,15.1765,4.5244,13.2235,112.82,0.0,10.0
4216.7,243.0318,74.8323,137.1487,2.6748,136.1943,19.4941,8.5395,7.5441,3.5283,15.3534,4.6369,13.249,112.8426,0.0,10.0
4216.8,242.0069,74.8183,137.0818,2.6746,137.0346,19.4459,8.6307,7.6291,3.479,15.6539,4.7097,13.1753,112.8791,0.0,10.0
4216.9,240.7501,74.7826,136.8856,2.6765,137.9379,19.3876,8.7452,7.7356,3.4338,16.0335,4.7197,13.1896,112.9328,0.0,10.0
4217.0,239.5121,74.7349,136.6392,2.6811,138.7404,19.2933,8.8626,7.8445,3.3937,16.4743,4.6772,13.2147,113.0009,0.0,10.0
4217.1,238.4846,74.6749,136.3416,2.6863,139.2242,19.1101,8.9784,7.951,3.3754,16.8928,4.5626,13.2011,113.0725,0.0,10.0
4217.2,237.819,74.6562,136.0737,2.6892,139.3354,18.8422,9.1017,8.063,3.384,17.284,4.3773,13.1634,113.1321,0.0,10.0
4217.3,237.5813,74.6606,135.8936,2.6895,139.095,18.5686,9.2422,8.1885,3.419,17.6404,4.1291,13.1836,113.166,0.0,10.0
4217.4,237.7301,74.6918,135.8207,2.6887,138.8102,18.4169,9.3959,8.3226,3.4696,17.901,3.8729,13.1734,113.1688,0.0,10.0
4217.5,238.1898,74.7363,136.0332,2.6886,138.6421,18.4537,9.5419,8.4462,3.5185,18.0273,3.6668,13.1726,113.1423,0.0,10.0
4217.6,238.8477,74.779,136.3672,2.6896,138.6006,18.6309,9.6412,8.5251,3.5593,17.9334,3.5628,13.1947,113.0896,0.0,10.0
4217.7,239.6196,74.8172,136.8481,2.6907,138.4929,18.8471,9.646,8.519,3.5965,17.6675,3.5449,13.1775,113.0114,0.0,10.0
4217.8,240.4977,74.8835,137.4317,2.6906,138.1056,19.0063,9.522,8.4015,3.6332,17.2404,3.6051,13.1935,112.908,0.0,10.0
4217.9,241.4787,74.9901,138.0366,2.6892,137.5664,19.0658,9.253,8.1628,3.6686,16.7624,3.7109,13.1763,112.781,0.0,10.0
4218.0,242.5045,75.164,138.6541,2.6871,137.2375,18.9877,8.8768,7.8387,3.6984,16.2827,3.8507,13.1795,112.6368,0.0,10.0
4218.1,243.4937,75.4451,139.2735,2.6855,137.5602,18.7311,8.4865,7.5088,3.718,15.8461,4.0166,13.155,112.4823,0.0,10.0
4218.2,244.3511,75.7665,139.8978,2.6852,138.2029,18.3773,8.1639,7.2417,3.7308,15.4891,4.174,13.1457,112.3213,0.0,10.0
4218.3,245.0087,76.129,140.5321,2.6855,138.7721,18.0791,7.9583,7.0779,3.7389,15.2064,4.3041,13.173,112.1556,0.0,10.0
4218.4,245.4359,76.4758,141.1914,2.6843,138.9732,18.1024,7.8506,6.9984,3.7489,15.0636,4.3635,13.119,111.9879,0.0,10.0
4218.5,245.6427,76.7989,141.8411,2.6807,138.9815,18.3819,7.8169,6.9795,3.7564,15.0057,4.3782,13.1084,111.8239,0.0,10.0
4218.6,245.6782,77.0658,142.4423,2.676,139.1492,18.786,7.8331,6.9973,3.7528,14.9705,4.3918,13.1282,111.6749,0.0,10.0
4218.7,245.5493,77.2622,142.9177,2.6729,139.5436,19.0713,7.8742,7.03,3.729,14.9261,4.4318,13.1228,111.5536,0.0,10.0
4218.8,245.2004,77.3992,143.288,2.6723,139.671,19.0749,7.9245,7.0685,3.677,14.875,4.5184,13.1255,111.4704,0.0,10.0
4218.9,244.573,77.4085,143.4331,2.6732,139.1793,18.8107,7.9783,7.1136,3.5894,14.8645,4.6571,13.0791,111.431,0.0,10.0
4219.0,243.6581,77.2835,143.3636,2.6734,137.9163,18.4041,8.0446,7.176,3.4767,14.9521,4.8216,13.044,111.4352,0.0,10.0
4219.1,242.476,77.0673,143.1517,2.6711,136.0526,18.0021,8.1365,7.2633,3.3466,15.1299,5.0064,13.0386,111.4798,0.0,10.0
4219.2,241.101,76.6987,142.7133,2.6668,134.0672,17.6681,8.2564,7.3728,3.2336,15.341,5.167,12.9308,111.5605,0.0,10.0
4219.3,239.6716,76.2752,142.164,2.6616,132.6389,17.3884,8.3933,7.4938,3.1493,15.5194,5.3025,12.8355,111.6737,0.0,10.0
4219.4,238.3286,75.8204,141.5408,2.6575,132.3941,17.1457,8.5394,7.6225,3.1035,15.6588,5.3959,12.857,111.8168,0.0,10.0
4219.5,237.2186,75.3682,140.8347,2.6562,133.144,16.9717,8.6933,7.7607,3.0884,15.7962,5.4373,12.8752,111.9858,0.0,10.0
4219.6,236.3889,74.9658,140.1263,2.6586,134.4961,16.9326,8.8472,7.9009,3.0937,15.9373,5.4303,12.8635,112.1722,0.0,10.0
4219.7,235.8176,74.6038,139.422,2.6647,135.8652,17.0726,8.9823,8.0232,3.1156,16.0224,5.3987,12.8737,112.3636,0.0,10.0
4219.8,235.4222,74.3218,138.8012,2.6715,136.7648,17.3282,9.0784,8.1083,3.1402,16.0553,5.3723,12.8888,112.5434,0.0,10.0
4219.9,235.0966,74.08,138.2841,2.6767,137.0272,17.5798,9.1296,8.1529,3.1674,16.0449,5.3533,12.8639,112.6949,0.0,10.0
4220.0,234.8546,73.8736,137.8595,2.6787,136.796,17.7111,9.1571,8.1773,3.2044,16.0351,5.31,12.8639,112.807,0.0,10.0
4220.1,234.8044,73.7446,137.6882,2.6783,136.7425,17.7299,9.1776,8.1951,3.2448,16.0486,5.2413,12.8929,112.8744,0.0,10.0
4220.2,235.0419,73.6449,137.6322,2.6763,137.2895,17.7232,9.1976,8.2081,3.2815,16.0991,5.1562,12.8803,112.8997,0.0,10.0
4220.3,235.6085,73.5755,137.6955,2.6739,138.5538,17.7499,9.2144,8.2112,3.3022,16.2282,5.0632,12.8592,112.8906,0.0,10.0
4220.4,236.4876,73.528,137.8923,2.6717,139.8412,17.7784,9.2228,8.2007,3.3082,16.4265,4.9715,12.8655,112.8562,0.0,10.0
4220.5,237.5616,73.5005,138.1258,2.6698,140.203,17.7546,9.2146,8.1744,3.3022,16.7091,4.8741,12.8661,112.8055,0.0,10.0
4220.6,238.6662,73.4971,138.3998,2.6689,139.186,17.703,9.1849,8.1348,3.2859,17.0398,4.7701,12.8808,112.746,0.0,10.0
4220.7,239.6399,73.5689,138.7242,2.6691,137.6053,17.7293,9.1403,8.0916,3.2639,17.3738,4.6604,12.8685,112.6832,0.0,10.0
4220.8,240.3292,73.6807,139.0631,2.6703,136.4603,17.8955,9.1014,8.0625,3.2388,17.7036,4.5426,12.8791,112.6193,0.0,10.0
4220.9,240.6775,73.8436,139.4175,2.6717,136.3597,18.1452,9.0923,8.0625,3.2162,17.9911,4.4286,12.8406,112.5537,0.0,10.0
4221.0,240.6853,74.0626,139.7566,2.6725,137.1291,18.3424,9.1203,8.0915,3.2047,18.2248,4.3182,12.8449,112.4854,0.0,10.0
4221.1,240.4363,74.2901,140.0706,2.6729,137.7506,18.4159,9.174,8.1367,3.2118,18.3077,4.2318,12.7836,112.4161,0.0,10.0
4221.2,240.0703,74.5178,140.3421,2.6737,137.473,18.4004,9.2309,8.1798,3.238,18.2314,4.1682,12.7911,112.3506,0.0,10.0
4221.3,239.6414,74.7021,140.5363,2.6757,136.4932,18.3574,9.2771,8.2125,3.283,17.9696,4.1397,12.7464,112.2928,0.0,10.0
4221.4,239.1522,74.863,140.6925,2.6773,135.8437,18.2931,9.3134,8.2394,3.3358,17.6014,4.144,12.6543,112.2426,0.0,10.0
4221.5,238.6024,74.9908,140.7983,2.6767,135.924,18.1664,9.3444,8.266,3.3935,17.213,4.1646,12.6003,112.1973,0.0,10.0
4221.6,238.0195,75.0847,140.8716,2.6726,136.6426,17.9487,9.3692,8.2899,3.4447,16.8777,4.1926,12.5223,112.1564,0.0,10.0
4221.7,237.4671,75.1546,140.924,2.6676,137.6136,17.6838,9.3822,8.304,3.484,16.6334,4.2188,12.6079,112.1223,0.0,10.0
4221.8,237.0119,75.1819,140.9417,2.6642,138.7575,17.4484,9.3839,8.3065,3.5109,16.4762,4.2375,12.5927,112.0993,0.0,10.0
4221.9,236.6912,75.1755,140.933,2.6637,140.0325,17.3082,9.3845,8.3044,3.5202,16.4224,4.2413,12.605,112.09,0.0,10.0
4222.0,236.533,75.1531,140.907,2.6645,140.9409,17.295,9.392,8.3033,3.5071,16.498,4.2143,12.5922,112.0954,0.0,10.0
4222.1,236.5442,75.1171,140.8516,2.6644,140.9422,17.3996,9.4042,8.3017,3.4676,16.6811,4.1754,12.5561,112.1174,0.0,10.0
4222.2,236.7005,75.034,140.7212,2.6631,139.8345,17.5717,9.4084,8.2937,3.4127,16.9042,4.1429,12.5934,112.1607,0.0,10.0
4222.3,236.9479,74.8924,140.5138,2.6619,138.2914,17.7218,9.3925,8.2749,3.3633,17.0879,4.123,12.541,112.2339,0.0,10.0
4222.4,237.1954,74.5534,140.0802,2.6617,137.1063,17.7941,9.351,8.2427,3.3328,17.2071,4.1045,12.5334,112.3444,0.0,10.0
4222.5,237.3646,74.0392,139.4748,2.662,136.6754,17.8258,9.2878,8.1957,3.3203,17.2691,4.082,12.5395,112.4913,0.0,10.0
4222.6,237.4118,73.4117,138.7625,2.6609,136.5555,17.9077,9.212,8.135,3.3164,17.27,4.0823,12.4914,112.6625,0.0,10.0
4222.7,237.3181,72.6944,137.9932,2.6573,136.1169,18.0132,9.1345,8.0664,3.3213,17.2224,4.0977,12.4774,112.8357,0.0,10.0
4222.8,237.0978,72.0608,137.3649,2.652,135.3478,18.0729,9.07,8.0036,3.3349,17.1288,4.1192,12.4919,112.9886,0.0,10.0
4222.9,236.7519,71.5048,136.8605,2.6475,134.6837,18.1691,9.031,7.9609,3.3575,16.9733,4.1406,12.5,113.1077,0.0,10.0
4223.0,236.3159,71.2313,136.7216,2.6455,134.3803,18.2979,9.0258,7.9479,3.3905,16.7501,4.16,12.4578,113.1895,0.0,10.0
4223.1,235.8896,71.0914,136.7087,2.6462,134.4463,18.3289,9.0527,7.9651,3.4322,16.4815,4.1819,12.4641,113.2401,0.0,10.0
4223.2,235.5847,71.0679,136.805,2.6498,134.7204,18.216,9.0936,7.998,3.4834,16.1552,4.2146,12.4791,113.2712,0.0,10.0
4223.3,235.4757,71.0761,136.8969,2.655,134.9258,17.994,9.128,8.0271,3.5344,15.8382,4.2499,12.4085,113.2953,0.0,10.0
4223.4,235.513,71.076,136.9469,2.661,135.1712,17.7451,9.1335,8.0297,3.5835,15.5585,4.2739,12.4058,113.32,0.0,10.0
4223.5,235.5758,71.0672,136.9531,2.666,135.7651,17.5505,9.0984,7.9936,3.6251,15.3601,4.275,12.3957,113.3464,0.0,10.0
4223.6,235.5514,71.0707,136.8919,2.6687,136.4498,17.3741,9.0226,7.9211,3.6517,15.2245,4.2714,12.3648,113.3698,0.0,10.0
4223.7,235.4031,71.081,136.8165,2.6685,136.8143,17.1235,8.9209,7.8278,3.6605,15.1804,4.2705,12.3215,113.3857,0.0,10.0
4223.8,235.2082,71.0991,136.726,2.6659,136.5771,16.8275,8.8231,7.7402,3.6516,15.197,4.2735,12.3182,113.3924,0.0,10.0
4223.9,235.1396,71.1384,136.6428,2.6623,135.7194,16.5686,8.755,7.6775,3.6194,15.2777,4.2802,12.3409,113.3915,0.0,10.0
4224.0,235.3916,71.19,136.566,2.6586,134.4525,16.4007,8.7209,7.6411,3.5754,15.3922,4.2926,12.3186,113.3863,0.0,10.0
4224.1,236.0032,71.2574,136.4982,2.6557,133.1453,16.3732,8.6967,7.6129,3.5299,15.494,4.3167,12.3444,113.381,0.0,10.0
4224.2,236.8211,71.3609,136.472,2.6548,132.2921,16.5154,8.6705,7.5899,3.4928,15.5453,4.3569,12.3031,113.3791,0.0,10.0
4224.3,237.4807,71.4836,136.4525,2.6562,132.2519,16.7846,8.7095,7.6373,3.4621,15.5547,4.4204,12.2888,113.3829,0.0,10.0
4224.4,237.5981,71.6326,136.4336,2.6595,133.2316,17.0819,8.935,7.8586,3.4287,15.557,4.5022,12.2725,113.3926,0.0,10.0
4224.5,236.9253,71.8204,136.3916,2.6636,134.9511,17.2983,9.4044,8.2908,3.3933,15.5934,4.5764,12.2534,113.4062,0.0,10.0
4224.6,235.5174,72.0183,136.338,2.6676,136.4941,17.3537,10.063,8.8754,3.3506,15.6863,4.6322,12.2479,113.42,0.0,10.0
4224.7,233.8825,72.2199,136.2691,2.6708,137.221,17.2315,10.7394,9.4597,3.2983,15.852,4.6545,12.2469,113.4304,0.0,10.0
4224.8,232.6851,72.3936,136.2244,2.6725,136.6039,16.9487,11.2565,9.8974,3.2289,16.0943,4.6523,12.2178,113.4353,0.0,10.0
4224.9,232.5358,72.5503,136.198,2.6726,135.1346,16.5737,11.5518,10.143,3.1593,16.371,4.6178,12.1687,113.4362,0.0,10.0
4225.0,233.6029,72.6806,136.2055,2.6722,133.5254,16.2153,11.6679,10.2387,3.1066,16.6383,4.5443,12.1649,113.4381,0.0,10.0
4225.1,235.6399,72.808,136.2033,2.6736,132.5824,15.9737,11.7048,10.2694,3.0871,16.8468,4.4422,12.1495,113.4476,0.0,10.0
4225.2,238.1464,72.9266,136.1822,2.6777,132.5327,15.8954,11.7165,10.2783,3.0932,16.9808,4.3163,12.1306,113.4713,0.0,10.0
4225.3,240.4373,73.015,136.1001,2.6839,132.9783,15.9152,11.7223,10.28,3.1154,17.0341,4.1926,12.1114,113.5126,0.0,10.0
4225.4,241.9475,73.025,135.8942,2.6886,133.5093,15.9253,11.7261,10.2781,3.1467,17.0038,4.089,12.0823,113.5723,0.0,10.0
4225.5,242.2892,72.9718,135.5891,2.6883,133.9149,15.8587,11.728,10.2753,3.1793,16.9201,4.0098,12.1005,113.6526,0.0,10.0
4225.6,241.4254,72.7755,135.0628,2.6826,134.0119,15.7301,11.729,10.2751,3.2058,16.8122,3.9566,12.0912,113.7588,0.0,10.0
4225.7,239.724,72.5099,134.3802,2.6743,133.6337,15.5902,11.7301,10.2791,3.226,16.7067,3.9122,12.0912,113.8989,0.0,10.0
4225.8,237.5458,72.1992,133.5812,2.6678,132.6488,15.4551,11.7329,10.2849,3.2405,16.6383,3.8623,12.0252,114.0805,0.0,10.0
4225.9,235.2495,71.8543,132.5784,2.6655,131.3296,15.3036,11.7414,10.2906,3.2553,16.6432,3.7827,12.0296,114.3023,0.0,10.0
4226.0,233.1192,71.5286,131.5438,2.6669,130.1584,15.2887,11.7621,10.2992,3.2746,16.7566,3.6501,12.0184,114.553,0.0,10.0
4226.1,231.3501,71.2181,130.4935,2.6699,129.7506,15.4558,11.797,10.3165,3.2958,17.0119,3.4643,12.0175,114.8149,0.0,10.0
4226.2,230.0813,70.9317,129.5663,2.6718,129.8205,15.3275,11.8439,10.3471,3.3254,17.3919,3.2312,12.0084,115.0671,0.0,10.0
4226.3,229.31,70.6418,128.7497,2.6718,129.8056,15.213,11.8983,10.3914,3.3389,17.8677,2.9533,11.9904,115.2926,0.0,10.0
4226.4,228.9515,70.3492,128.0319,2.6699,129.541,15.4033,11.9583,10.4465,3.3377,18.3683,2.6813,11.9604,115.483,0.0,10.0
4226.5,228.8345,70.0854,127.5275,2.6669,129.1581,15.2881,12.0332,10.5183,3.3232,18.8318,2.4586,11.9192,115.636,0.0,10.0
4226.6,228.7493,69.8524,127.1061,2.6633,128.6064,15.2791,12.1386,10.6199,3.2839,19.24,2.328,11.9271,115.755,0.0,10.0
4226.7,228.5791,69.6523,126.7732,2.6601,127.8446,15.375,12.2802,10.7567,3.2185,19.5603,2.3179,11.8887,115.8467,0.0,10.0
4226.8,228.3086,69.537,126.5626,2.6584,126.9506,15.3683,12.4417,10.9117,3.1413,19.7519,2.3961,11.8546,115.9171,0.0,10.0
4226.9,228.02,69.4747,126.4076,2.6588,126.1291,15.4013,12.5867,11.0468,3.0665,19.7863,2.5474,11.8402,115.9705,0.0,10.0
4227.0,227.8444,69.4764,126.3178,2.6623,125.6698,15.5051,12.6805,11.1286,3.0019,19.6648,2.7378,11.8428,116.0087,0.0,10.0
4227.1,227.9205,69.538,126.3284,2.6678,125.5849,15.7533,12.7106,11.1518,2.9526,19.4488,2.9699,11.8274,116.027,0.0,10.0
4227.2,228.3354,69.6381,126.4249,2.6732,125.7081,16.0802,12.6824,11.1294,2.9202,19.184,3.2169,11.8274,116.0109,0.0,10.0
4227.3,229.1028,69.7902,126.6416,2.6762,126.0611,16.1724,12.61,11.0751,2.9118,18.881,3.4576,11.8042,115.9409,0.0,10.0
4227.4,230.2929,70.0044,127.2003,2.6759,126.7366,16.1664,12.4966,10.9839,2.933,18.5593,3.6466,11.7927,115.7973,0.0,10.0
4227.5,231.966,70.2842,128.041,2.6735,127.5432,16.5318,12.3229,10.8298,2.9786,18.2642,3.7624,11.7923,115.5681,0.0,10.0
4227.6,234.0918,70.6727,129.3247,2.671,128.3147,16.5982,12.059,10.5833,3.0437,18.0397,3.8127,11.7736,115.2555,0.0,10.0
4227.7,236.6467,71.1895,131.0312,2.6701,129.0888,16.5392,11.6753,10.2242,3.1257,17.9229,3.8097,11.787,114.8781,0.0,10.0
4227.8,239.4221,71.7387,132.8266,2.6705,130.2118,16.5257,11.1256,9.7198,3.2269,17.8907,3.7751,11.7521,114.4681,0.0,10.0
4227.9,242.0064,72.2957,134.6061,2.6715,131.9665,16.4826,10.4035,9.073,3.338,17.9154,3.6991,11.7081,114.0688,0.0,10.0
4228.0,243.9513,72.7809,136.0131,2.673,134.213,16.4352,9.6026,8.3702,3.4451,17.9424,3.6231,11.7205,113.7214,0.0,10.0
4228.1,244.9277,73.2012,137.1356,2.6754,136.1645,16.3524,8.8671,7.7378,3.5357,17.9194,3.5951,11.7308,113.4537,0.0,10.0
4228.2,244.9482,73.4872,137.7256,2.6781,137.1638,16.5598,8.3412,7.2976,3.5725,17.8428,3.6265,11.6985,113.2795,0.0,10.0
4228.3,244.2306,73.591,137.8286,2.679,137.0186,17.0317,8.0694,7.0802,3.5999,17.7752,3.9638,11.6869,113.199,0.0,10.0
4228.4,243.0989,73.5893,137.6524,2.6773,136.3874,16.6818,8.0192,7.0535,3.5968,17.6986,4.0767,11.669,113.2042,0.0,10.0
4228.5,241.9449,73.4464,137.108,2.6736,135.8229,17.0522,8.1296,7.1641,3.5765,17.5798,4.1814,11.6753,113.2838,0.0,10.0
4228.6,241.0522,73.255,136.3328,2.6698,135.3345,17.4029,8.3297,7.3499,3.5819,17.425,4.2588,11.6381,113.4247,0.0,10.0
4228.7,240.5519,73.0322,135.4194,2.6675,134.5239,17.7695,8.5689,7.5632,3.5569,17.4691,4.2588,11.6487,113.6143,0.0,10.0
4228.8,240.3928,72.7654,134.3589,2.6665,133.349,18.21,8.8043,7.7643,3.5419,17.3045,4.2588,11.6123,113.8398,0.0,10.0
4228.9,240.365,72.4889,133.3275,2.6663,132.0552,18.1956,8.9999,7.9247,3.4991,17.0927,4.2588,11.6164,114.0879,0.0,10.0
4229.0,240.2873,72.1988,132.3174,2.6666,131.0128,17.8177,9.1506,8.0451,3.4425,16.9084,4.2097,11.6367,114.3499,0.0,10.0
4229.1,240.0584,71.8384,131.3404,2.6674,130.2659,17.9656,9.2803,8.1509,3.3839,16.7506,4.1412,11.5991,114.6203,0.0,10.0
4229.2,239.6639,71.4652,130.3886,2.6687,129.6061,18.0998,9.425,8.2756,3.3088,16.6373,4.0676,11.6059,114.895,0.0,10.0
4229.3,239.0549,71.0845,129.4529,2.6702,128.8918,18.1626,9.6051,8.4358,3.2549,16.6657,3.9583,11.632,115.1695,0.0,10.0
4229.4,238.1888,70.7406,128.4726,2.6717,128.4066,18.1799,9.8214,8.6297,3.2133,16.719,3.7098,11.5773,115.4338,0.0,10.0
4229.5,237.1341,70.4788,127.5685,2.673,128.3809,18.2106,10.06,8.8435,3.1932,16.7147,3.5775,11.5537,115.6749,0.0,10.0
4229.6,236.0321,70.2911,126.7338,2.6742,128.7401,18.2481,10.3,9.0586,3.2116,16.6909,3.4216,11.5522,115.8804,0.0,10.0
4229.7,235.0323,70.1689,126.2164,2.6752,129.2812,18.1923,10.5293,9.2632,3.2424,16.6921,3.3882,11.5716,116.0383,0.0,10.0
4229.8,234.2012,70.065,125.8598,2.6752,129.8645,17.9345,10.7454,9.4524,3.3035,16.8444,3.3236,11.5358,116.1435,0.0,10.0
4229.9,233.4858,69.9812,125.6774,2.6733,130.2378,17.4956,10.9531,9.6293,3.3679,16.9512,3.3176,11.5206,116.2003,0.0,10.0
4230.0,232.7884,69.9069,125.6628,2.6694,130.1598,17.0809,11.1519,9.7963,3.4172,17.0627,3.3176,11.5219,116.2204,0.0,10.0
4230.1,232.0292,69.8323,125.6681,2.6648,129.6542,16.9136,11.3345,9.9524,3.4517,17.2129,3.3779,11.5223,116.2186,0.0,10.0
4230.2,231.1847,69.7567,125.6894,2.661,128.855,17.016,11.4958,10.0975,3.4404,17.3625,3.5059,11.4801,116.2083,0.0,10.0
4230.3,230.3219,69.7069,125.7071,2.6593,128.0686,17.278,11.6377,10.2314,3.4256,17.402,3.6642,11.5205,116.195,0.0,10.0
4230.4,229.6319,69.696,125.751,2.6594,127.4203,17.5698,11.7607,10.3476,3.4193,17.4072,3.766,11.4846,116.1774,0.0,10.0
4230.5,229.3701,69.7433,125.8376,2.6601,126.5327,17.8815,11.8572,10.4349,3.4184,17.451,3.6373,11.4415,116.1499,0.0,10.0
4230.6,229.7865,69.8687,125.9961,2.6602,125.1709,18.2528,11.9109,10.481,3.4187,17.4643,3.5193,11.4656,116.1066,0.0,10.0
4230.7,230.9122,70.0364,126.1799,2.6597,123.9221,18.6008,11.903,10.4736,3.419,17.4231,3.439,11.4675,116.0433,0.0,10.0
4230.8,232.4446,70.2628,126.3909,2.659,123.4921,18.7072,11.8328,10.4126,3.4188,17.3284,3.4063,11.4291,115.9593,0.0,10.0
4230.9,234.0536,70.4769,126.7108,2.658,124.1841,18.4138,11.7245,10.3164,3.4179,17.1952,3.4071,11.4524,115.8551,0.0,10.0
4231.0,235.4215,70.6889,127.1013,2.657,125.3729,17.7915,11.6036,10.2058,3.4165,17.0541,3.4295,11.4168,115.7297,0.0,10.0
4231.1,236.3721,70.9032,127.6037,2.6564,126.306,17.198,11.4905,10.1011,3.4136,16.9242,3.4696,11.3585,115.5819,0.0,10.0
4231.2,236.8581,71.1554,128.2732,2.657,126.4738,16.886,11.3882,10.0106,3.408,16.8307,3.5292,11.3982,115.4116,0.0,10.0
4231.3,236.973,71.422,129.048,2.6591,126.2711,16.9643,11.2891,9.9299,3.3988,16.7881,3.5878,11.3847,115.2207,0.0,10.0
4231.4,236.9715,71.6962,129.9928,2.6624,125.9725,17.2554,11.1881,9.8502,3.3863,16.8036,3.6429,11.3807,115.0161,0.0,10.0
4231.5,237.0886,71.8963,131.0054,2.666,125.8368,17.592,11.0885,9.7678,3.3713,16.9012,3.6975,11.3892,114.809,0.0,10.0
4231.6,237.4442,72.0413,132.018,2.6695,126.1354,17.8249,10.993,9.6833,3.3554,17.0639,3.7483,11.3546,114.6117,0.0,10.0
4231.7,238.0008,72.0782,132.9165,2.6734,126.8241,17.9094,10.8971,9.5967,3.3394,17.0788,3.7925,11.3547,114.4376,0.0,10.0
4231.8,238.6222,72.0353,133.6119,2.677,127.9671,17.8949,10.7926,9.5044,3.3227,16.8815,3.8245,11.3709,114.2948,0.0,10.0
4231.9,239.1831,71.9568,134.1565,2.6781,129.3348,17.8449,10.6738,9.4009,3.306,16.7541,3.8531,11.3448,114.1827,0.0,10.0
4232.0,239.6131,71.9032,134.4044,2.676,130.7865,17.8073,10.5366,9.2815,3.2918,16.7294,3.8708,11.328,114.096,0.0,10.0
4232.1,239.9159,71.9153,134.5716,2.6719,132.1646,17.8252,10.3774,9.1438,3.2845,16.7812,3.8576,11.3379,114.0278,0.0,10.0
4232.2,240.1216,71.9791,134.6965,2.6693,133.1164,17.9376,10.1982,8.9914,3.2876,16.8559,3.8015,11.3167,113.9721,0.0,10.0
4232.3,240.302,72.1499,134.8889,2.6705,133.3392,18.1537,10.0144,8.8389,3.2973,17.0156,3.696,11.3234,113.9252,0.0,10.0
4232.4,240.5683,72.34,135.1149,2.6753,132.6492,18.4439,9.8488,8.704,3.3106,17.2737,3.5794,11.2965,113.8831,0.0,10.0
4232.5,241.0225,72.5425,135.3671,2.6818,131.3894,18.7622,9.7009,8.581,3.3234,17.6374,3.4588,11.3171,113.8397,0.0,10.0
4232.6,241.7,72.7008,135.6415,2.687,130.8399,19.0162,9.5307,8.432,3.3346,17.8945,3.3283,11.3044,113.7889,0.0,10.0
4232.7,242.528,72.8082,135.9118,2.6895,130.5172,19.157,9.2967,8.2219,3.3416,17.9988,3.1328,11.284,113.724,0.0,10.0
4232.8,243.4023,72.8692,136.1786,2.6881,130.6051,19.1775,9.009,7.9642,3.3399,17.9865,2.69,11.2864,113.638,0.0,10.0
4232.9,244.245,72.9742,136.5641,2.684,129.8137,19.0783,8.7261,7.7137,3.3299,17.9248,2.2472,11.2839,113.5276,0.0,10.0
4233.0,245.025,73.1329,137.038,2.6788,128.1681,18.913,8.516,7.5315,3.315,17.7916,2.058,11.2497,113.3976,0.0,10.0
4233.1,245.7167,73.3509,137.6093,2.6745,128.094,18.7406,8.4012,7.4352,3.3018,17.6094,2.2263,11.2654,113.2652,0.0,10.0
4233.2,246.2432,73.6342,138.1609,2.6727,129.0633,18.6035,8.3587,7.4016,3.2952,17.3838,2.5304,11.3023,113.1564,0.0,10.0
4233.3,246.5093,73.865,138.5236,2.6736,130.3842,18.4651,8.3511,7.3946,3.2992,17.2191,2.6948,11.2304,113.0967,0.0,10.0
4233.4,246.4581,74.0208,138.6349,2.6769,131.0087,18.2605,8.3516,7.3903,3.3317,17.0858,2.7893,11.1799,113.097,0.0,10.0
4233.5,246.0341,73.9865,138.3004,2.6811,131.0087,17.9429,8.356,7.3886,3.406,16.9433,2.8706,11.1314,113.1529,0.0,10.0
4233.6,245.2269,73.863,137.8249,2.6851,131.0087,17.5301,8.3733,7.403,3.5149,16.8035,2.9697,11.1205,113.25,0.0,10.0
4233.7,244.0887,73.6269,137.1963,2.6877,132.2887,17.0855,8.4179,7.4495,3.6354,16.6342,3.0872,11.1073,113.3731,0.0,10.0
4233.8,242.6677,73.3476,136.5657,2.6881,131.499,16.6705,8.5046,7.5376,3.7282,16.4463,3.2438,11.1289,113.5086,0.0,10.0
4233.9,241.0663,73.0517,135.9342,2.6855,128.7316,16.3408,8.6497,7.6749,3.7798,16.3434,3.3193,11.1417,113.6467,0.0,10.0
4234.0,239.4398,72.737,135.3016,2.6793,126.2048,16.1275,8.8577,7.8606,3.7897,16.2405,3.4596,11.1834,113.7787,0.0,10.0
4234.1,237.9494,72.4686,134.6143,2.67,126.9858,16.0616,9.1163,8.0845,3.7704,16.1484,3.6298,11.1628,113.8981,0.0,10.0
4234.2,236.7718,72.2385,133.9828,2.6609,128.729,16.1472,9.4089,8.3348,3.741,16.1176,3.7977,11.1274,113.9952,0.0,10.0
4234.3,236.0261,72.0772,133.525,2.6548,129.9885,16.296,9.7074,8.5897,3.7075,16.1176,3.9308,11.1447,114.0561,0.0,10.0
4234.4,235.786,72.093,133.5614,2.654,130.7015,16.4479,9.978,8.8215,3.6774,16.1869,3.9853,11.1726,114.0666,0.0,10.0
4234.5,236.0753,72.1967,133.887,2.6572,130.3445,16.5486,10.1865,8.9999,3.6522,16.3366,3.9851,11.1685,114.0226,0.0,10.0
4234.6,236.818,72.4041,134.6439,2.6626,130.7969,16.5543,10.3016,9.0965,3.6309,16.5425,3.9381,11.1609,113.9336,0.0,10.0
4234.7,237.8803,72.6529,135.4407,2.6683,133.1111,16.4455,10.3066,9.095,3.615,16.8563,3.7511,11.1689,113.8241,0.0,10.0
4234.8,239.0413,72.8972,136.1598,2.6724,133.4994,16.2428,10.2003,8.996,3.6111,17.1361,3.4091,11.1633,113.7309,0.0,10.0
4234.9,240.0298,73.0493,136.473,2.6743,133.4994,16.0139,10.0459,8.8635,3.6202,17.3772,3.1418,11.1659,113.696,0.0,10.0
4235.0,240.6657,73.0096,136.1788,2.6738,132.5384,15.8286,9.9938,8.8357,3.627,17.6424,2.7503,11.1791,113.7543,0.0,10.0
4235.1,240.8692,72.8263,135.4578,2.6718,131.2148,15.7572,10.1898,9.0349,3.6011,17.9011,2.4779,11.1491,113.923,0.0,10.0
4235.2,240.636,72.3571,134.0022,2.6693,128.8222,15.8043,10.6594,9.4692,3.5326,18.1438,2.3468,11.1753,114.1945,0.0,10.0
4235.3,239.9599,71.8,132.3394,2.6669,126.4471,15.8972,11.2522,9.9944,3.4331,18.404,2.1582,11.1577,114.5379,0.0,10.0
4235.4,238.7409,71.1934,130.5765,2.6643,125.4927,15.939,11.755,10.4234,3.3398,18.2745,2.1711,11.1894,114.9076,0.0,10.0
4235.5,236.9908,70.6417,129.1014,2.6612,124.6001,15.8279,12.0397,10.6537,3.2793,17.4691,2.2565,11.1433,115.2508,0.0,10.0
4235.6,234.9105,70.2263,128.033,2.6577,123.0386,15.5655,12.1274,10.7141,3.2584,16.7996,2.5074,11.1579,115.5253,0.0,10.0
4235.7,232.7504,69.9239,127.2999,2.6539,123.0386,15.2486,12.1352,10.7081,3.2754,17.1769,2.8866,11.1394,115.7151,0.0,10.0
4235.8,230.8203,69.8135,127.1298,2.6506,123.0386,15.0487,12.1294,10.6896,3.3251,17.8096,3.3189,11.132,115.829,0.0,10.0
4235.9,229.3707,69.7114,127.0641,2.6485,123.521,15.0339,12.1265,10.673,3.415,18.5416,3.7451,11.1266,115.892,0.0,10.0
4236.0,228.5776,69.6169,127.0949,2.6487,124.268,15.1951,12.1247,10.6611,3.5532,19.0385,3.9557,11.1088,115.931,0.0,10.0
4236.1,228.4688,69.5748,127.0977,2.6518,124.8651,15.5033,12.1233,10.6573,3.7195,19.0933,4.0917,11.0886,115.9645,0.0,10.0
4236.2,228.8334,69.5535,127.076,2.6569,124.8651,15.8916,12.122,10.6604,3.8848,18.7445,4.1692,11.1052,116.0007,0.0,10.0
4236.3,229.3703,69.5552,127.027,2.6618,124.9374,16.3132,12.1208,10.6645,4.0222,18.2185,4.2058,11.1171,116.0394,0.0,10.0
4236.4,229.812,69.5902,126.8941,2.6642,125.1972,16.7237,12.1199,10.6647,4.1085,17.789,4.2478,11.1359,116.0748,0.0,10.0
4236.5,230.0182,69.6195,126.7296,2.6629,124.9174,17.061,12.1188,10.6605,4.1269,17.5237,4.239,11.0744,116.1035,0.0,10.0
4236.6,230.0151,69.6384,126.5285,2.659,124.4559,17.277,12.115,10.6541,4.0549,17.3145,4.2331,11.0968,116.1276,0.0,10.0
4236.7,229.927,69.6503,126.3311,2.6551,123.8021,17.3732,12.1044,10.6445,3.9045,17.0088,4.2102,11.1303,116.1527,0.0,10.0
4236.8,229.9091,69.6496,126.1749,2.6531,123.1484,17.4103,12.0813,10.6245,3.7197,16.6265,4.1573,11.0874,116.184,0.0,10.0
4236.9,230.0625,69.6294,126.0866,2.6543,123.0386,17.4253,12.0457,10.5905,3.5519,16.3118,4.0683,11.0871,116.2224,0.0,10.0
4237.0,230.4165,69.6009,126.0927,2.6594,123.148,17.4125,12.0085,10.5526,3.4366,16.2103,3.8883,11.0742,116.2632,0.0,10.0
4237.1,230.9171,69.5507,126.1487,2.6672,123.0973,17.3702,11.9807,10.5249,3.3651,16.3105,3.685,11.0964,116.295,0.0,10.0
4237.2,231.464,69.4587,126.2734,2.6749,122.3267,17.3296,11.9422,10.4912,3.3209,16.518,3.464,11.1036,116.3025,0.0,10.0
4237.3,231.997,69.3752,126.5163,2.6779,120.9415,17.3423,11.8385,10.4003,3.2868,16.805,3.2806,11.1056,116.2709,0.0,10.0
4237.4,232.5147,69.3273,126.8342,2.675,120.3246,17.4669,11.6235,10.2089,3.2622,17.1425,3.1493,11.1037,116.1911,0.0,10.0
4237.5,233.0546,69.366,127.2711,2.6676,120.4609,17.6684,11.3203,9.9386,3.2466,17.5028,3.0378,11.0942,116.065,0.0,10.0
4237.6,233.6402,69.5154,127.807,2.6597,121.1349,17.8571,11.0206,9.6738,3.2393,17.8338,2.9863,11.056,115.9045,0.0,10.0
4237.7,234.2391,69.7265,128.3904,2.655,121.7698,17.9233,10.8113,9.4928,3.238,18.096,2.958,11.0817,115.7268,0.0,10.0
4237.8,234.7607,70.0234,129.0247,2.6539,122.1203,17.8327,10.721,9.4198,3.24,18.2698,2.9578,11.0549,115.5495,0.0,10.0
4237.9,235.1061,70.3382,129.5942,2.6553,122.2605,17.5998,10.7064,9.4138,3.2416,18.3253,3.0083,11.0255,115.3866,0.0,10.0
4238.0,235.2106,70.6504,130.1003,2.6568,122.3205,17.2502,10.7172,9.4299,3.2378,18.2612,3.1119,10.9968,115.2471,0.0,10.0
4238.1,235.0845,70.9171,130.4436,2.6574,123.1417,16.826,10.7323,9.4507,3.2271,18.1049,3.2582,10.9992,115.1381,0.0,10.0
4238.2,234.7927,71.1192,130.6303,2.6571,123.6536,16.3921,10.7484,9.4733,3.2107,17.8839,3.435,11.0024,115.0639,0.0,10.0
4238.3,234.425,71.2729,130.7085,2.6572,123.4704,16.0666,10.7619,9.4922,3.1918,17.6251,3.6247,10.9314,115.0241,0.0,10.0
4238.4,234.0929,71.331,130.6103,2.6575,122.9557,15.9578,10.7676,9.5005,3.1729,17.3341,3.818,10.9515,115.0133,0.0,10.0
4238.5,233.8747,71.3123,130.4612,2.6567,122.8365,16.059,10.7643,9.4956,3.1546,17.0173,4.0093,10.9745,115.0221,0.0,10.0
4238.6,233.7887,71.24,130.2819,2.6532,123.4008,16.2949,10.7558,9.4799,3.1395,16.7152,4.1798,10.983,115.0408,0.0,10.0
4238.7,233.7979,71.1177,130.1235,2.6482,124.0803,16.5771,10.7485,9.4599,3.1309,16.4753,4.3083,10.9774,115.0633,0.0,10.0
4238.8,233.8547,71.0132,130.0041,2.6437,124.387,16.8509,10.7476,9.4447,3.1326,16.3234,4.3744,10.9998,115.0878,0.0,10.0
4238.9,233.9465,70.9246,129.9152,2.6423,124.4853,17.0895,10.7543,9.4404,3.1484,16.2515,4.3569,10.9751,115.1171,0.0,10.0
4239.0,234.0613,70.8851,129.8342,2.6437,124.949,17.2427,10.7698,9.4509,3.1745,16.2284,4.2633,11.0097,115.1553,0.0,10.0
4239.1,234.1501,70.8688,129.7176,2.6467,125.5548,17.2664,10.7992,9.4813,3.2066,16.2869,4.0978,11.0009,115.2054,0.0,10.0
4239.2,234.1282,70.8745,129.5677,2.6493,125.4663,17.1633,10.8527,9.5395,3.2385,16.4803,3.8676,10.9972,115.2695,0.0,10.0
4239.3,233.9318,70.8573,129.2777,2.6507,124.5228,16.9986,10.9452,9.637,3.2662,16.7533,3.6098,10.9623,115.349,0.0,10.0
4239.4,233.5724,70.8209,128.9294,2.6514,123.1124,16.8411,11.0839,9.7777,3.2885,17.0367,3.3554,11.0071,115.4445,0.0,10.0
4239.5,233.0933,70.7628,128.5161,2.6524,122.0827,16.7033,11.2594,9.9488,3.3065,17.2948,3.1252,10.9761,115.5536,0.0,10.0
4239.6,232.5162,70.7075,128.0572,2.6545,121.7487,16.5667,11.4538,10.1298,3.322,17.5409,2.9215,10.9591,115.6689,0.0,10.0
4239.7,231.869,70.6526,127.6095,2.6577,121.3323,16.4282,11.6438,10.2981,3.335,17.7853,2.7424,10.9683,115.7822,0.0,10.0
4239.8,231.2041,70.5981,127.1809,2.6605,120.0816,16.3142,11.8075,10.4368,3.3436,18.0088,2.6068,10.9795,115.8885,0.0,10.0
4239.9,230.5847,70.4847,126.8183,2.6617,118.4774,16.2526,11.9303,10.5372,3.345,18.1881,2.5446,10.9528,115.9854,0.0,10.0
4240.0,230.0622,70.3533,126.4963,2.6605,117.8373,16.221,12.0058,10.5962,3.3391,18.311,2.5691,10.9653,116.0714,0.0,10.0
4240.1,229.6646,70.203,126.2297,2.6574,118.966,16.1701,12.0446,10.6228,3.3261,18.366,2.6767,10.931,116.1437,0.0,10.0
4240.2,229.4523,70.0865,126.0616,2.6548,121.5818,16.0955,12.0672,10.6336,3.3075,18.3569,2.8381,10.9333,116.1986,0.0,10.0
4240.3,229.4858,70.0042,125.9799,2.6548,124.2839,16.0581,12.0862,10.6379,3.2868,18.305,3.0098,10.9354,116.2305,0.0,10.0
4240.4,229.7653,69.981,126.0413,2.6575,125.9334,16.1132,12.0943,10.6298,3.2666,18.2164,3.1704,10.9703,116.2324,0.0,10.0
4240.5,230.2354,69.9937,126.3684,2.6613,126.3046,16.2832,12.0665,10.5901,3.25,18.0846,3.3143,10.9608,116.1986,0.0,10.0
4240.6,230.7722,70.0112,126.8276,2.664,126.3656,16.5738,11.9736,10.4969,3.2382,17.9196,3.4442,10.9612,116.1313,0.0,10.0
4240.7,231.2432,70.0173,127.4589,2.6655,126.4619,16.9588,11.8132,10.3509,3.2337,17.7442,3.5501,10.9296,116.0432,0.0,10.0
4240.8,231.5643,70.0104,128.0688,2.6681,126.4702,17.4087,11.6175,10.1809,3.2405,17.5939,3.6076,10.9193,115.9551,0.0,10.0
4240.9,231.7065,69.9898,128.6034,2.6734,126.4353,17.871,11.4271,10.0232,3.2602,17.485,3.6055,10.944,115.886,0.0,10.0
4241.0,231.6965,69.9372,128.9067,2.6802,126.388,18.2398,11.2754,9.905,3.2937,17.4163,3.5391,10.9341,115.8473,0.0,10.0
4241.1,231.578,69.8495,128.9993,2.6862,126.2364,18.4206,11.1746,9.8318,3.3393,17.385,3.4105,10.912,115.838,0.0,10.0
4241.2,231.3941,69.7477,128.9828,2.6888,125.681,18.3846,11.1238,9.7961,3.3906,17.3891,3.2419,10.9223,115.8461,0.0,10.0
4241.3,231.1933,69.6489,128.873,2.6873,124.5942,18.189,11.115,9.7892,3.4392,17.4282,3.0641,10.9225,115.8559,0.0,10.0
4241.4,231.0233,69.5987,128.8005,2.6825,123.4231,17.9019,11.1312,9.8034,3.4787,17.5018,2.9016,10.9217,115.8558,0.0,10.0
4241.5,230.9398,69.5953,128.7541,2.6773,122.9427,17.559,11.1538,9.8312,3.5018,17.5902,2.7769,10.8941,115.8433,0.0,10.0
4241.6,230.9892,69.7325,128.7498,2.6737,123.2808,17.2101,11.17,9.8584,3.5294,17.6628,2.6967,10.9231,115.8228,0.0,10.0
4241.7,231.1878,69.9043,128.7407,2.6728,123.9517,16.923,11.1729,9.8652,3.5563,17.6954,2.6614,10.9123,115.7989,0.0,10.0
4241.8,231.5444,70.0915,128.7292,2.6734,124.2029,16.743,11.1582,9.8361,3.582,17.6767,2.6474,10.9005,115.7716,0.0,10.0
4241.9,232.0263,70.2021,128.7262,2.6728,124.0603,16.6689,11.1174,9.7672,3.6026,17.6178,2.645,10.9035,115.7373,0.0,10.0
4242.0,232.5522,70.2837,128.7577,2.6692,123.9891,16.6607,11.0485,9.6751,3.6115,17.533,2.6576,10.8612,115.6913,0.0,10.0
4242.1,233.0326,70.3423,128.8214,2.6633,124.5113,16.6984,10.9615,9.5845,3.5945,17.4471,2.6808,10.8847,115.6305,0.0,10.0
4242.2,233.412,70.3964,129.0225,2.6583,125.2316,16.8124,10.8733,9.5117,3.5682,17.3902,2.7208,10.875,115.5537,0.0,10.0
4242.3,233.7343,70.4243,129.3316,2.6558,125.5138,17.014,10.8024,9.4628,3.5261,17.3803,2.7567,10.8881,115.4612,0.0,10.0
4242.4,234.1441,70.427,129.7437,2.6567,125.2082,17.2686,10.7608,9.4382,3.4713,17.4398,2.7914,10.8977,115.3515,0.0,10.0
4242.5,234.8078,70.4125,130.3975,2.659,125.0779,17.5382,10.7497,9.4363,3.4141,17.6134,2.8627,10.8836,115.2233,0.0,10.0
4242.6,235.7995,70.398,131.1208,2.6614,125.5032,17.8198,10.7496,9.4412,3.3589,17.8788,2.9615,10.8801,115.0761,0.0,10.0
4242.7,237.0707,70.3836,131.921,2.6627,126.1365,18.1185,10.7231,9.4218,3.3078,18.0379,3.1077,10.8607,114.9149,0.0,10.0
4242.8,238.4702,70.5016,132.7121,2.6632,126.2665,18.3744,10.634,9.3457,3.2641,18.0627,3.2438,10.8633,114.7503,0.0,10.0
4242.9,239.7886,70.7217,133.4327,2.6633,125.9077,18.4796,10.4695,9.1989,3.2293,18.0236,3.3857,10.8923,114.5924,0.0,10.0
4243.0,240.8326,71.0734,134.0549,2.6631,125.6428,18.3935,10.2548,9.003,3.2034,17.9259,3.5469,10.9078,114.4446,0.0,10.0
4243.1,241.4413,71.5246,134.4957,2.6625,126.1019,18.1906,10.032,8.7973,3.1851,17.8588,3.6186,10.8733,114.3072,0.0,10.0
4243.2,241.5946,71.963,134.8683,2.6616,126.9829,18.0092,9.8379,8.6188,3.178,17.8588,3.709,10.8749,114.1805,0.0,10.0
4243.3,241.4206,72.3583,135.1614,2.6607,127.4771,17.9519,9.6912,8.4885,3.1878,17.8054,3.7597,10.8734,114.0705,0.0,10.0
4243.4,241.0948,72.588,135.4175,2.6606,127.0483,18.0456,9.5952,8.4116,3.2174,17.6839,3.748,10.8699,113.9851,0.0,10.0
4243.5,240.8127,72.7192,135.6376,2.6618,126.2714,18.2252,9.5501,8.3842,3.2663,17.4971,3.7567,10.8578,113.9287,0.0,10.0
4243.6,240.6949,72.7062,135.7953,2.6647,125.8354,18.4395,9.5417,8.3849,3.3312,17.3232,3.6528,10.9283,113.9,0.0,10.0
4243.7,240.7584,72.6443,135.8867,2.6688,126.195,18.6745,9.547,8.3867,3.4001,17.1585,3.409,10.9034,113.8938,0.0,10.0
4243.8,240.9282,72.5819,135.9424,2.6726,127.1072,18.7738,9.5497,8.3759,3.4635,16.9636,3.0981,10.8642,113.9041,0.0,10.0
4243.9,241.083,72.552,135.948,2.6751,128.2937,18.6423,9.5463,8.3573,3.5145,16.7371,2.7135,10.8891,113.9279,0.0,10.0
4244.0,241.1086,72.527,135.8388,2.6754,129.3032,18.336,9.549,8.3515,3.5443,16.6227,2.4143,10.8932,113.9664,0.0,10.0
4244.1,240.9226,72.4877,135.6469,2.6748,129.7878,17.9118,9.5838,8.3874,3.5634,16.5882,2.1197,10.9068,114.0245,0.0,10.0
4244.2,240.5256,72.3927,135.3022,2.6751,129.4471,17.488,9.6779,8.4865,3.5702,16.5882,1.9071,10.8867,114.1068,0.0,10.0
4244.3,239.9991,72.2273,134.84,2.6768,128.2606,17.1852,9.8391,8.6468,3.5561,16.6449,1.7863,10.8571,114.2113,0.0,10.0
4244.4,239.4763,72.0313,134.3188,2.6778,126.7489,17.0565,10.053,8.8458,3.5292,16.7327,1.7507,10.9121,114.328,0.0,10.0
4244.5,239.075,71.8338,133.7576,2.6763,125.5009,17.0654,10.2829,9.0456,3.4906,16.7718,1.8011,10.8555,114.4415,0.0,10.0
4244.6,238.8323,71.7129,133.3095,2.6727,124.8835,17.1397,10.4843,9.2094,3.4339,16.6517,1.9304,10.8675,114.5379,0.0,10.0
4244.7,238.7065,71.6482,132.9507,2.6697,124.6564,17.26,10.626,9.3163,3.3774,16.3313,2.1111,10.8515,114.6117,0.0,10.0
4244.8,238.598,71.6873,132.7893,2.669,124.4285,17.416,10.6955,9.362,3.3229,15.9634,2.3064,10.8535,114.6645,0.0,10.0
4244.9,238.4094,71.742,132.7,2.6704,127.0237,17.5461,10.7075,9.3616,3.2661,15.6127,2.4952,10.8479,114.7022,0.0,10.0
4245.0,238.0774,71.8021,132.6567,2.6728,126.4392,17.5822,10.6915,9.3382,3.2187,15.3435,2.6678,10.8505,114.7328,0.0,10.0
4245.1,237.6039,71.8063,132.5995,2.6745,125.5293,17.5467,10.6795,9.3154,3.1771,15.0902,2.8309,10.8343,114.7633,0.0,10.0
4245.2,237.0559,71.756,132.4888,2.6747,125.5293,17.551,10.6974,9.3174,3.1409,14.6887,3.0213,10.8437,114.7998,0.0,10.0
4245.3,236.5292,71.6598,132.333,2.6733,125.5293,17.668,10.7556,9.3616,3.124,14.0301,3.2245,10.837,114.845,0.0,10.0
4245.4,236.1127,71.4964,132.105,2.6715,125.5293,17.8422,10.8522,9.4544,3.1182,13.4348,3.4117,10.8388,114.8972,0.0,10.0
4245.5,235.8487,71.3439,131.8989,2.671,125.5293,17.9638,10.971,9.5787,3.1176,13.3551,3.6526,10.8423,114.951,0.0,10.0
4245.6,235.7549,71.202,131.7138,2.6729,125.2652,18.0028,11.0904,9.7036,3.113,14.2066,3.9017,10.8437,114.9983,0.0,10.0
4245.7,235.8331,71.1493,131.6753,2.6761,123.6701,18.013,11.1949,9.805,3.1003,15.5504,4.125,10.8209,115.0296,0.0,10.0
4245.8,236.0583,71.1335,131.7192,2.6784,120.8225,18.0369,11.2767,9.8738,3.0859,16.8012,4.3028,10.8399,115.0397,0.0,10.0
4245.9,236.3986,71.1594,131.857,2.6789,121.5442,18.0509,11.3339,9.9142,3.0795,17.4255,4.3576,10.8748,115.0308,0.0,10.0
4246.0,236.8135,71.2165,132.04,2.679,122.313,18.0068,11.3625,9.9281,3.0817,17.3441,4.2952,10.857,115.0128,0.0,10.0
4246.1,237.2456,71.2733,132.177,2.6804,124.2741,17.8888,11.3528,9.9074,3.0972,16.8069,4.1841,10.8211,114.9987,0.0,10.0
4246.2,237.6275,71.3263,132.244,2.6826,124.6716,17.7325,11.2986,9.8459,3.1446,16.1622,4.0091,10.8405,114.9971,0.0,10.0
4246.3,237.8697,71.3529,132.1391,2.6838,126.2039,17.5859,11.2008,9.7467,3.2038,15.7842,3.7753,10.8275,115.0111,0.0,10.0
4246.4,237.91,71.3667,131.9672,2.6831,127.0237,17.4987,11.0716,9.6259,3.2687,15.7256,3.5574,10.8256,115.0396,0.0,10.0
4246.5,237.7374,71.3637,131.7161,2.6812,127.1374,17.5207,10.9383,9.5086,3.3551,15.8369,3.3341,10.8119,115.08,0.0,10.0
4246.6,237.361,71.3548,131.4594,2.68,128.5181,17.6698,10.8334,9.4193,3.4327,15.9678,3.1468,10.816,115.1292,0.0,10.0
4246.7,236.8442,71.35,131.2105,2.6805,128.2847,17.9077,10.788,9.3793,3.5059,16.0986,2.9883,10.8257,115.1854,0.0,10.0
4246.8,236.2784,71.3568,130.9813,2.6817,128.4462,18.1515,10.8079,9.3899,3.5852,16.2436,2.8517,10.8274,115.248,0.0,10.0
4246.9,235.7423,71.3429,130.708,2.6813,128.4531,18.3382,10.8719,9.434,3.6363,16.3577,2.7763,10.8236,115.3195,0.0,10.0
4247.0,235.2946,71.2975,130.3899,2.6794,127.4482,18.4149,10.9528,9.4928,3.6698,16.3946,2.7557,10.8083,115.4059,0.0,10.0
4247.1,234.9461,71.1805,129.9805,2.6783,125.3287,18.3072,11.0304,9.5527,3.6955,16.3794,2.775,10.8426,115.5138,0.0,10.0
4247.2,234.6627,70.987,129.5327,2.6808,123.1523,17.996,11.1072,9.6159,3.7041,16.3942,2.7958,10.8034,115.6437,0.0,10.0
4247.3,234.3835,70.7628,129.0802,2.6862,122.5428,17.5654,11.2052,9.7009,3.7059,16.489,2.7903,10.8005,115.7874,0.0,10.0
4247.4,234.0673,70.5237,128.6573,2.692,123.9526,17.2141,11.3416,9.8231,3.7059,16.6674,2.7624,10.8355,115.9273,0.0,10.0
4247.5,233.7316,70.3476,128.3003,2.6949,126.3144,17.1177,11.5081,9.976,3.7013,16.9083,2.7224,10.8289,116.0444,0.0,10.0
4247.6,233.4444,70.2218,127.9973,2.6933,127.7281,17.3023,11.6726,10.1306,3.6711,17.1836,2.6869,10.8016,116.1273,0.0,10.0
4247.7,233.263,70.2049,127.8156,2.6888,127.5737,17.6303,11.7931,10.2459,3.6231,17.4735,2.661,10.8147,116.1748,0.0,10.0
4247.8,233.1975,70.2105,127.7295,2.6842,126.4826,17.8661,11.8457,10.2975,3.5877,17.7387,2.6441,10.7931,116.1945,0.0,10.0
4247.9,233.2259,70.2219,127.7075,2.682,125.7476,17.8918,11.8307,10.287,3.5665,17.9361,2.6365,10.8168,116.1978,0.0,10.0
4248.0,233.3039,70.1868,127.7715,2.6824,125.8896,17.7622,11.7652,10.2316,3.5694,18.0468,2.6332,10.8358,116.1934,0.0,10.0
4248.1,233.3827,70.1129,127.8574,2.6838,126.6586,17.6375,11.6781,10.1563,3.5912,18.0544,2.6351,10.8406,116.1854,0.0,10.0
4248.2,233.4236,70.0086,127.9588,2.6837,127.6722,17.6217,11.5934,10.0806,3.6096,17.8949,2.652,10.7889,116.1737,0.0,10.0
4248.3,233.4337,69.8505,128.0735,2.6815,128.8704,17.7328,11.5205,10.0125,3.6212,17.535,2.6911,10.7853,116.1565,0.0,10.0
4248.4,233.4766,69.687,128.2262,2.6792,130.1666,17.9315,11.4522,9.9477,3.619,17.0006,2.7576,10.7947,116.1329,0.0,10.0
4248.5,233.6433,69.5195,128.4119,2.6789,131.0848,18.1458,11.3746,9.8762,3.603,16.405,2.8493,10.8214,116.1036,0.0,10.0
4248.6,233.9765,69.3605,128.6745,2.6798,131.3499,18.3159,11.2809,9.7928,3.5639,15.8501,2.9515,10.8228,116.0689,0.0,10.0
4248.7,234.4273,69.2064,128.9127,2.6797,131.0807,18.3906,11.1828,9.7054,3.5172,15.4331,3.054,10.7975,116.0296,0.0,10.0
4248.8,234.8739,69.0571,129.1267,2.6764,130.8439,18.3711,11.1038,9.6331,3.4702,15.0729,3.1495,10.7842,115.9855,0.0,10.0
4248.9,235.1373,68.9722,129.2102,2.6707,130.9485,18.2939,11.0677,9.5984,3.4208,14.5802,3.2299,10.7553,115.9366,0.0,10.0
4249.0,235.0662,68.9031,129.2702,2.6648,131.0233,18.2203,11.0904,9.6175,3.3714,14.2071,3.2865,10.7631,115.8798,0.0,10.0
4249.1,234.5775,68.8513,129.3054,2.6606,130.3589,18.165,11.1838,9.6996,3.3289,13.9311,3.3109,10.692,115.8097,0.0,10.0
4249.2,233.6743,68.8678,129.5912,2.6581,128.8506,18.0787,11.3479,9.8382,3.2983,13.6936,3.3041,10.697,115.7176,0.0,10.0
4249.3,232.4994,68.9483,130.0761,2.6559,126.8553,17.9388,11.5094,9.9643,3.2797,13.5061,3.2783,10.7888,115.5948,0.0,10.0
4249.4,231.252,69.1146,130.8231,2.6536,125.125,17.823,11.5357,9.9672,3.2716,13.4068,3.2417,10.7835,115.4355,0.0,10.0
4249.5,230.1553,69.3741,131.7794,2.6524,124.4575,17.8274,11.3283,9.7741,3.2661,13.4387,3.202,10.7947,115.2457,0.0,10.0
4249.6,229.4112,69.6541,132.7152,2.6532,124.7967,17.9848,10.9076,9.414,3.2772,13.6052,3.1634,10.7946,115.0414,0.0,10.0
4249.7,229.1856,69.9491,133.5655,2.6558,125.5689,18.2337,10.4318,9.0238,3.3032,13.8903,3.1246,10.7956,114.8468,0.0,10.0
4249.8,229.6645,70.202,134.1507,2.6589,126.1613,18.4752,10.0676,8.7381,3.374,14.2543,3.0793,10.7846,114.6804,0.0,10.0
4249.9,230.8265,70.4589,134.6065,2.6614,126.4531,18.634,9.8921,8.6116,3.4805,14.6825,3.0156,10.7967,114.5453,0.0,10.0
4250.0,232.4538,70.7431,134.8916,2.6635,126.673,18.6757,9.8545,8.5913,3.5897,15.1927,2.9249,10.7742,114.4319,0.0,10.0
4250.1,234.3367,71.2053,135.1949,2.6665,127.3755,18.6302,9.8703,8.5994,3.6844,15.7722,2.8118,10.7688,114.3253,0.0,10.0
4250.2,236.2702,71.752,135.5319,2.6705,128.5296,18.5225,9.9061,8.6054,3.7366,16.2925,2.7127,10.7981,114.2142,0.0,10.0
4250.3,238.0791,72.4004,135.9498,2.6743,129.5406,18.3719,9.9504,8.6094,3.7394,16.6346,2.6507,10.7974,114.0966,0.0,10.0
4250.4,239.6227,72.953,136.3681,2.6759,129.5959,18.2035,9.996,8.6228,3.6947,16.7313,2.6185,10.7923,113.9797,0.0,10.0
4250.5,240.8191,73.3937,136.7424,2.6748,128.6023,18.0214,10.0368,8.6526,3.6024,16.6844,2.7116,10.7944,113.8782,0.0,10.0
4250.6,241.7123,73.5495,136.9566,2.6721,127.0633,17.8325,10.0699,8.6934,3.4724,16.5831,2.9064,10.7834,113.8118,0.0,10.0
4250.7,242.386,73.4456,136.9448,2.6696,125.8676,17.6663,10.0965,8.7337,3.3225,16.4597,3.1377,10.7921,113.7955,0.0,10.0
4250.8,242.8576,73.2074,136.7815,2.6681,125.6436,17.5401,10.1191,8.7651,3.1747,16.2969,3.461,10.8025,113.8325,0.0,10.0
4250.9,243.0661,72.8783,136.3663,2.6677,126.2318,17.4417,10.1393,8.7878,3.0436,16.1107,3.8311,10.8035,113.9139,0.0,10.0
4251.0,242.9004,72.5937,135.9004,2.6681,127.3059,17.367,10.1602,8.8093,2.928,15.982,4.2235,10.8025,114.0227,0.0,10.0
4251.1,242.2755,72.3449,135.4234,2.6694,128.7166,17.3569,10.1907,8.8394,2.8229,15.9876,4.5713,10.8006,114.1422,0.0,10.0
4251.2,241.3179,72.1796,135.0707,2.6717,130.2785,17.4588,10.2492,8.8925,2.7319,16.1069,4.8323,10.7801,114.2596,0.0,10.0
4251.3,240.2893,72.0586,134.7766,2.675,131.4985,17.6423,10.3464,8.9776,2.6746,16.2839,4.9655,10.7528,114.3665,0.0,10.0
4251.4,239.4805,71.9691,134.5214,2.6784,131.7085,17.7876,10.4735,9.0892,2.6552,16.4731,4.9425,10.7875,114.4581,0.0,10.0
4251.5,239.0786,71.8937,134.2561,2.6805,130.9017,17.7772,10.6005,9.2027,2.6533,16.6568,4.8263,10.7592,114.5311,0.0,10.0
4251.6,239.0885,71.8307,134.031,2.6803,129.5395,17.6007,10.6921,9.2883,2.6671,16.8202,4.6523,10.7633,114.583,0.0,10.0
4251.7,239.3997,71.7801,133.8427,2.6778,128.4247,17.4163,10.73,9.3309,2.715,16.9242,4.452,10.7889,114.6118,0.0,10.0
4251.8,239.8245,71.8282,133.8067,2.6755,127.7653,17.344,10.7158,9.3339,2.7833,16.9542,4.2367,10.7781,114.6159,0.0,10.0
4251.9,240.2094,71.9269,133.8698,2.6756,127.5146,17.3977,10.6714,9.3167,2.8685,16.909,4.0038,10.7673,114.5943,0.0,10.0
4252.0,240.4966,72.0764,134.032,2.679,127.6802,17.4575,10.6185,9.2915,2.9663,16.8046,3.753,10.786,114.5458,0.0,10.0
4252.1,240.7132,72.2992,134.3892,2.683,128.1407,17.4558,10.5626,9.25,3.068,16.6821,3.5161,10.788,114.4701,0.0,10.0
4252.2,240.9405,72.5681,134.8495,2.6851,128.5666,17.404,10.4937,9.1763,3.1769,16.5701,3.2743,10.7747,114.3716,0.0,10.0
4252.3,241.2666,72.8907,135.429,2.6849,128.3455,17.3671,10.3975,9.0649,3.306,16.4804,2.9785,10.7794,114.2618,0.0,10.0
4252.4,241.7331,73.0172,135.9228,2.6849,127.1486,17.3605,10.2676,8.9262,3.4494,16.4011,2.6395,10.7743,114.1571,0.0,10.0
4252.5,242.2725,73.051,136.3996,2.6866,125.2708,17.3707,10.1174,8.7874,3.5864,16.3198,2.3329,10.7758,114.0708,0.0,10.0
4252.6,242.7606,72.9706,136.8613,2.6894,123.6989,17.3988,9.977,8.6792,3.7079,16.2304,2.1245,10.7558,114.0067,0.0,10.0
4252.7,243.0822,72.8051,137.1976,2.6914,123.5716,17.4491,9.8771,8.619,3.8282,16.1357,1.9902,10.7549,113.9613,0.0,10.0
4252.8,243.2222,72.6345,137.4683,2.6924,125.0472,17.4832,9.8393,8.6089,3.948,16.0492,1.8988,10.7611,113.9296,0.0,10.0
4252.9,243.2264,72.4759,137.651,2.6929,127.5772,17.4231,9.8603,8.6335,4.0373,15.9905,1.8788,10.7319,113.9095,0.0,10.0
4253.0,243.1225,72.4259,137.6623,2.6931,129.8744,17.2458,9.9215,8.6759,4.0601,15.9832,1.9652,10.763,113.8997,0.0,10.0
4253.1,242.9329,72.4231,137.5821,2.6922,131.1326,17.0205,10.0031,8.7299,4.0328,16.0033,2.1109,10.7379,113.8945,0.0,10.0
4253.2,242.6768,72.4771,137.3739,2.6888,131.3559,16.9262,10.0843,8.7924,3.9827,16.0163,2.2772,10.7514,113.8835,0.0,10.0
4253.3,242.3724,72.6056,137.2103,2.6823,131.061,17.0521,10.1515,8.8563,3.9314,16.0058,2.4208,10.7436,113.8557,0.0,10.0
4253.4,242.0534,72.7643,137.1313,2.6739,130.6614,17.3459,10.1969,8.9042,3.8841,16.0045,2.5216,10.7538,113.8039,0.0,10.0
4253.5,241.7612,72.9505,137.2577,2.6651,129.9206,17.6325,10.2176,8.9191,3.8423,16.0379,2.553,10.7859,113.728,0.0,10.0
4253.6,241.5244,73.1872,137.5425,2.6579,128.382,17.7712,10.2119,8.8942,3.8121,16.1048,2.503,10.749,113.6366,0.0,10.0
4253.7,241.3499,73.445,137.8774,2.6542,126.407,17.7379,10.1726,8.8304,3.7941,16.1762,2.4209,10.7345,113.5441,0.0,10.0
4253.8,241.2359,73.7131,138.1882,2.6542,124.8604,17.5899,10.0899,8.7342,3.7846,16.2298,2.3442,10.749,113.467,0.0,10.0
4253.9,241.2072,73.9505,138.3421,2.6571,124.6162,17.4492,9.9559,8.6115,3.7774,16.2224,2.3113,10.7674,113.416,0.0,10.0
4254.0,241.3351,74.1608,138.4063,2.6609,125.3667,17.3625,9.7821,8.4767,3.765,16.122,2.3278,10.7667,113.3921,0.0,10.0
4254.1,241.6715,74.3043,138.377,2.6646,125.6606,17.3114,9.6279,8.3751,3.7403,15.9212,2.3989,10.7389,113.3886,0.0,10.0
4254.2,242.2127,74.4121,138.3683,2.668,125.7161,17.2738,9.5758,8.3608,3.696,15.6233,2.5595,10.7463,113.3967,0.0,10.0
4254.3,242.8973,74.4849,138.3656,2.6706,126.6756,17.2657,9.6784,8.4615,3.6445,15.2837,2.7538,10.7582,113.4118,0.0,10.0
4254.4,243.5762,74.4448,138.3204,2.6714,127.7216,17.2824,9.9192,8.6563,3.5946,14.9597,2.9353,10.7377,113.4354,0.0,10.0
4254.5,244.0398,74.3723,138.1862,2.6695,128.755,17.2611,10.205,8.8783,3.5622,14.6597,3.0841,10.7425,113.4751,0.0,10.0
4254.6,243.9773,74.2654,137.9693,2.6652,129.1281,17.1427,10.4463,9.0698,3.5226,14.2442,3.2078,10.7283,113.5455,0.0,10.0
4254.7,243.2034,73.9921,137.4588,2.6604,128.1318,16.9123,10.6078,9.2112,3.4841,13.5,3.3262,10.7633,113.6641,0.0,10.0
4254.8,241.7689,73.6363,136.717,2.657,126.8244,16.6145,10.7177,9.3229,3.4312,12.4508,3.4031,10.7871,113.8436,0.0,10.0
4254.9,239.8642,73.2084,135.7747,2.6564,125.187,16.3209,10.8168,9.4299,3.3904,11.5535,3.3957,10.7362,114.0874,0.0,10.0
4255.0,237.7843,72.6413,134.503,2.6576,123.9355,16.0669,10.9301,9.543,3.3412,11.1968,3.3836,10.746,114.3833,0.0,10.0
4255.1,235.7834,72.0656,133.1848,2.6594,123.6364,15.9222,11.0666,9.6614,3.3368,11.3952,3.4946,10.7329,114.7053,0.0,10.0
4255.2,234.0898,71.4811,131.8193,2.6601,123.7109,15.9547,11.2175,9.7748,3.4019,11.9053,3.6494,10.7321,115.0197,0.0,10.0
4255.3,232.9186,70.9909,130.7429,2.6588,124.215,16.2082,11.3546,9.8661,3.5129,12.4735,3.8085,10.7307,115.2901,0.0,10.0
4255.4,232.3481,70.5981,129.9257,2.6557,124.8688,16.6347,11.4441,9.9233,3.6004,13.043,3.8559,10.7631,115.4892,0.0,10.0
4255.5,232.3437,70.3222,129.4177,2.6516,125.1679,17.0471,11.4723,9.9477,3.6923,13.5125,3.7525,10.742,115.6105,0.0,10.0
4255.6,232.8132,70.2889,129.3769,2.6485,127.1232,17.309,11.4427,9.9389,3.7999,13.8216,3.4572,10.7565,115.6653,0.0,10.0
4255.7,233.604,70.3567,129.4803,2.6482,128.7642,17.3814,11.3612,9.8853,3.8979,14.0106,3.1013,10.713,115.676,0.0,10.0
4255.8,234.576,70.5465,129.7422,2.6521,128.4658,17.3416,11.2327,9.7786,3.9426,14.1227,2.8987,10.7582,115.6654,0.0,10.0
4255.9,235.5626,70.7436,130.0304,2.6599,127.8121,17.2633,11.0671,9.6253,3.9478,14.2128,2.928,10.7553,115.6501,0.0,10.0
4256.0,236.3574,70.9045,130.2593,2.6691,124.6177,17.1683,10.8995,9.4614,3.9324,14.3091,3.0316,10.7522,115.641,0.0,10.0
4256.1,236.8097,70.9964,130.3725,2.6773,123.3194,17.0359,10.777,9.339,3.9086,14.4404,3.1337,10.7381,115.6447,0.0,10.0
4256.2,236.8354,70.9567,130.3988,2.6822,123.0386,16.8441,10.7281,9.2913,3.8785,14.6033,3.2474,10.7567,115.6619,0.0,10.0
4256.3,236.5071,70.8499,130.3866,2.6844,123.0386,16.6073,10.7583,9.327,3.8508,14.7436,3.3891,10.7191,115.6871,0.0,10.0
4256.4,235.9823,70.652,130.3274,2.6854,123.0386,16.4053,10.8458,9.4239,3.8275,14.8176,3.5519,10.7478,115.7101,0.0,10.0
4256.5,235.4427,70.503,130.3988,2.6866,123.1312,16.3025,10.9699,9.5539,3.8062,14.8145,3.6574,10.7188,115.7184,0.0,10.0
4256.6,235.07,70.399,130.5633,2.6887,123.5234,16.2957,11.1105,9.686,3.7423,14.7928,3.6766,10.7207,115.7018,0.0,10.0
4256.7,234.9685,70.3857,130.8918,2.6908,123.9156,16.339,11.2272,9.7805,3.6446,14.7735,3.6395,10.7703,115.655,0.0,10.0
4256.8,235.1601,70.4991,131.285,2.691,124.1827,16.4115,11.2753,9.8054,3.5855,14.7142,3.6219,10.7559,115.581,0.0,10.0
4256.9,235.5857,70.6711,131.6748,2.689,124.0257,16.5661,11.2232,9.7444,3.5061,14.5596,3.688,10.7385,115.4924,0.0,10.0
4257.0,236.1468,70.8888,131.9621,2.6859,124.0257,16.8858,11.0814,9.617,3.3964,14.2918,3.8395,10.7784,115.4088,0.0,10.0
4257.1,236.7729,71.0616,132.12,2.684,124.4874,17.3063,10.8973,9.4686,3.3251,13.9608,4.0692,10.7645,115.3491,0.0,10.0
4257.2,237.4041,71.1967,132.1783,2.6847,124.7391,17.6577,10.7239,9.3399,3.3,13.6641,4.2721,10.7753,115.3234,0.0,10.0
4257.3,237.9791,71.2437,132.0272,2.6869,125.3187,17.7718,10.6011,9.2542,3.3036,13.4487,4.4411,10.7698,115.3308,0.0,10.0
4257.4,238.4516,71.2823,131.8154,2.6883,125.0907,17.6541,10.5401,9.2147,3.3205,13.272,4.559,10.7741,115.3623,0.0,10.0
4257.5,238.7816,71.318,131.5661,2.6878,122.8713,17.43,10.5329,9.2143,3.3463,12.9238,4.4262,10.721,115.4065,0.0,10.0
4257.6,238.9719,71.3697,131.2958,2.687,122.8713,17.2282,10.5621,9.239,3.3763,12.3047,3.9168,10.7152,115.4536,0.0,10.0
4257.7,239.0495,71.4395,131.065,2.6871,122.4705,17.1635,10.6035,9.2678,3.4389,11.5498,3.2085,10.7383,115.4962,0.0,10.0
4257.8,239.0485,71.5186,130.8663,2.6874,123.2338,17.2685,10.6389,9.284,3.5285,10.9987,2.6515,10.7623,115.5307,0.0,10.0
4257.9,239.0087,71.5462,130.7303,2.6864,124.669,17.5009,10.6539,9.2776,3.6232,10.7686,2.4386,10.7404,115.5567,0.0,10.0
4258.0,238.9491,71.5192,130.6294,2.6837,124.9305,17.7385,10.644,9.2538,3.7953,10.7782,2.3783,10.7559,115.5756,0.0,10.0
4258.1,238.8551,71.4445,130.5589,2.6809,124.5408,17.8447,10.6129,9.2239,3.9821,10.9093,2.3472,10.7314,115.5896,0.0,10.0
4258.2,238.6856,71.3073,130.5226,2.6791,123.6549,17.7588,10.5702,9.195,4.1401,11.1497,2.3271,10.7318,115.5996,0.0,10.0
4258.3,238.3858,71.2039,130.5086,2.678,122.7737,17.5407,10.5323,9.1723,4.1731,11.6311,2.3657,10.6984,115.6064,0.0,10.0
4258.4,237.9126,71.1355,130.5177,2.6769,121.9741,17.338,10.5156,9.1663,4.2471,12.1219,2.5143,10.7382,115.6125,0.0,10.0
4258.5,237.2968,71.1205,130.5387,2.6762,120.9794,17.2032,10.5342,9.1906,4.2471,12.5083,2.8146,10.7212,115.6228,0.0,10.0
4258.6,236.6504,71.097,130.5392,2.6766,121.2796,17.0617,10.587,9.242,4.1755,13.2085,3.1829,10.6802,115.6444,0.0,10.0
4258.7,236.1144,71.0605,130.5134,2.6774,120.8115,16.8449,10.6556,9.2977,4.0685,13.7007,3.3483,10.708,115.682,0.0,10.0
4258.8,235.8086,70.8969,130.277,2.6768,120.1442,16.6031,10.7166,9.3306,4.0472,14.0718,3.2622,10.7342,115.737,0.0,10.0
4258.9,235.7364,70.676,129.9487,2.6746,120.3874,16.4881,10.7539,9.3299,4.01,14.6154,3.019,10.7199,115.8061,0.0,10.0
4259.0,235.8251,70.3843,129.5085,2.6715,120.1259,16.6136,10.7659,9.3084,3.9469,15.2929,2.8933,10.7039,115.8838,0.0,10.0
4259.1,235.9942,70.0893,129.1204,2.6688,120.2933,16.9511,10.7529,9.2794,3.8935,15.8359,2.9523,10.7193,115.9588,0.0,10.0
4259.2,236.1786,69.8515,128.8655,2.6669,120.5992,17.3782,10.6931,9.2286,3.8503,16.1517,3.1741,10.7357,116.0114,0.0,10.0
4259.3,236.3387,69.7222,128.8458,2.6655,120.7582,17.7433,10.5582,9.1273,3.8227,16.373,3.5421,10.6985,116.017,0.0,10.0
4259.4,236.4732,69.7801,129.2385,2.665,121.0197,17.9625,10.3389,8.9613,3.7224,16.522,3.8916,10.7465,115.9557,0.0,10.0
4259.5,236.6521,69.9837,129.871,2.6664,121.2812,18.0164,10.0644,8.7502,3.6769,16.7363,4.1225,10.7488,115.8203,0.0,10.0
4259.6,236.9873,70.4347,130.8578,2.6699,121.8392,17.9218,9.8027,8.5475,3.6939,16.901,4.2583,10.7196,115.6192,0.0,10.0
4259.7,237.5667,71.0702,131.9595,2.6746,123.2726,17.7403,9.6097,8.3988,3.6864,16.651,4.3911,10.7297,115.3718,0.0,10.0
4259.8,238.3646,71.7559,133.0551,2.6784,124.7108,17.5434,9.5074,8.3224,3.6123,16.4284,4.5715,10.731,115.1031,0.0,10.0
4259.9,239.272,72.4314,134.0342,2.6799,125.4085,17.4545,9.4693,8.2967,3.5518,16.4797,4.789,10.7437,114.8417,0.0,10.0
4260.0,240.1728,72.9141,134.7663,2.6782,126.1064,17.5837,9.4557,8.287,3.5148,16.3989,4.9584,10.7385,114.6135,0.0,10.0
4260.1,240.9788,73.281,135.3262,2.6746,125.4526,17.9496,9.444,8.2685,3.495,16.3551,5.0244,10.7163,114.436,0.0,10.0
4260.2,241.6467,73.4781,135.5742,2.6709,124.7989,18.4086,9.4238,8.2294,3.4591,15.985,5.179,10.7143,114.3173,0.0,10.0
4260.3,242.166,73.5291,135.6218,2.6687,124.9778,18.7036,9.3893,8.1697,3.4255,15.2001,5.5002,10.7385,114.2549,0.0,10.0
4260.4,242.5489,73.5026,135.5658,2.6685,124.8301,18.6737,9.3391,8.0989,3.3592,14.4889,5.7234,10.7167,114.2376,0.0,10.0
4260.5,242.8333,73.4307,135.4598,2.6692,125.0915,18.3592,9.2806,8.0346,3.2963,14.3339,5.5658,10.7102,114.2504,0.0,10.0
4260.6,243.0443,73.3154,135.3245,2.6687,125.353,17.996,9.2279,7.9913,3.3215,14.3915,5.1194,10.6928,114.2789,0.0,10.0
4260.7,243.1746,73.1725,135.1776,2.6663,125.5293,17.7856,9.1933,7.9761,3.3574,14.1062,4.7566,10.7143,114.3137,0.0,10.0
4260.8,243.2267,73.0104,135.075,2.6639,125.3818,17.7663,9.1825,7.9853,3.3855,13.7994,4.5793,10.7034,114.3517,0.0,10.0
4260.9,243.2019,72.8682,134.9717,2.6635,125.5837,17.8532,9.1905,8.0031,3.4234,13.5502,4.4455,10.6974,114.3915,0.0,10.0
4261.0,243.0522,72.7431,134.871,2.6661,126.1156,17.9449,9.2112,8.0181,3.4839,13.3243,4.2649,10.7127,114.4267,0.0,10.0
4261.1,242.7471,72.6623,134.8175,2.6697,126.9639,17.9811,9.2433,8.0313,3.563,13.0539,4.055,10.7134,114.4444,0.0,10.0
4261.2,242.3373,72.5987,134.8983,2.6726,128.2833,17.9373,9.2848,8.0525,3.6585,12.7311,3.8264,10.7087,114.428,0.0,10.0
4261.3,241.9786,72.5519,135.1003,2.6733,129.0735,17.8345,9.3316,8.0891,3.7623,12.4236,3.6105,10.6753,114.3625,0.0,10.0
4261.4,241.8463,72.6457,135.7288,2.672,129.3314,17.703,9.3738,8.1347,3.8642,12.205,3.3895,10.6682,114.2416,0.0,10.0
4261.5,242.0159,72.7889,136.517,2.6695,128.8749,17.5537,9.3957,8.1671,3.9559,12.1055,3.1446,10.6842,114.0718,0.0,10.0
4261.6,242.488,72.9839,137.4729,2.6671,127.7839,17.3987,9.383,8.1646,4.018,12.1314,2.9528,10.6713,113.8709,0.0,10.0
4261.7,243.203,73.2405,138.5105,2.6667,126.5103,17.2601,9.3252,8.1146,4.0453,12.2381,2.8326,10.6598,113.6642,0.0,10.0
4261.8,244.0304,73.486,139.4937,2.6696,125.4126,17.1687,9.2243,8.021,4.0471,12.3985,2.7894,10.6571,113.4757,0.0,10.0
4261.9,244.796,73.7145,140.4037,2.6751,124.7867,17.1584,9.0937,7.8998,4.0304,12.6583,2.7734,10.6715,113.3208,0.0,10.0
4262.0,245.2872,73.8423,141.0287,2.6808,124.7991,17.2566,8.9508,7.7727,3.9946,13.1133,2.7629,10.6216,113.207,0.0,10.0
4262.1,245.4156,73.9214,141.4686,2.6848,125.4724,17.4665,8.822,7.6705,3.9355,13.7665,2.7769,10.6888,113.1344,0.0,10.0
4262.2,245.24,73.9393,141.6623,2.686,126.6429,17.7402,8.7374,7.6202,3.8563,14.5111,2.828,10.6332,113.0972,0.0,10.0
4262.3,244.9282,73.9403,141.5673,2.6841,127.7903,18.001,8.7217,7.6353,3.7718,15.1651,2.9139,10.6612,113.0879,0.0,10.0
4262.4,244.6779,73.9515,141.3633,2.6801,128.4709,18.1764,8.7838,7.7111,3.6964,15.667,3.0164,10.6145,113.0969,0.0,10.0
4262.5,244.5978,73.9867,141.0351,2.6754,128.597,18.2202,8.8944,7.8157,3.6384,16.0406,3.1049,10.6299,113.1146,0.0,10.0
4262.6,244.7193,74.079,140.7172,2.6722,128.5371,18.155,9.0118,7.9139,3.5998,16.3214,3.1586,10.6334,113.1299,0.0,10.0
4262.7,245.0023,74.1872,140.5057,2.6701,128.7793,18.0574,9.0947,7.9713,3.5702,16.5245,3.1961,10.6472,113.1289,0.0,10.0
4262.8,245.3945,74.3033,140.5421,2.6681,129.4678,18.0122,9.125,7.9769,3.5419,16.6438,3.2377,10.7148,113.0974,0.0,10.0
4262.9,245.8532,74.3611,140.9119,2.6648,130.3908,18.0439,9.103,7.9382,3.5088,16.6852,3.2929,10.7118,113.0283,0.0,10.0
4263.0,246.3229,74.3862,141.4528,2.6611,131.0312,18.1008,9.0363,7.8718,3.473,16.6948,3.3331,10.7205,112.9252,0.0,10.0
4263.1,246.7562,74.3649,142.2141,2.6588,131.0853,18.0974,8.9451,7.8002,3.4359,16.6905,3.3374,10.726,112.8018,0.0,10.0
4263.2,247.1202,74.3616,142.9793,2.6595,130.3703,18.0078,8.8491,7.7352,3.3951,16.6851,3.3023,10.6942,112.6758,0.0,10.0
4263.3,247.3912,74.3787,143.6935,2.6622,129.1006,17.9025,8.759,7.6751,3.3497,16.7009,3.2402,10.7287,112.5616,0.0,10.0
4263.4,247.558,74.4499,144.1976,2.6652,127.619,17.9076,8.6768,7.6121,3.3019,16.7543,3.1706,10.6698,112.4693,0.0,10.0
4263.5,247.6053,74.55,144.4851,2.6671,126.3167,18.0866,8.5995,7.5432,3.2563,16.8543,3.1078,10.7093,112.4026,0.0,10.0
4263.6,247.5145,74.659,144.6335,2.6671,125.4936,18.3609,8.5273,7.472,3.2195,16.9878,3.0443,10.7332,112.3604,0.0,10.0
4263.7,247.3127,74.7394,144.5844,2.6651,125.1829,18.57,8.4657,7.4072,3.195,17.1277,2.9786,10.7055,112.339,0.0,10.0
4263.8,247.0561,74.7719,144.4573,2.6618,125.3346,18.5948,8.4216,7.357,3.186,17.2683,2.9114,10.7577,112.3329,0.0,10.0
4263.9,246.816,74.772,144.2884,2.6584,125.8318,18.4513,8.4012,7.3268,3.1898,17.4413,2.833,10.713,112.3361,0.0,10.0
4264.0,246.644,74.736,144.1565,2.6555,126.5216,18.254,8.4087,7.3201,3.2017,17.6526,2.7465,10.6981,112.3437,0.0,10.0
4264.1,246.5578,74.6853,144.0762,2.6531,127.2901,18.1199,8.4382,7.335,3.2218,17.8413,2.6632,10.6987,112.3521,0.0,10.0
4264.2,246.5692,74.6267,144.0369,2.6514,127.9167,18.0775,8.481,7.3698,3.2549,17.8787,2.6225,10.7141,112.3608,0.0,10.0
4264.3,246.6733,74.6204,144.057,2.6514,128.2871,18.0696,8.53,7.4228,3.3064,17.725,2.608,10.7389,112.3719,0.0,10.0
4264.4,246.8528,74.6456,144.095,2.6545,128.413,18.0463,8.5771,7.4817,3.3776,17.4062,2.5952,10.7128,112.3871,0.0,10.0
4264.5,247.061,74.6986,144.1486,2.6611,128.3837,18.0106,8.6141,7.5304,3.463,16.9534,2.5956,10.738,112.4026,0.0,10.0
4264.6,247.2217,74.7301,144.1643,2.668,128.3305,17.9925,8.6325,7.5555,3.5518,16.4299,2.6102,10.702,112.4098,0.0,10.0
4264.7,247.2896,74.7377,144.2222,2.6712,128.3156,18.0061,8.6308,7.5572,3.642,15.8674,2.6284,10.7041,112.3987,0.0,10.0
4264.8,247.2895,74.7197,144.3252,2.6679,127.6653,18.0222,8.6177,7.5488,3.7309,15.3205,2.6369,10.7011,112.3662,0.0,10.0
4264.9,247.2968,74.6834,144.6314,2.6613,126.8582,17.9762,8.619,7.556,3.8064,14.8617,2.6481,10.7091,112.3193,0.0,10.0
4265.0,247.3599,74.6333,144.9409,2.6564,126.6182,17.8368,8.6688,7.6053,3.853,14.5271,2.698,10.6893,112.274,0.0,10.0
4265.1,247.4738,74.5661,145.2436,2.6569,127.371,17.6682,8.7781,7.7016,3.8559,14.3287,2.818,10.7004,112.2455,0.0,10.0
4265.2,247.6066,74.5257,145.3219,2.6614,128.6842,17.595,8.9277,7.8268,3.8156,14.2628,2.9969,10.6908,112.2424,0.0,10.0
4265.3,247.7336,74.5006,145.2841,2.6664,130.1351,17.7021,9.0729,7.9435,3.7722,14.3092,3.2048,10.7095,112.2634,0.0,10.0
4265.4,247.8431,74.4957,145.0971,2.6696,131.586,17.9745,9.1762,8.0222,3.7204,14.4484,3.4184,10.705,112.3014,0.0,10.0
4265.5,247.921,74.5276,144.8269,2.671,132.5497,18.2826,9.2276,8.0564,3.5677,14.6288,3.6035,10.6905,112.3468,0.0,10.0
4265.6,247.9666,74.5813,144.5751,2.6716,132.6624,18.465,9.242,8.0604,3.4831,14.772,3.7797,10.7099,112.3915,0.0,10.0
4265.7,248.0033,74.6662,144.3844,2.6721,131.7927,18.4272,9.2439,8.0582,3.4206,14.8166,3.9356,10.7102,112.4303,0.0,10.0
4265.8,248.0875,74.7353,144.3065,2.6723,130.1603,18.2326,9.2445,8.0623,3.3882,14.7314,4.0678,10.706,112.4636,0.0,10.0
4265.9,248.2504,74.7772,144.2496,2.673,128.4407,18.0669,9.2451,8.0762,3.3856,14.5795,4.1488,10.7279,112.4991,0.0,10.0
4266.0,248.4608,74.7613,144.1818,2.6752,127.1201,18.0937,9.2458,8.0955,3.4032,14.3913,4.1778,10.7373,112.5484,0.0,10.0
4266.1,248.6171,74.6526,144.0298,2.6804,126.5594,18.3181,9.2464,8.1132,3.4426,14.1196,4.1966,10.684,112.6224,0.0,10.0
4266.2,248.5876,74.4873,143.7664,2.6869,126.5934,18.5497,9.247,8.1223,3.5069,13.7555,4.1994,10.7136,112.7288,0.0,10.0
4266.3,248.2885,74.2337,143.237,2.6926,127.1882,18.5767,9.2477,8.1211,3.5859,13.3581,4.1703,10.7227,112.8683,0.0,10.0
4266.4,247.696,73.9186,142.4218,2.6942,128.143,18.3251,9.2488,8.1143,3.6587,13.0368,4.0989,10.7276,113.0336,0.0,10.0
4266.5,246.8604,73.5824,141.4673,2.6908,128.9187,17.9378,9.2502,8.1073,3.7067,12.8436,4.0094,10.6994,113.2096,0.0,10.0
4266.6,245.8635,73.2584,140.397,2.6829,129.1841,17.5761,9.2522,8.1039,3.7299,12.7588,3.9118,10.7264,113.3763,0.0,10.0
4266.7,244.7576,73.0265,139.511,2.6721,128.8505,17.3264,9.2557,8.1065,3.7383,12.7427,3.787,10.7352,113.5157,0.0,10.0
4266.8,243.5712,72.8625,138.7858,2.6617,128.1406,17.1674,9.2639,8.1202,3.7417,12.7622,3.6529,10.6985,113.6196,0.0,10.0
4266.9,242.3567,72.8311,138.4687,2.6551,127.4708,17.0572,9.2841,8.1542,3.7367,12.8317,3.5306,10.7118,113.687,0.0,10.0
4267.0,241.1938,72.8583,138.407,2.6552,126.9744,16.9694,9.3262,8.2132,3.7127,13.0035,3.4304,10.7203,113.7221,0.0,10.0
4267.1,240.227,72.9279,138.5177,2.6618,126.1214,16.8719,9.4007,8.2953,3.6656,13.2901,3.3403,10.7308,113.727,0.0,10.0
4267.2,239.606,73.0608,138.7947,2.6699,124.7043,16.7306,9.5089,8.3859,3.6151,13.6111,3.2561,10.698,113.7001,0.0,10.0
4267.3,239.469,73.2061,139.119,2.6755,123.2638,16.5566,9.6237,8.4594,3.5924,13.8865,3.1728,10.6872,113.6369,0.0,10.0
4267.4,239.984,73.3661,139.493,2.6754,122.7704,16.4431,9.7015,8.4887,3.6039,14.0841,3.1013,10.697,113.5348,0.0,10.0
4267.5,241.1189,73.6301,140.1361,2.6716,123.3504,16.514,9.6846,8.4402,3.6322,14.2673,3.0245,10.6786,113.3984,0.0,10.0
4267.6,242.694,73.9012,140.7947,2.6659,124.471,16.8295,9.5559,8.3086,3.6618,14.495,2.9343,10.7108,113.2433,0.0,10.0
4267.7,244.4008,74.1781,141.4666,2.6604,125.3561,17.2842,9.3358,8.1118,3.694,14.8164,2.8106,10.6999,113.093,0.0,10.0
4267.8,245.8373,74.3366,141.9843,2.6567,125.9894,17.6268,9.0696,7.8849,3.7297,15.2867,2.6367,10.7093,112.9731,0.0,10.0
4267.9,246.7289,74.4332,142.3351,2.6561,126.8074,17.6962,8.8199,7.6763,3.7444,15.9334,2.4212,10.6652,112.9204,0.0,10.0
4268.0,246.9894,74.4626,142.5051,2.6593,128.2004,17.5477,8.6329,7.5209,3.7258,16.7428,2.2254,10.6924,112.9619,0.0,10.0
4268.1,246.7585,74.4109,142.3653,2.6646,129.9326,17.4417,8.5322,7.436,3.6773,17.5878,2.0484,10.7001,113.0925,0.0,10.0
4268.2,246.3088,74.3577,142.1515,2.6693,131.4728,17.5216,8.5074,7.4125,3.615,18.1421,1.9504,10.6967,113.251,0.0,10.0
4268.3,245.8429,74.3077,141.859,2.6713,132.1362,17.7443,8.5256,7.4255,3.5365,18.5849,1.9434,10.6983,113.3552,0.0,10.0
4268.4,245.4965,74.2899,141.6008,2.6707,131.6585,17.936,8.5571,7.4535,3.4477,19.311,2.0707,10.6789,113.3524,0.0,10.0
4268.5,245.3501,74.293,141.4465,2.6693,130.6427,18.0163,8.5786,7.4795,3.3608,19.1959,2.354,10.7016,113.2706,0.0,10.0
4268.6,245.4504,74.3243,141.4534,2.6689,130.0083,18.0415,8.5768,7.4883,3.3015,18.6445,2.7304,10.6835,113.1706,0.0,10.0
4268.7,245.8034,74.3947,141.6861,2.6712,130.3112,18.1153,8.5453,7.4701,3.2856,17.7287,3.134,10.6969,113.0996,0.0,10.0
4268.8,246.2864,74.4798,141.9607,2.6759,131.0678,18.2884,8.486,7.4231,3.306,16.8779,3.419,10.6823,113.0629,0.0,10.0
4268.9,246.7673,74.5811,142.2457,2.6816,131.5132,18.5543,8.4145,7.3628,3.3501,16.1944,3.5761,10.7093,113.0483,0.0,10.0
4269.0,247.1212,74.6397,142.3115,2.6855,131.4772,18.7806,8.3466,7.3088,3.4098,15.7333,3.5976,10.6757,113.0475,0.0,10.0
4269.1,247.2434,74.6619,142.2337,2.6862,131.4115,18.8674,8.2979,7.2809,3.4762,15.4033,3.5428,10.7073,113.0695,0.0,10.0
4269.2,247.0322,74.6186,141.9264,2.6842,131.4085,18.8024,8.2793,7.2867,3.5539,15.2407,3.3772,10.6918,113.1208,0.0,10.0
4269.3,246.3768,74.4743,141.4629,2.6817,131.255,18.4954,8.302,7.3276,3.6255,15.3106,3.1086,10.7079,113.2053,0.0,10.0
4269.4,245.2968,74.2591,140.9224,2.6808,130.6174,17.9394,8.383,7.4085,3.6746,15.4682,2.8388,10.7089,113.3236,0.0,10.0
4269.5,243.9516,73.9184,140.2906,2.6819,129.6161,17.2219,8.5257,7.529,3.6869,15.5865,2.6525,10.6754,113.4702,0.0,10.0
4269.6,242.5257,73.502,139.6145,2.6833,128.714,16.5404,8.72,7.6832,3.6766,15.5981,2.567,10.6882,113.6337,0.0,10.0
4269.7,241.2239,73.0585,138.9246,2.6829,128.0587,16.0727,8.9511,7.8627,3.6642,15.4797,2.5345,10.6759,113.7994,0.0,10.0
4269.8,240.192,72.6286,138.25,2.68,127.5037,15.8829,9.1946,8.05,3.6551,15.2623,2.5388,10.6938,113.9517,0.0,10.0
4269.9,239.5073,72.3044,137.664,2.6747,126.9154,15.9601,9.4216,8.2223,3.64,14.9673,2.5883,10.6946,114.0782,0.0,10.0
4270.0,239.1778,72.064,137.1531,2.6687,126.2618,16.1916,9.6025,8.3581,3.6183,14.676,2.6635,10.6713,114.1725,0.0,10.0
4270.1,239.0785,72.0096,136.8262,2.6634,125.4165,16.4556,9.7136,8.443,3.6013,14.4376,2.7253,10.687,114.2327,0.0,10.0
4270.2,239.0808,72.0331,136.607,2.6589,124.5388,16.627,9.7583,8.4827,3.5979,14.2418,2.7543,10.6798,114.2612,0.0,10.0
4270.3,239.0827,72.1057,136.4733,2.6551,124.1392,16.6309,9.7531,8.4894,3.6036,14.1499,2.7453,10.6819,114.2634,0.0,10.0
4270.4,239.0175,72.1883,136.5232,2.6521,124.3209,16.5115,9.7194,8.4766,3.607,14.1254,2.7301,10.6909,114.2461,0.0,10.0
4270.5,238.8572,72.2648,136.6535,2.6507,124.7003,16.4029,9.6804,8.459,3.5979,14.1068,2.7468,10.6808,114.218,0.0,10.0
4270.6,238.6076,72.3369,136.8417,2.6512,124.5418,16.4625,9.6496,8.4439,3.5723,14.0385,2.8214,10.6966,114.189,0.0,10.0
4270.7,238.3445,72.413,136.9847,2.6526,123.8536,16.7184,9.6318,8.4312,3.5334,13.9601,2.9407,10.678,114.1683,0.0,10.0
4270.8,238.1621,72.4849,137.0225,2.6536,123.198,17.0863,9.6208,8.415,3.4827,13.9141,3.0939,10.7043,114.1631,0.0,10.0
4270.9,238.1222,72.553,136.9649,2.6535,123.3405,17.3897,9.6092,8.3923,3.4283,13.8475,3.279,10.6553,114.1775,0.0,10.0
4271.0,238.1949,72.5634,136.7559,2.653,124.2007,17.5023,9.5987,8.3717,3.3789,13.7357,3.4755,10.6467,114.2117,0.0,10.0
4271.1,238.2947,72.5304,136.5124,2.6528,125.306,17.4263,9.6021,8.3711,3.3415,13.6433,3.6397,10.6544,114.2625,0.0,10.0
4271.2,238.3475,72.4494,136.2309,2.653,126.0239,17.2674,9.6333,8.4033,3.3104,13.64,3.7629,10.6851,114.3245,0.0,10.0
4271.3,238.3038,72.314,135.9163,2.6525,126.1425,17.1495,9.7011,8.4718,3.2812,13.6901,3.8644,10.6811,114.3904,0.0,10.0
4271.4,238.1417,72.1832,135.6032,2.6504,125.7946,17.0821,9.8009,8.5683,3.2556,13.7342,3.9572,10.6834,114.4528,0.0,10.0
4271.5,237.8502,72.0622,135.2943,2.6466,125.2421,17.0161,9.9213,8.6828,3.2377,13.7801,4.0234,10.6755,114.5073,0.0,10.0
4271.6,237.4512,71.9916,135.0412,2.6423,124.8578,16.9421,10.0525,8.8088,3.2326,13.8463,4.0345,10.6314,114.553,0.0,10.0
4271.7,237.042,71.939,134.8379,2.6395,124.8766,16.9023,10.1808,8.9316,3.2324,13.8945,4.0252,10.6986,114.5916,0.0,10.0
4271.8,236.7281,71.9071,134.7062,2.6399,125.0936,16.9184,10.2868,9.0273,3.2313,13.9647,3.9971,10.6417,114.626,0.0,10.0
4271.9,236.5892,71.8896,134.6766,2.6441,125.1028,16.9682,10.3504,9.0742,3.223,14.0714,3.9672,10.6527,114.6573,0.0,10.0
4272.0,236.5924,71.8829,134.7022,2.6497,124.9041,17.0465,10.3588,9.0628,3.2116,14.2476,3.9149,10.6713,114.6842,0.0,10.0
4272.1,236.6616,71.8931,134.8044,2.6548,124.8003,17.1762,10.3291,9.017,3.2052,14.4322,3.8394,10.6553,114.7047,0.0,10.0
4272.2,236.7132,71.8954,134.9445,2.6586,125.2163,17.3513,10.2877,8.9677,3.1998,14.6019,3.753,10.6644,114.7184,0.0,10.0
4272.3,236.6982,71.8897,135.0941,2.6627,126.0912,17.4938,10.2606,8.9406,3.1939,14.7746,3.6586,10.6538,114.7271,0.0,10.0
4272.4,236.6152,71.8683,135.245,2.6684,127.1888,17.5019,10.2578,8.9397,3.185,14.9226,3.5805,10.681,114.7317,0.0,10.0
4272.5,236.5159,71.8471,135.414,2.6753,127.8333,17.3292,10.2752,8.9573,3.1759,15.0481,3.5232,10.6579,114.7296,0.0,10.0
4272.6,236.4937,71.8338,135.5842,2.6803,127.6272,17.1187,10.2999,8.983,3.1721,15.1472,3.4742,10.6113,114.7132,0.0,10.0
4272.7,236.6164,71.8463,135.7401,2.6811,126.7166,17.0054,10.3168,9.0026,3.1724,15.2318,3.4365,10.6644,114.6746,0.0,10.0
4272.8,236.9109,71.9173,135.9447,2.6771,125.5897,17.0435,10.3186,9.0066,3.1759,15.2754,3.4302,10.6436,114.6091,0.0,10.0
4272.9,237.3417,72.0222,136.2064,2.6717,124.9636,17.1276,10.3029,8.9899,3.1744,15.2359,3.4871,10.6429,114.5153,0.0,10.0
4273.0,237.8279,72.1714,136.6298,2.6677,124.9658,17.1673,10.2679,8.9501,3.1642,15.1189,3.6129,10.6508,114.395,0.0,10.0
4273.1,238.3245,72.3167,137.2158,2.6661,125.2889,17.1434,10.2096,8.8849,3.1458,14.9819,3.7767,10.6291,114.2508,0.0,10.0
4273.2,238.8651,72.4686,137.9098,2.6657,125.7334,17.1452,10.1228,8.7915,3.1166,14.8896,3.9632,10.6565,114.0844,0.0,10.0
4273.3,239.5584,72.6736,138.7624,2.6656,126.3048,17.2681,10.0068,8.6694,3.085,14.8838,4.1411,10.6572,113.9001,0.0,10.0
4273.4,240.5302,72.937,139.6841,2.666,127.0179,17.5738,9.8667,8.5236,3.0611,14.9592,4.2787,10.6028,113.7049,0.0,10.0
4273.5,241.9021,73.2449,140.6375,2.6675,127.6251,18.0102,9.7015,8.3579,3.05,15.0583,4.3772,10.6315,113.5097,0.0,10.0
4273.6,243.6024,73.6309,141.4782,2.6696,127.9893,18.4514,9.4978,8.1699,3.0523,15.1386,4.4385,10.6333,113.3301,0.0,10.0
4273.7,245.4277,74.0288,142.1371,2.6703,128.4542,18.7973,9.2521,7.9598,3.0827,15.2493,4.4332,10.6316,113.1867,0.0,10.0
4273.8,247.0223,74.429,142.6214,2.6667,129.6333,19.0156,8.9753,7.7351,3.1781,15.4559,4.2724,10.613,113.1103,0.0,10.0
4273.9,248.0145,74.6793,142.319,2.6598,131.5247,19.1162,8.7068,7.5264,3.3115,15.6216,4.0227,10.6165,113.139,0.0,10.0
4274.0,248.1717,74.7185,141.4151,2.6523,133.4593,18.8402,8.5118,7.3863,3.4553,15.6283,3.7567,10.6141,113.3059,0.0,10.0
4274.1,247.336,74.5622,139.956,2.6482,134.2731,18.286,8.4841,7.3953,3.5815,15.2517,3.5474,10.6478,113.6231,0.0,10.0
4274.2,245.5195,73.8382,137.4895,2.6476,133.8477,17.507,8.7649,7.6691,3.6936,14.6869,3.3643,10.6088,114.07,0.0,10.0
4274.3,242.8318,72.9355,134.942,2.6479,132.5818,16.6647,9.3305,8.1731,3.7823,14.0786,3.2039,10.646,114.5911,0.0,10.0
4274.4,239.4003,71.8352,132.3082,2.6452,131.1599,15.9021,9.9746,8.7178,3.8301,13.5615,3.0731,10.6329,115.1125,0.0,10.0
4274.5,235.6152,70.8723,130.5161,2.6389,129.7941,15.1898,10.4198,9.0636,3.8431,13.1521,2.9747,10.584,115.5568,0.0,10.0
4274.6,232.029,70.1642,129.3043,2.6324,128.1225,14.4363,10.5131,9.0933,3.8099,12.7841,2.892,10.6016,115.8703,0.0,10.0
4274.7,229.1601,69.7932,128.8185,2.6296,125.6871,13.6917,10.3474,8.9036,3.6768,12.6076,2.8819,10.6079,116.041,0.0,10.0
4274.8,227.46,69.8884,129.0757,2.6325,122.1752,13.2215,10.1188,8.6721,3.464,12.6643,2.9645,10.6278,116.0904,0.0,10.0
4274.9,226.9933,70.1106,129.5172,2.6394,118.0817,13.348,9.9858,8.5357,3.2355,12.9105,3.1056,10.6293,116.0521,0.0,10.0
4275.0,227.7178,70.4571,130.1276,2.6478,114.5272,14.1415,9.9463,8.4892,3.0782,13.1784,3.2561,10.6233,115.9544,0.0,10.0
4275.1,229.527,70.7521,130.8215,2.6544,112.8529,15.3522,9.9401,8.4816,2.9921,13.4194,3.3952,10.579,115.8115,0.0,10.0
4275.2,231.8118,71.0274,131.5929,2.6572,113.3752,16.4967,9.9392,8.4893,2.9374,13.7198,3.5289,10.6024,115.6296,0.0,10.0
4275.3,233.9626,71.2805,132.4931,2.6568,115.6826,17.1859,9.9388,8.5026,2.9037,14.2485,3.6276,10.5967,115.4175,0.0,10.0
4275.4,235.5706,71.5439,133.5757,2.6557,118.7432,17.3924,9.9385,8.5153,2.9067,14.8819,3.6096,10.618,115.187,0.0,10.0
4275.5,236.6786,71.8042,134.6633,2.657,121.417,17.3795,9.9384,8.524,2.9413,15.4755,3.5205,10.597,114.9538,0.0,10.0
4275.6,237.5383,72.0499,135.6493,2.6607,123.2539,17.4477,9.9384,8.5285,2.991,15.9244,3.3858,10.6088,114.7348,0.0,10.0
4275.7,238.3466,72.2196,136.4402,2.6638,124.2854,17.7044,9.9377,8.5296,3.0376,16.2924,3.2501,10.5817,114.5409,0.0,10.0
4275.8,239.2181,72.3524,137.1222,2.6641,124.7012,18.1251,9.9328,8.5245,3.1042,16.6012,3.0829,10.6296,114.3718,0.0,10.0
4275.9,240.1964,72.4442,137.6527,2.6623,124.7514,18.5797,9.9152,8.5055,3.1926,16.7638,2.9076,10.594,114.2227,0.0,10.0
4276.0,241.2549,72.5576,138.2039,2.661,124.8103,18.9209,9.8752,8.4644,3.2936,16.7363,2.7715,10.6081,114.0865,0.0,10.0
4276.1,242.2861,72.7028,138.7676,2.6625,124.9788,18.9792,9.8041,8.3956,3.3769,16.5237,2.7344,10.5919,113.9567,0.0,10.0
4276.2,243.1609,72.9499,139.3489,2.6661,125.2114,18.7715,9.7055,8.306,3.4292,16.2016,2.7982,10.5676,113.8296,0.0,10.0
4276.3,243.8132,73.2638,139.9165,2.6695,125.4444,18.4769,9.5965,8.2131,3.4617,15.7478,2.9487,10.5944,113.7026,0.0,10.0
4276.4,244.2885,73.6146,140.4656,2.6709,125.7906,18.323,9.4974,8.1367,3.4879,15.1177,3.1811,10.5934,113.5755,0.0,10.0
4276.5,244.7337,73.9803,140.9414,2.6705,126.3229,18.3998,9.4243,8.0898,3.5139,14.3468,3.473,10.6078,113.4531,0.0,10.0
4276.6,245.2583,74.3063,141.3658,2.6697,127.0104,18.5912,9.3778,8.0666,3.5358,13.6093,3.7579,10.5914,113.343,0.0,10.0
4276.7,245.897,74.6013,141.7414,2.6697,127.7062,18.7322,9.3523,8.0542,3.5404,13.073,3.9901,10.603,113.2513,0.0,10.0
4276.8,246.5865,74.8343,141.9497,2.6705,128.2997,18.7611,9.3417,8.0388,3.531,12.7372,4.1503,10.5913,113.1826,0.0,10.0
4276.9,247.2413,75.0229,142.0686,2.671,129.0026,18.761,9.3369,8.0162,3.5116,12.5194,4.2724,10.5925,113.1382,0.0,10.0
4277.0,247.7752,75.1741,142.1139,2.6706,129.9079,18.8525,9.3295,7.989,3.4927,12.3952,4.3485,10.5788,113.1162,0.0,10.0
4277.1,248.1612,75.2523,142.0582,2.6702,130.552,19.1079,9.3074,7.957,3.4734,12.3928,4.3548,10.5642,113.1144,0.0,10.0
4277.2,248.4055,75.2784,141.9882,2.671,130.1114,19.5107,9.2624,7.9143,3.4425,12.5858,4.2591,10.5282,113.1294,0.0,10.0
4277.3,248.5059,75.2554,141.9049,2.6739,127.9223,19.9364,9.1935,7.8558,3.391,12.9313,4.08,10.5905,113.156,0.0,10.0
4277.4,248.4782,75.1834,141.8882,2.6786,125.0398,20.1756,9.1089,7.786,3.3442,13.2744,3.9105,10.5825,113.1877,0.0,10.0
4277.5,248.3631,75.1447,141.8923,2.684,122.8445,20.0905,9.0281,7.7198,3.3186,13.5029,3.8134,10.6099,113.2164,0.0,10.0
4277.6,248.1959,75.1446,141.9191,2.6887,122.6809,19.6947,8.9689,7.6718,3.3197,13.6196,3.7872,10.5609,113.2359,0.0,10.0
4277.7,248.0109,75.2507,141.9491,2.6917,124.0984,19.188,8.94,7.6515,3.3385,13.7385,3.7621,10.5758,113.2434,0.0,10.0
4277.8,247.8394,75.3751,141.9863,2.6924,125.658,18.7586,8.9329,7.6538,3.3711,13.8641,3.7107,10.5766,113.2406,0.0,10.0
4277.9,247.7091,75.5158,142.0333,2.6911,126.0916,18.4918,8.9286,7.6626,3.4259,14.0037,3.6251,10.5939,113.2327,0.0,10.0
4278.0,247.6548,75.569,142.0572,2.6896,125.3608,18.3825,8.9139,7.6642,3.4969,14.1515,3.5073,10.5987,113.227,0.0,10.0
4278.1,247.6964,75.5539,142.0479,2.6892,124.7747,18.3996,8.8964,7.6601,3.5774,14.3033,3.3596,10.5352,113.2313,0.0,10.0
4278.2,247.8466,75.4408,141.987,2.6895,125.2391,18.5166,8.8971,7.6655,3.6607,14.4586,3.1892,10.573,113.2523,0.0,10.0
4278.3,248.0632,75.2363,141.8113,2.6888,126.5932,18.6805,8.9196,7.6838,3.7114,14.5695,3.0559,10.5767,113.2945,0.0,10.0
4278.4,248.2214,74.9967,141.5267,2.6865,127.6463,18.8206,8.9323,7.6916,3.7183,14.5986,3.0015,10.577,113.3606,0.0,10.0
4278.5,248.2006,74.7181,141.058,2.6831,127.5295,18.8713,8.9017,7.6636,3.6709,14.5057,3.0501,10.5762,113.4506,0.0,10.0
4278.6,247.9213,74.4956,140.4587,2.6807,126.2415,18.7696,8.8234,7.5984,3.5969,14.3103,3.1654,10.5695,113.56,0.0,10.0
4278.7,247.4364,74.3148,139.8424,2.6802,124.6363,18.5003,8.7286,7.5249,3.522,14.0727,3.3039,10.5728,113.679,0.0,10.0
4278.8,246.8646,74.2069,139.2672,2.6811,123.2094,18.0909,8.6597,7.477,3.4477,13.7857,3.4667,10.5088,113.7918,0.0,10.0
4278.9,246.3141,74.1947,138.867,2.6821,122.1418,17.6745,8.6315,7.4618,3.3883,13.5334,3.611,10.5537,113.8827,0.0,10.0
4279.0,245.8257,74.2451,138.5839,2.6822,121.4285,17.4146,8.6303,7.4627,3.3409,13.3501,3.7254,10.5735,113.9427,0.0,10.0
4279.1,245.3537,74.4,138.5019,2.6818,121.3682,17.3539,8.6337,7.4611,3.3214,13.314,3.7713,10.5929,113.9707,0.0,10.0
4279.2,244.8419,74.5293,138.5209,2.6814,122.0876,17.3789,8.636,7.4571,3.3274,13.4266,3.7615,10.5772,113.9726,0.0,10.0
4279.3,244.2805,74.63,138.6048,2.6813,123.0406,17.353,8.6384,7.4586,3.3448,13.6069,3.7272,10.5865,113.9546,0.0,10.0
4279.4,243.7154,74.6497,138.7912,2.682,123.697,17.277,8.6414,7.4692,3.3675,13.8666,3.6662,10.5482,113.9209,0.0,10.0
4279.5,243.2339,74.6418,139.1345,2.6843,123.9933,17.272,8.6446,7.4845,3.3824,14.2382,3.5816,10.5485,113.8728,0.0,10.0
4279.6,242.9942,74.6195,139.583,2.6888,124.4445,17.4097,8.648,7.4989,3.3876,14.704,3.4859,10.4885,113.8104,0.0,10.0
4279.7,243.1085,74.5995,140.1822,2.6942,125.1816,17.6717,8.6514,7.5088,3.388,15.1568,3.3998,10.5485,113.7348,0.0,10.0
4279.8,243.6196,74.6356,140.7542,2.6978,125.9345,18.0148,8.6548,7.5146,3.3957,15.4667,3.3238,10.5398,113.6523,0.0,10.0
4279.9,244.4518,74.71,141.2828,2.6973,126.086,18.3957,8.658,7.5171,3.419,15.6262,3.2406,10.558,113.5785,0.0,10.0
4280.0,245.3037,74.8078,141.5299,2.6939,125.663,18.4145,8.6612,7.5145,3.4443,15.6782,3.1618,10.5572,113.5369,0.0,10.0
4280.1,245.8916,74.7767,141.4662,2.69,125.2307,18.749,8.6684,7.5105,3.4617,15.5753,3.1342,10.5702,113.5515,0.0,10.0
4280.2,245.9816,74.635,141.1398,2.688,125.301,18.8856,8.6903,7.5177,3.4697,15.2713,3.1838,10.5318,113.6377,0.0,10.0
4280.3,245.5889,74.2492,140.321,2.6879,125.7804,18.7345,8.7503,7.5646,3.4805,14.8271,3.2685,10.5801,113.7958,0.0,10.0
4280.4,244.832,73.7833,139.3383,2.6885,126.2355,18.3174,8.865,7.6691,3.5045,14.3088,3.3473,10.5575,114.0106,0.0,10.0
4280.5,243.8065,73.2407,138.1993,2.6879,126.1937,17.764,9.0397,7.8341,3.5329,13.8021,3.397,10.5296,114.2571,0.0,10.0
4280.6,242.6334,72.7581,137.059,2.6856,125.7878,17.2317,9.2651,8.0467,3.5451,13.3647,3.4512,10.5529,114.506,0.0,10.0
4280.7,241.4622,72.3586,136.0478,2.6827,124.9916,16.7754,9.5068,8.2733,3.5214,13.027,3.5292,10.5347,114.731,0.0,10.0
4280.8,240.4021,72.0546,135.1859,2.6808,123.7352,16.4292,9.7325,8.4826,3.4717,12.8865,3.5643,10.5395,114.916,0.0,10.0
4280.9,239.4932,71.9344,134.694,2.6809,122.1403,16.2266,9.9225,8.6533,3.4242,12.9726,3.5124,10.5481,115.0526,0.0,10.0
4281.0,238.7285,71.8786,134.3626,2.6817,120.6563,16.213,10.0684,8.7741,3.401,13.2649,3.3532,10.5576,115.1381,0.0,10.0
4281.1,238.1413,71.8966,134.2232,2.682,119.7454,16.4078,10.1648,8.8402,3.4043,13.6917,3.1435,10.5255,115.1757,0.0,10.0
4281.2,237.8336,71.984,134.3594,2.682,119.4349,16.6906,10.2005,8.8454,3.4231,14.1201,2.9381,10.5325,115.1712,0.0,10.0
4281.3,237.8127,72.0897,134.6112,2.6831,119.4824,16.8949,10.1717,8.7949,3.4528,14.498,2.7591,10.5166,115.1309,0.0,10.0
4281.4,238.0389,72.2121,135.004,2.6866,119.6134,16.946,10.0995,8.7159,3.5021,14.8119,2.5928,10.5097,115.059,0.0,10.0
4281.5,238.4604,72.3245,135.5702,2.6906,119.9747,16.9134,10.0039,8.6278,3.5887,15.0989,2.3967,10.5203,114.9548,0.0,10.0
4281.6,239.0118,72.4571,136.1975,2.6922,120.8215,16.9417,9.8938,8.5354,3.6946,15.3504,2.2,10.5504,114.8156,0.0,10.0
4281.7,239.6577,72.6368,136.8868,2.6897,122.3601,17.0844,9.7686,8.4343,3.8115,15.4959,2.0503,10.5482,114.6423,0.0,10.0
4281.8,240.3667,72.9083,137.6441,2.6834,124.5855,17.2856,9.6234,8.3215,3.9207,15.4368,2.0231,10.5267,114.443,0.0,10.0
4281.9,241.1108,73.2126,138.4187,2.6762,127.0332,17.4644,9.4604,8.2039,3.9924,15.2833,2.0827,10.53,114.2337,0.0,10.0
4282.0,241.8889,73.5414,139.1928,2.6696,129.3744,17.6522,9.2957,8.0911,4.0211,15.1145,2.199,10.5622,114.036,0.0,10.0
4282.1,242.7226,73.7312,139.6985,2.6652,130.9164,17.9603,9.145,7.9841,3.9791,14.9413,2.4,10.5526,113.8692,0.0,10.0
4282.2,243.5886,73.8689,140.1234,2.6638,131.1035,18.3816,9.0242,7.8829,3.879,14.6892,2.7414,10.5213,113.7438,0.0,10.0
4282.3,244.4274,73.989,140.5813,2.6659,129.9406,18.7861,8.9394,7.7949,3.7247,14.3966,3.197,10.519,113.6622,0.0,10.0
4282.4,245.1599,74.0393,140.868,2.6713,128.3344,18.9713,8.8862,7.7292,3.5533,14.0668,3.6875,10.5226,113.6199,0.0,10.0
4282.5,245.6965,74.0624,141.047,2.6784,127.3537,18.8862,8.8572,7.6907,3.4135,13.7857,4.0896,10.5454,113.6066,0.0,10.0
4282.6,246.02,74.0991,141.0646,2.685,127.337,18.6578,8.8429,7.6742,3.3034,13.605,4.3907,10.5084,113.6088,0.0,10.0
4282.7,246.1392,74.1724,141.0336,2.6888,128.08,18.442,8.8341,7.6681,3.2088,13.5634,4.6101,10.5347,113.6119,0.0,10.0
4282.8,246.0799,74.2686,140.9769,2.6878,128.8513,18.2882,8.8245,7.6653,3.1212,13.642,4.765,10.5678,113.6044,0.0,10.0
4282.9,245.9001,74.3878,140.9215,2.6822,129.1894,18.1229,8.8121,7.6643,3.0403,13.7552,4.8838,10.4724,113.5834,0.0,10.0
4283.0,245.6309,74.4817,140.8728,2.6735,129.0034,17.909,8.8008,7.6659,2.9537,13.9476,4.9642,10.5013,113.5537,0.0,10.0
4283.1,245.3054,74.5524,140.8348,2.6661,128.5113,17.7494,8.7956,7.6685,2.8592,14.2264,4.9951,10.5232,113.5227,0.0,10.0
4283.2,245.0025,74.5495,140.8691,2.663,127.8072,17.7775,8.8005,7.669,2.7764,14.5149,4.9901,10.5255,113.4955,0.0,10.0
4283.3,244.7856,74.5191,140.9785,2.6645,126.7297,18.0318,8.8149,7.6695,2.7013,14.7692,4.9694,10.5157,113.4706,0.0,10.0
4283.4,244.6691,74.4678,141.1524,2.6683,125.2583,18.4059,8.8393,7.6767,2.6392,14.9338,4.9582,10.5451,113.4411,0.0,10.0
4283.5,244.6238,74.4505,141.4591,2.6709,123.6416,18.6744,8.8743,7.6967,2.5988,15.0748,4.9308,10.4908,113.399,0.0,10.0
4283.6,244.6661,74.4915,141.8175,2.6718,122.0497,18.7109,8.9103,7.7215,2.5887,15.1686,4.8861,10.5199,113.3413,0.0,10.0
4283.7,244.8636,74.5894,142.2259,2.6723,120.8267,18.4747,8.9333,7.7376,2.6051,15.2173,4.8345,10.5184,113.2726,0.0,10.0
4283.8,245.2543,74.8204,142.6383,2.6737,120.3819,18.1326,8.9266,7.733,2.6401,15.2143,4.784,10.5505,113.2043,0.0,10.0
4283.9,245.8259,75.0497,142.9537,2.6758,121.0573,17.8728,8.8847,7.7064,2.7176,15.1569,4.7425,10.5124,113.1492,0.0,10.0
4284.0,246.6164,75.2741,143.1553,2.6768,123.2019,17.8776,8.8123,7.6622,2.8581,15.0219,4.748,10.5334,113.1157,0.0,10.0
4284.1,247.7435,75.349,143.0396,2.6749,126.5701,18.1338,8.7163,7.6008,3.0072,14.851,4.8028,10.5319,113.1077,0.0,10.0
4284.2,249.1966,75.3438,142.7909,2.6711,130.2605,18.4851,8.6082,7.5219,3.118,14.7245,4.8653,10.5755,113.1258,0.0,10.0
4284.3,250.7955,75.2385,142.3831,2.667,132.984,18.7686,8.5052,7.4343,3.1703,14.7066,4.8765,10.507,113.1693,0.0,10.0
4284.4,252.0484,75.0849,141.9447,2.665,134.4535,18.9011,8.4352,7.3639,3.1879,14.7529,4.8595,10.5057,113.2337,0.0,10.0
4284.5,252.4704,74.9517,141.5741,2.6657,135.7891,18.8904,8.4429,7.3586,3.2074,14.8707,4.8142,10.494,113.3099,0.0,10.0
4284.6,251.7244,74.8653,141.3288,2.669,137.781,18.7114,8.5476,7.4427,3.2367,15.1082,4.7154,10.55,113.3843,0.0,10.0
4284.7,249.5875,74.8518,141.2811,2.6742,139.6709,18.3055,8.7472,7.6152,3.256,15.3172,4.5934,10.5357,113.4456,0.0,10.0
4284.8,246.5465,74.8493,141.3033,2.6799,139.617,17.7622,9.0132,7.848,3.2288,15.3547,4.4723,10.4915,113.4876,0.0,10.0
4284.9,243.2407,74.8402,141.3958,2.6853,136.5222,17.2845,9.2823,8.0788,3.1559,15.1675,4.396,10.5171,113.5099,0.0,10.0
4285.0,240.4487,74.7869,141.4962,2.6881,131.0459,17.1761,9.5022,8.2561,3.0854,14.8925,4.3612,10.4944,113.5148,0.0,10.0
4285.1,238.7207,74.7163,141.5984,2.6876,126.3651,17.4401,9.6161,8.3308,3.0736,14.6018,4.3691,10.5271,113.5051,0.0,10.0
4285.2,238.2561,74.6306,141.6999,2.6844,124.5086,17.9286,9.606,8.2991,3.1221,14.2036,4.4292,10.5351,113.4833,0.0,10.0
4285.3,239.0203,74.5754,141.8207,2.6809,125.8437,18.3826,9.478,8.1767,3.1999,13.72,4.5134,10.5137,113.4522,0.0,10.0
4285.4,240.5889,74.5548,141.9596,2.6791,128.0723,18.63,9.2587,7.9931,3.2674,13.3097,4.5868,10.5007,113.4136,0.0,10.0
4285.5,242.4005,74.6197,142.1394,2.6785,129.6222,18.6809,9.0093,7.7962,3.3182,13.065,4.6218,10.5001,113.3679,0.0,10.0
4285.6,244.0542,74.7692,142.3368,2.6777,130.1194,18.6465,8.7808,7.6199,3.369,12.9873,4.6012,10.5205,113.3161,0.0,10.0
4285.7,245.2928,74.9618,142.5323,2.6756,130.3375,18.6228,8.6011,7.482,3.4223,13.0535,4.5289,10.4847,113.2632,0.0,10.0
4285.8,246.1321,75.1834,142.6824,2.6729,130.8112,18.5936,8.475,7.3868,3.4735,13.2379,4.4117,10.5155,113.2192,0.0,10.0
4285.9,246.6403,75.3422,142.7252,2.6708,131.4851,18.5161,8.3946,7.329,3.5199,13.5106,4.2368,10.5247,113.1969,0.0,10.0
4286.0,246.8416,75.4444,142.678,2.67,132.11,18.3958,8.3644,7.312,3.5691,13.8064,4.0126,10.5412,113.2074,0.0,10.0
4286.1,246.8081,75.3871,142.4071,2.6706,132.5451,18.2845,8.4021,7.3481,3.6275,14.106,3.7433,10.5337,113.2556,0.0,10.0
4286.2,246.5972,75.2336,142.0219,2.6726,132.7205,18.222,8.5087,7.438,3.6911,14.4356,3.419,10.4804,113.3379,0.0,10.0
4286.3,246.293,75.0125,141.562,2.6761,132.4807,18.2131,8.6744,7.5768,3.7493,14.8147,3.0503,10.495,113.4417,0.0,10.0
4286.4,246.0057,74.7512,141.1221,2.6793,131.5816,18.2325,8.8758,7.747,3.7933,15.2698,2.666,10.4342,113.5488,0.0,10.0
4286.5,245.7934,74.4922,140.7666,2.6803,129.8824,18.2706,9.0783,7.9196,3.8131,15.8336,2.2914,10.5183,113.6425,0.0,10.0
4286.6,245.6658,74.2332,140.4825,2.677,127.7482,18.3038,9.2631,8.0787,3.8105,16.3884,1.9913,10.4476,113.716,0.0,10.0
4286.7,245.5883,73.9128,140.3013,2.6708,125.7791,18.29,9.413,8.2134,3.7954,16.8113,1.7956,10.5802,113.7728,0.0,10.0
4286.8,245.5292,73.5511,140.1148,2.6638,124.4067,18.214,9.5152,8.3123,3.7669,17.0525,1.7389,10.5645,113.823,0.0,10.0
4286.9,245.5004,73.1486,139.9229,2.658,124.1812,18.1128,9.5579,8.3587,3.7148,17.118,1.851,10.5461,113.8771,0.0,10.0
4287.0,245.545,72.7412,139.6728,2.6543,125.0144,18.0553,9.5287,8.3295,3.6492,17.1317,2.0388,10.5151,113.9404,0.0,10.0
4287.1,245.6877,72.3833,139.4314,2.6531,126.452,18.0719,9.4367,8.2281,3.5881,17.1017,2.2447,10.4864,114.0132,0.0,10.0
4287.2,245.8886,72.085,139.2016,2.6556,127.9616,18.1182,9.3049,8.0854,3.5466,17.0123,2.417,10.5504,114.0926,0.0,10.0
4287.3,246.0074,71.9436,139.0799,2.6618,129.2122,18.0669,9.1661,7.9474,3.5204,16.8151,2.5782,10.5654,114.1717,0.0,10.0
4287.4,245.899,71.8546,138.9999,2.6706,130.0376,17.828,9.0679,7.8619,3.4972,16.5089,2.7516,10.502,114.2429,0.0,10.0
4287.5,245.4716,71.8251,138.969,2.6792,130.2924,17.3956,9.0451,7.8504,3.4729,16.1232,2.9301,10.5128,114.2987,0.0,10.0
4287.6,244.6655,71.8164,138.9455,2.6845,129.9282,16.9227,9.1208,7.9228,3.4504,15.7311,3.0743,10.4876,114.333,0.0,10.0
4287.7,243.5762,71.8272,138.9196,2.6849,129.1255,16.6107,9.3003,8.0816,3.4318,15.3687,3.1731,10.4995,114.3427,0.0,10.0
4287.8,242.319,71.8678,138.8876,2.6805,127.8685,16.5779,9.5444,8.2971,3.4092,14.981,3.2611,10.5197,114.3295,0.0,10.0
4287.9,241.0989,71.9805,138.8409,2.6726,126.0866,16.7828,9.8078,8.5313,3.3725,14.419,3.3889,10.5186,114.2994,0.0,10.0
4288.0,240.1475,72.1277,138.7944,2.6645,124.0868,17.0367,10.0262,8.7286,3.3265,13.823,3.5283,10.5324,114.2595,0.0,10.0
4288.1,239.6066,72.3199,138.7546,2.6586,122.2512,17.2394,10.1582,8.8524,3.274,13.3052,3.6499,10.5612,114.2152,0.0,10.0
4288.2,239.5758,72.5347,138.8128,2.6572,121.056,17.4036,10.1895,8.8879,3.2263,13.0112,3.7146,10.5207,114.1658,0.0,10.0
4288.3,240.0079,72.7678,138.9716,2.659,120.5062,17.6401,10.1259,8.8335,3.1819,12.8149,3.7537,10.4974,114.1029,0.0,10.0
4288.4,240.84,73.0353,139.3375,2.6621,120.4466,17.9916,10.0048,8.7153,3.1435,12.6429,3.7757,10.5261,114.0155,0.0,10.0
4288.5,242.0445,73.3779,139.9635,2.6648,121.5899,18.384,9.8505,8.5552,3.111,12.5237,3.7822,10.5103,113.8973,0.0,10.0
4288.6,243.5421,73.7672,140.7145,2.6674,125.1004,18.7034,9.676,8.375,3.0789,12.4721,3.7727,10.496,113.7534,0.0,10.0
4288.7,245.1687,74.2301,141.5873,2.6705,126.8472,18.9311,9.4945,8.1997,3.0703,12.528,3.76,10.485,113.601,0.0,10.0
4288.8,246.7724,74.6682,142.3154,2.6748,128.7116,19.1021,9.3141,8.0418,3.0942,12.4317,3.749,10.5619,113.4621,0.0,10.0
4288.9,248.2049,75.0618,142.9084,2.6797,129.5143,19.2444,9.1385,7.9019,3.1251,12.5112,3.7456,10.5509,113.3745,0.0,10.0
4289.0,249.3335,75.2886,143.1516,2.6839,130.7381,19.3074,8.9737,7.7753,3.1622,13.3959,3.7317,10.5078,113.3945,0.0,10.0
4289.1,249.9676,75.3533,143.1604,2.6856,131.0087,19.1618,8.8311,7.6622,3.2614,15.5492,3.7614,10.4924,113.5741,0.0,10.0
4289.2,249.7878,75.3103,143.0224,2.6839,131.0087,18.7225,8.7311,7.5806,3.3902,17.9702,3.8267,10.4739,113.8888,0.0,10.0
4289.3,248.8751,75.137,142.7579,2.6792,129.8791,18.0839,8.7053,7.5666,3.4934,19.6025,3.8335,10.5274,114.2125,0.0,10.0
4289.4,247.4823,74.959,142.5058,2.6722,129.4463,17.4072,8.7662,7.6343,3.4847,20.0884,3.6423,10.5385,114.3716,0.0,10.0
4289.5,246.0411,74.7811,142.2641,2.6654,128.5181,16.9113,8.9118,7.7777,3.4392,20.0073,3.3608,10.4868,114.2862,0.0,10.0
4289.6,244.9277,74.6456,142.048,2.6612,129.2084,16.7122,9.111,7.9587,3.4059,19.767,3.1023,10.5023,114.0253,0.0,10.0
4289.7,244.3241,74.5191,141.8614,2.6611,129.5222,16.8592,9.2944,8.1123,3.4025,19.4702,2.9791,10.4993,113.7514,0.0,10.0
4289.8,244.303,74.4003,141.7034,2.6654,130.5678,17.3622,9.4084,8.1934,3.3922,19.0698,2.8996,10.5078,113.5764,0.0,10.0
4289.9,244.7045,74.2946,141.7235,2.671,129.5805,18.0131,9.4067,8.1664,3.3715,18.5825,2.8458,10.4972,113.5089,0.0,10.0
4290.0,245.2861,74.2175,141.8512,2.6749,129.4528,18.6097,9.2999,8.0457,3.3419,18.0838,2.8224,10.4742,113.4863,0.0,10.0
4290.1,245.8089,74.1692,142.0866,2.6749,129.1974,18.8941,9.1221,7.8637,3.2912,17.671,2.8504,10.5128,113.4565,0.0,10.0
4290.2,246.1313,74.225,142.4174,2.6727,128.6964,18.8068,8.9182,7.6635,3.2203,17.4011,2.9254,10.4581,113.4038,0.0,10.0
4290.3,246.3296,74.3309,142.7244,2.6704,127.8159,18.4629,8.7363,7.4932,3.135,17.2219,3.0341,10.4884,113.3407,0.0,10.0
4290.4,246.5687,74.4945,142.9997,2.6692,126.7509,18.0988,8.6012,7.3769,3.0561,17.084,3.1734,10.5258,113.2798,0.0,10.0
4290.5,246.9575,74.6906,143.1682,2.6691,125.858,17.9043,8.5158,7.3139,3.0056,16.9667,3.3001,10.477,113.2304,0.0,10.0
4290.6,247.4314,74.8729,143.3033,2.6699,125.2029,17.8632,8.4628,7.279,2.9816,16.8352,3.4031,10.5172,113.1961,0.0,10.0
4290.7,247.8472,75.0311,143.4014,2.672,124.7453,17.8705,8.4258,7.2515,2.9928,16.6782,3.4714,10.5026,113.175,0.0,10.0
4290.8,248.02,75.1224,143.4883,2.6748,124.3188,17.8554,8.4043,7.233,3.0437,16.4437,3.5054,10.4865,113.162,0.0,10.0
4290.9,247.9009,75.1687,143.5589,2.6768,124.2381,17.8803,8.4019,7.2353,3.13,16.1516,3.4915,10.5004,113.1519,0.0,10.0
4291.0,247.5245,75.1501,143.6024,2.6765,124.8909,18.0652,8.4121,7.2573,3.2548,15.8311,3.4119,10.5062,113.1424,0.0,10.0
4291.1,247.0097,75.055,143.5894,2.6734,126.2348,18.4366,8.4265,7.2877,3.373,15.548,3.3226,10.4769,113.1337,0.0,10.0
4291.2,246.5437,74.9382,143.5617,2.6691,127.4942,18.7903,8.4366,7.3085,3.4573,15.3367,3.2607,10.4982,113.1268,0.0,10.0
4291.3,246.2058,74.8074,143.5264,2.6652,127.89,18.9152,8.4433,7.3152,3.4981,15.2339,3.2265,10.4592,113.1222,0.0,10.0
4291.4,245.9915,74.7198,143.5339,2.6627,127.3746,18.6665,8.4557,7.3172,3.5053,15.2595,3.1936,10.4804,113.1208,0.0,10.0
4291.5,245.8645,74.6664,143.555,2.6619,126.7325,18.2596,8.4884,7.3341,3.502,15.3849,3.1401,10.4983,113.1256,0.0,10.0
4291.6,245.8422,74.677,143.5814,2.663,126.2074,17.947,8.5421,7.3733,3.4856,15.6907,3.0388,10.4747,113.1413,0.0,10.0
4291.7,246.0049,74.7273,143.5006,2.6661,125.5274,17.9395,8.606,7.4281,3.4566,16.2006,2.8935,10.442,113.1727,0.0,10.0
4291.8,246.4005,74.7868,143.3331,2.6696,124.3976,18.1422,8.6627,7.4848,3.4346,16.788,2.7173,10.4404,113.2454,0.0,10.0
4291.9,246.9922,74.8273,142.9861,2.6721,123.246,18.387,8.6971,7.5269,3.4416,17.3424,2.5123,10.4498,113.4106,0.0,10.0
4292.0,247.7214,74.8226,142.5388,2.6731,123.1897,18.5756,8.7031,7.5439,3.5153,17.8668,2.201,10.4859,113.7205,0.0,10.0
4292.1,248.535,74.7925,142.0489,2.6732,124.6181,18.7512,8.6799,7.529,3.6642,18.4271,1.7299,10.492,114.1708,0.0,10.0
4292.2,249.3594,74.7374,141.5747,2.6726,126.7305,18.9863,8.6344,7.4841,3.819,18.8573,1.2871,10.4517,114.676,0.0,10.0
4292.3,250.1003,74.7027,141.1875,2.6703,128.5649,19.2638,8.5779,7.4192,3.9534,18.9821,0.979,10.4518,115.1057,0.0,10.0
4292.4,250.5786,74.6865,140.8635,2.6663,129.4139,19.4335,8.519,7.3474,4.0471,18.7488,0.8598,10.4409,115.3821,0.0,10.0
4292.5,250.7304,74.7251,140.6485,2.6629,129.4745,19.3987,8.4691,7.2918,4.1459,18.3041,0.7897,10.4716,115.4899,0.0,10.0
4292.6,250.584,74.7778,140.4642,2.6624,129.1228,19.1826,8.4374,7.2651,4.2398,17.7629,0.75,10.4794,115.4436,0.0,10.0
4292.7,250.2624,74.8375,140.3046,2.6657,128.6385,18.8819,8.4292,7.2682,4.2933,17.1217,0.8164,10.4626,115.2452,0.0,10.0
4292.8,249.9668,74.8571,140.1933,2.6695,127.9074,18.5885,8.446,7.2944,4.3079,16.4543,0.9661,10.501,114.9128,0.0,10.0
4292.9,249.824,74.8409,140.1333,2.6708,126.8749,18.3676,8.4766,7.3259,4.287,15.8505,1.1733,10.4672,114.512,0.0,10.0
4293.0,249.9008,74.7942,140.1183,2.6677,126.1282,18.3336,8.5129,7.3565,4.2227,15.4777,1.4163,10.5184,114.1546,0.0,10.0
4293.1,250.1468,74.7227,140.1982,2.6626,126.1019,18.4985,8.5492,7.3867,4.1152,15.3671,1.6962,10.496,113.9141,0.0,10.0
4293.2,250.4307,74.6638,140.2955,2.6575,126.8189,18.8092,8.5822,7.418,3.9764,15.4035,2.0225,10.4641,113.7954,0.0,10.0
4293.3,250.5779,74.6176,140.4104,2.6544,127.9932,19.1128,8.6111,7.4473,3.8349,15.4428,2.3822,10.5168,113.7554,0.0,10.0
4293.4,250.4608,74.6121,140.4675,2.6547,129.1348,19.2403,8.6383,7.4714,3.6963,15.4156,2.7845,10.4964,113.7538,0.0,10.0
4293.5,250.123,74.6195,140.4793,2.6585,130.1438,19.1964,8.6686,7.4934,3.5731,15.3509,3.1855,10.489,113.7718,0.0,10.0
4293.6,249.722,74.6414,140.4372,2.6652,130.9766,18.9613,8.7046,7.516,3.4862,15.3018,3.5042,10.4545,113.8053,0.0,10.0
4293.7,249.551,74.6637,140.3457,2.6719,131.5855,18.6627,8.7449,7.5362,3.4515,15.2449,3.6912,10.4726,113.8443,0.0,10.0
4293.8,249.8219,74.6804,140.2604,2.6765,131.8556,18.5848,8.7806,7.5454,3.4523,15.1243,3.8035,10.4482,113.8779,0.0,10.0
4293.9,250.5863,74.6887,140.1905,2.6775,131.6736,18.7798,8.8001,7.54,3.4834,14.8916,3.8773,10.4565,113.8991,0.0,10.0
4294.0,251.6463,74.6913,140.1789,2.6758,131.48,19.0565,8.7944,7.5241,3.5475,14.5802,3.8855,10.4847,113.9074,0.0,10.0
4294.1,252.5682,74.6943,140.1873,2.6734,131.7394,19.2303,8.7652,7.5098,3.655,14.2835,3.755,10.458,113.9071,0.0,10.0
4294.2,253.0178,74.6997,140.2172,2.6724,132.4432,19.2068,8.7309,7.5062,3.7758,14.1182,3.5126,10.4674,113.903,0.0,10.0
4294.3,252.7476,74.7096,140.2432,2.6735,133.2207,18.9724,8.7074,7.5128,3.8861,14.1409,3.1999,10.4496,113.8975,0.0,10.0
4294.4,251.8821,74.7163,140.2649,2.6746,133.6686,18.6085,8.7055,7.5218,3.968,14.2946,2.9023,10.4454,113.8892,0.0,10.0
4294.5,250.5826,74.7137,140.2786,2.6734,133.4559,18.172,8.7192,7.5279,4.0341,14.4964,2.624,10.483,113.8763,0.0,10.0
4294.6,248.9792,74.6803,140.2783,2.6683,132.562,17.7766,8.7482,7.535,4.0855,14.7062,2.3833,10.4214,113.8592,0.0,10.0
4294.7,247.2966,74.6326,140.2702,2.662,131.6161,17.5481,8.8062,7.5582,4.1106,14.9398,2.2078,10.447,113.8419,0.0,10.0
4294.8,245.7308,74.5685,140.2511,2.6572,130.898,17.5568,8.8984,7.6111,4.0993,15.3173,2.0805,10.5028,113.8292,0.0,10.0
4294.9,244.4318,74.5146,140.2345,2.6556,130.3103,17.8179,9.0153,7.7008,4.0557,15.8438,2.0024,10.4563,113.8235,0.0,10.0
4295.0,243.4823,74.4698,140.2246,2.6561,129.6575,18.2003,9.133,7.8241,4.0017,16.4093,1.9552,10.4416,113.823,0.0,10.0
4295.1,242.917,74.4462,140.2374,2.6574,128.9914,18.5689,9.2226,7.9515,3.9566,16.8254,1.9562,10.4707,113.8218,0.0,10.0
4295.2,242.8732,74.4425,140.2791,2.6579,128.6082,18.7861,9.2622,8.0391,3.9248,16.9321,2.0278,10.4178,113.8145,0.0,10.0
4295.3,243.4974,74.4498,140.3362,2.6563,128.8027,18.8108,9.2275,8.0364,3.8973,16.8108,2.1447,10.4693,113.7999,0.0,10.0
4295.4,244.6378,74.4663,140.403,2.6524,129.4326,18.7345,9.1046,7.9208,3.8696,16.5961,2.2714,10.4688,113.7836,0.0,10.0
4295.5,246.0242,74.4724,140.4462,2.6484,130.1299,18.7025,8.9138,7.7296,3.8488,16.3626,2.3715,10.4689,113.7758,0.0,10.0
4295.6,247.2428,74.4694,140.4705,2.6484,130.2624,18.8043,8.6925,7.5185,3.8407,16.0307,2.4553,10.4373,113.7845,0.0,10.0
4295.7,247.9761,74.4417,140.4517,2.6543,129.2875,18.9533,8.5035,7.3557,3.8352,15.4354,2.5681,10.4468,113.8096,0.0,10.0
4295.8,248.0957,74.4085,140.4622,2.6648,127.1871,18.9712,8.3911,7.272,3.8267,14.7348,2.6955,10.478,113.8396,0.0,10.0
4295.9,247.5849,74.3771,140.5138,2.676,124.7413,18.6772,8.3722,7.2736,3.8072,14.2081,2.8128,10.3942,113.8545,0.0,10.0
4296.0,246.7278,74.4298,140.8663,2.6844,123.2151,18.1423,8.4449,7.3527,3.7753,14.0812,2.8933,10.4517,113.834,0.0,10.0
4296.1,245.7755,74.5546,141.3893,2.6893,123.5793,17.5362,8.5593,7.4619,3.7051,14.4058,2.9847,10.4813,113.7691,0.0,10.0
4296.2,244.9902,74.7415,142.057,2.6904,126.2113,17.1303,8.6746,7.5629,3.605,15.0252,3.0907,10.4237,113.6676,0.0,10.0
4296.3,244.5572,74.9724,142.6981,2.6889,129.3447,17.0531,8.7499,7.621,3.5078,15.7465,3.1591,10.4606,113.5533,0.0,10.0
4296.4,244.5515,75.1601,143.1671,2.6849,131.4809,17.3157,8.7689,7.6286,3.4317,16.437,3.1572,10.4597,113.4545,0.0,10.0
4296.5,245.0653,75.3032,143.4582,2.6803,131.6877,17.8462,8.7327,7.5918,3.379,17.0585,3.0867,10.4662,113.3922,0.0,10.0
4296.6,246.1967,75.2963,143.36,2.678,130.802,18.4623,8.6478,7.5171,3.3373,17.6088,3.014,10.438,113.3743,0.0,10.0
4296.7,247.9371,75.2422,143.1802,2.6791,130.2164,19.0449,8.534,7.4154,3.3118,17.9944,2.9863,10.4648,113.3943,0.0,10.0
4296.8,250.1928,75.1351,142.9143,2.6834,130.9695,19.4911,8.4096,7.3007,3.2983,18.1939,3.0211,10.4423,113.4353,0.0,10.0
4296.9,252.5867,75.0655,142.7922,2.6882,132.6403,19.7093,8.2889,7.1912,3.3038,18.0821,3.1269,10.4123,113.476,0.0,10.0
4297.0,254.5754,75.0282,142.726,2.6904,134.0459,19.6359,8.1939,7.1145,3.3216,17.7247,3.2767,10.4746,113.4999,0.0,10.0
4297.1,255.7297,75.0354,142.7263,2.6878,134.4788,19.2561,8.1518,7.0933,3.3517,17.1658,3.4472,10.4699,113.5013,0.0,10.0
4297.2,255.5844,75.0807,142.7137,2.6811,134.1056,18.7269,8.1885,7.1424,3.3761,16.6121,3.613,10.4725,113.4877,0.0,10.0
4297.3,254.3622,75.1277,142.6804,2.6741,133.4195,18.2677,8.3094,7.2569,3.3906,16.0945,3.769,10.4541,113.4746,0.0,10.0
4297.4,252.3667,75.1675,142.612,2.6701,132.4293,18.0162,8.465,7.3895,3.3808,15.5456,3.962,10.4374,113.4779,0.0,10.0
4297.5,250.1035,75.1463,142.4512,2.6712,130.5479,18.0454,8.6039,7.4978,3.3217,15.0317,4.2148,10.4483,113.5067,0.0,10.0
4297.6,248.1495,75.095,142.2302,2.6756,127.9152,18.247,8.6718,7.5421,3.2376,14.6713,4.4557,10.4807,113.5614,0.0,10.0
4297.7,246.8346,75.0038,141.9153,2.68,125.2732,18.4806,8.6692,7.5297,3.1595,14.5313,4.6247,10.4474,113.6346,0.0,10.0
4297.8,246.2307,74.8977,141.5209,2.681,123.8337,18.5915,8.6159,7.4806,3.1059,14.5805,4.7033,10.4531,113.7165,0.0,10.0
4297.9,246.0051,74.7907,141.0984,2.6787,124.0797,18.6027,8.5452,7.4252,3.061,14.6831,4.7594,10.4935,113.7993,0.0,10.0
4298.0,245.7998,74.6932,140.6601,2.6748,125.7756,18.606,8.4986,7.3961,3.0253,14.8247,4.7893,10.4429,113.8784,0.0,10.0
4298.1,245.3719,74.6101,140.2882,2.6722,127.8605,18.6584,8.5061,7.4137,3.027,14.9482,4.7445,10.4732,113.9506,0.0,10.0
4298.2,244.6659,74.5381,139.9786,2.6723,128.8929,18.6911,8.5876,7.4904,3.0704,15.0301,4.6112,10.4846,114.011,0.0,10.0
4298.3,243.8285,74.4884,139.8151,2.6744,128.4558,18.6188,8.7248,7.6109,3.1602,15.0763,4.366,10.489,114.0512,0.0,10.0
4298.4,243.0874,74.4764,139.8124,2.6764,127.2647,18.4648,8.8768,7.7402,3.2874,15.0895,4.0441,10.4633,114.0608,0.0,10.0
4298.5,242.7418,74.4992,139.9344,2.6767,126.6047,18.4247,8.9996,7.839,3.447,15.0758,3.6785,10.4624,114.0299,0.0,10.0
4298.6,242.9107,74.6147,140.322,2.6759,126.8309,18.6423,9.0526,7.8729,3.608,15.0053,3.3546,10.4873,113.9521,0.0,10.0
4298.7,243.6299,74.8057,140.9349,2.6756,127.655,19.0902,9.0266,7.8387,3.7393,14.9055,3.1339,10.496,113.8265,0.0,10.0
4298.8,244.901,75.0542,141.7119,2.6766,128.4199,19.5317,8.9263,7.7454,3.8442,14.7867,3.0236,10.4992,113.6565,0.0,10.0
4298.9,246.4902,75.4133,142.7606,2.678,128.975,19.7718,8.7712,7.6138,3.9235,14.6757,2.9964,10.4789,113.4503,0.0,10.0
4299.0,248.2196,75.8,143.8892,2.6782,129.6544,19.786,8.5958,7.4693,3.9948,14.5792,3.0032,10.4642,113.2218,0.0,10.0
4299.1,249.8871,76.1992,145.0656,2.6762,130.7664,19.7005,8.4161,7.3216,4.0366,14.5307,3.0658,10.4295,112.9889,0.0,10.0
4299.2,251.2873,76.4855,146.1017,2.673,132.1331,19.6628,8.24,7.174,4.0543,14.5605,3.1579,10.4418,112.7735,0.0,10.0
4299.3,252.2904,76.6611,146.9429,2.67,133.5337,19.6801,8.0705,7.0277,4.0439,14.6578,3.2741,10.4702,112.5946,0.0,10.0
4299.4,252.7883,76.7388,147.6109,2.6679,134.7328,19.644,7.9123,6.885,4.0098,14.8066,3.3662,10.4511,112.4618,0.0,10.0
4299.5,252.8473,76.6453,147.9081,2.6663,135.4657,19.4969,7.7756,6.7533,3.9619,14.9847,3.4131,10.4448,112.3757,0.0,10.0
4299.6,252.583,76.5302,148.0866,2.6645,135.514,19.2827,7.664,6.6409,3.911,15.1474,3.4286,10.4828,112.3291,0.0,10.0
4299.7,252.0876,76.3922,148.1405,2.6628,134.7508,19.1039,7.5795,6.5565,3.845,15.3208,3.4232,10.4609,112.3128,0.0,10.0
4299.8,251.5043,76.3178,148.0906,2.6617,133.4444,19.0265,7.5308,6.5133,3.7557,15.472,3.4534,10.4699,112.3197,0.0,10.0
4299.9,250.9987,76.2618,148.0165,2.662,132.06,19.0464,7.5203,6.5128,3.6622,15.5726,3.5103,10.4723,112.3444,0.0,10.0
4300.0,250.6938,76.2262,147.9164,2.6647,131.1348,19.103,7.5383,6.5401,3.5828,15.5987,3.594,10.4676,112.3817,0.0,10.0
4300.1,250.6406,76.1867,147.7918,2.6698,130.6969,19.1004,7.5688,6.5771,3.538,15.5242,3.6868,10.4461,112.4254,0.0,10.0
4300.2,250.7355,76.1709,147.6922,2.6763,130.4716,19.0145,7.5944,6.6084,3.5243,15.4113,3.7561,10.4981,112.4651,0.0,10.0
4300.3,250.882,76.1924,147.6349,2.6822,130.1063,18.914,7.6069,6.6273,3.558,15.2281,3.7804,10.4864,112.4893,0.0,10.0
4300.4,251.0417,76.2951,147.716,2.6846,129.5033,18.939,7.6048,6.6307,3.642,15.0142,3.7289,10.4578,112.4894,0.0,10.0
4300.5,251.2463,76.4327,147.8625,2.6834,129.2303,19.1386,7.5879,6.6153,3.7559,14.8257,3.6121,10.4668,112.4647,0.0,10.0
4300.6,251.5251,76.6134,148.0936,2.6803,129.6719,19.4147,7.5602,6.5843,3.8713,14.6941,3.4755,10.4859,112.4223,0.0,10.0
4300.7,251.8383,76.7915,148.339,2.6783,130.6418,19.4973,7.5256,6.5429,3.9412,14.6564,3.3946,10.4628,112.3739,0.0,10.0
4300.8,252.1031,76.9409,148.5634,2.6789,131.6534,19.2727,7.4922,6.5025,3.959,14.6689,3.4012,10.4907,112.3296,0.0,10.0
4300.9,252.2809,77.0231,148.7305,2.6812,132.5477,18.8446,7.4678,6.4745,3.9147,14.752,3.4969,10.5222,112.2947,0.0,10.0
4301.0,252.3414,77.0616,148.8415,2.6832,133.2008,18.4775,7.4554,6.4636,3.8245,14.9081,3.6453,10.4863,112.2693,0.0,10.0
4301.1,252.2555,77.0874,148.9333,2.6837,133.666,18.3139,7.4576,6.475,3.6974,15.1292,3.8331,10.4469,112.251,0.0,10.0
4301.2,252.0165,77.1141,149.0174,2.683,133.994,18.2841,7.4749,6.5049,3.5552,15.3963,4.0331,10.5148,112.239,0.0,10.0
4301.3,251.6759,77.135,149.0972,2.6822,133.8967,18.1725,7.5075,6.5445,3.4144,15.6952,4.2253,10.4933,112.2363,0.0,10.0
4301.4,251.3872,77.1422,149.1359,2.6829,133.4538,17.8543,7.5531,6.5827,3.2965,16.0084,4.372,10.4718,112.2484,0.0,10.0
4301.5,251.2658,77.103,149.0171,2.6855,133.0588,17.4324,7.6014,6.6103,3.2211,16.3441,4.4324,10.4424,112.2796,0.0,10.0
4301.6,251.3245,77.0062,148.7828,2.6891,133.0903,17.1531,7.643,6.6298,3.192,16.6962,4.4033,10.4699,112.3279,0.0,10.0
4301.7,251.4756,76.8734,148.5015,2.692,133.7674,17.2008,7.6728,6.6499,3.1968,17.034,4.3245,10.496,112.3862,0.0,10.0
4301.8,251.6091,76.6942,148.267,2.6928,135.1267,17.5514,7.6871,6.6731,3.2107,17.3096,4.2596,10.4477,112.4461,0.0,10.0
4301.9,251.6688,76.4978,148.1012,2.6909,136.7812,18.0921,7.6856,6.6892,3.2184,17.4953,4.2365,10.4507,112.505,0.0,10.0
4302.0,251.5436,76.2852,147.9518,2.6876,137.8896,18.6318,7.6706,6.6895,3.1983,17.5904,4.2875,10.4679,112.572,0.0,10.0
4302.1,251.1281,76.0216,147.5925,2.6853,138.1719,19.0012,7.6568,6.6799,3.1368,17.648,4.4147,10.4541,112.663,0.0,10.0
4302.2,250.3505,75.7283,146.9985,2.6838,137.6942,19.0778,7.6643,6.6814,3.047,17.6649,4.5882,10.4657,112.7911,0.0,10.0
4302.3,249.2368,75.4112,146.2153,2.6828,136.6599,18.7821,7.7054,6.7108,2.9337,17.6203,4.8021,10.4356,112.9588,0.0,10.0
4302.4,248.0264,75.0556,145.1056,2.6826,135.5785,18.2486,7.7835,6.7752,2.8183,17.4887,5.0311,10.4591,113.1539,0.0,10.0
4302.5,246.9187,74.6987,144.051,2.6827,134.7839,17.6429,7.8761,6.8532,2.7109,17.2924,5.2592,10.5006,113.3551,0.0,10.0
4302.6,246.0797,74.3412,143.048,2.6822,134.0071,17.2109,7.9676,6.9278,2.6386,17.1287,5.4088,10.4792,113.5419,0.0,10.0
4302.7,245.6392,74.0306,142.4499,2.6811,133.0264,17.0796,8.0459,6.9886,2.596,17.012,5.4858,10.4711,113.6984,0.0,10.0
4302.8,245.6517,73.7539,142.0176,2.6784,132.2493,17.2764,8.1005,7.031,2.6037,16.9161,5.4671,10.4702,113.8179,0.0,10.0
4302.9,246.1121,73.5134,141.7622,2.679,132.3612,17.7506,8.1188,7.0445,2.6754,16.7659,5.3651,10.4394,113.9002,0.0,10.0
4303.0,246.7751,73.3589,141.6464,2.6814,133.4019,18.2541,8.0864,7.0131,2.7859,16.5562,5.2426,10.4876,113.9458,0.0,10.0
4303.1,247.2972,73.2682,141.6129,2.6836,134.8705,18.527,8.0135,6.9415,2.8898,16.3604,5.1566,10.4783,113.9515,0.0,10.0
4303.2,247.4277,73.2555,141.6785,2.6822,136.072,18.4218,7.9344,6.8603,2.9613,16.318,5.1125,10.4617,113.9146,0.0,10.0
4303.3,247.114,73.4247,142.0356,2.6805,136.3888,18.1649,7.8952,6.8144,3.0218,16.4672,5.0488,10.3977,113.8318,0.0,10.0
4303.4,246.7333,73.7307,142.5844,2.6779,135.6918,18.1457,7.9263,6.8304,3.0738,16.6545,4.9965,10.4333,113.717,0.0,10.0
4303.5,246.8451,74.2251,143.3914,2.6747,134.5887,18.5721,7.9763,6.8554,3.109,16.7734,5.0013,10.457,113.5996,0.0,10.0
4303.6,248.265,74.9616,144.4679,2.672,134.5947,18.3325,7.9252,6.78,3.1378,17.0725,5.0295,10.4511,113.5144,0.0,10.0
4303.7,250.8559,75.7269,145.5823,2.6687,137.4285,18.3325,7.6024,6.4679,3.2013,18.3098,4.9903,10.4483,113.4731,0.0,10.0
4303.8,254.0379,76.4737,146.6877,2.6644,144.4971,18.3325,7.0244,5.9536,3.3083,20.5401,4.8962,10.4167,113.4631,0.0,10.0
4303.9,256.7218,76.9747,147.3921,2.6581,155.6592,18.3992,6.3118,5.3521,3.4253,22.8502,4.8688,10.4106,113.4651,0.0,10.0
4304.0,258.0391,77.2907,147.7022,2.6494,166.8573,18.5943,5.6957,4.8633,3.4983,24.2626,4.911,10.4551,113.4848,0.0,10.0
4304.1,257.612,77.2917,147.2758,2.6406,173.6732,18.8148,5.3372,4.6077,3.5103,24.4626,4.9199,10.4179,113.5363,0.0,10.0
4304.2,255.2336,76.9427,146.0386,2.6373,171.7441,20.7433,5.3206,4.6475,3.4912,22.8934,4.7736,10.4791,113.6217,0.0,10.0
4304.3,251.4542,76.4138,144.4211,2.6445,163.3733,20.3623,5.7644,5.0729,3.4921,20.2724,4.5487,10.4323,113.7303,0.0,10.0
4304.4,247.1608,75.6557,142.3846,2.6552,152.0017,19.9259,6.6158,5.8284,3.531,17.6103,4.2855,10.4724,113.8626,0.0,10.0
4304.5,243.3633,74.8431,140.4925,2.6588,141.6949,19.3728,7.7146,6.7727,3.6161,15.8812,3.9561,10.4699,114.0335,0.0,10.0
4304.6,240.8246,74.0496,138.8308,2.6613,134.5875,19.0059,8.7895,7.6776,3.6772,15.1618,3.6316,10.4313,114.2379,0.0,10.0
4304.7,239.5075,73.4228,137.8836,2.6611,130.4152,18.4985,9.5682,8.3264,3.6867,14.7676,3.3999,10.4491,114.4286,0.0,10.0
4304.8,239.0442,73.1028,137.6693,2.6595,128.5096,18.189,9.9974,8.6856,3.635,14.804,3.2985,10.4402,114.542,0.0,10.0
4304.9,239.0107,72.9929,137.9129,2.6582,128.0172,17.8542,10.1597,8.8297,3.5527,15.1401,3.2516,10.4295,114.5461,0.0,10.0
4305.0,239.1672,73.2305,138.7335,2.6585,128.0891,17.4231,10.2069,8.8861,3.4686,15.5509,3.2136,10.4507,114.4548,0.0,10.0
4305.1,239.5231,73.5769,139.6296,2.6612,128.2079,17.2295,10.219,8.9127,3.3758,16.0865,3.2072,10.3937,114.31,0.0,10.0
4305.2,240.1521,73.9866,140.5487,2.6658,128.4867,17.0623,10.1857,8.8908,3.2869,16.6905,3.2311,10.4096,114.1504,0.0,10.0
4305.3,240.9917,74.3737,141.2661,2.6702,129.2955,17.1168,10.0787,8.7839,3.22,17.2641,3.2656,10.4421,114.0047,0.0,10.0
4305.4,241.9784,74.6773,141.7814,2.6729,130.3379,17.3643,9.908,8.6041,3.1843,17.6919,3.2969,10.463,113.8909,0.0,10.0
4305.5,243.0517,74.9109,142.1345,2.6743,130.9795,17.4756,9.6898,8.3758,3.1869,17.8884,3.3173,10.4513,113.8158,0.0,10.0
4305.6,244.1572,74.9934,142.2394,2.6762,131.2893,17.5479,9.4413,8.1299,3.229,17.8978,3.3243,10.4339,113.7761,0.0,10.0
4305.7,245.2305,75.0216,142.3064,2.6795,131.6821,17.7308,9.1857,7.8943,3.3079,17.7288,3.3312,10.4576,113.7612,0.0,10.0
4305.8,246.1637,75.0009,142.3397,2.6835,132.6922,18.088,8.9393,7.6809,3.4046,17.4329,3.3508,10.4186,113.7562,0.0,10.0
4305.9,246.8736,74.9486,142.4321,2.6865,133.9265,18.2204,8.724,7.5024,3.4816,17.1227,3.3989,10.4251,113.7458,0.0,10.0
4306.0,247.3562,74.9156,142.5874,2.6875,134.4589,18.2204,8.5543,7.3624,3.5264,16.8993,3.4731,10.4179,113.7179,0.0,10.0
4306.1,247.6765,74.9037,142.8105,2.6861,133.7413,18.246,8.4318,7.2558,3.5436,16.7731,3.5703,10.4005,113.6667,0.0,10.0
4306.2,247.9348,74.9657,143.17,2.6832,132.7367,18.4335,8.3468,7.1742,3.558,16.6874,3.6519,10.3825,113.5954,0.0,10.0
4306.3,248.1975,75.0502,143.5498,2.6798,132.5194,18.7105,8.2773,7.107,3.5787,16.626,3.7113,10.4428,113.5136,0.0,10.0
4306.4,248.4862,75.1599,143.9481,2.677,133.4274,18.7435,8.2093,7.0492,3.604,16.6365,3.7385,10.418,113.4339,0.0,10.0
4306.5,248.8003,75.2601,144.2572,2.6758,134.8788,18.7435,8.1424,7.0002,3.6223,16.7038,3.7563,10.4196,113.3686,0.0,10.0
4306.6,249.1212,75.3428,144.4962,2.6764,136.1624,18.7435,8.0817,6.9547,3.6265,16.7933,3.7812,10.4401,113.3256,0.0,10.0
4306.7,249.4076,75.3989,144.637,2.6788,137.0378,19.3115,8.0263,6.9044,3.6242,16.8209,3.8226,10.4048,113.3052,0.0,10.0
4306.8,249.566,75.4141,144.677,2.6821,137.8152,19.1826,7.9708,6.8477,3.6205,16.8202,3.8647,10.4644,113.3016,0.0,10.0
4306.9,249.535,75.4178,144.696,2.6852,138.5857,18.9841,7.9125,6.7941,3.62,16.7777,3.8935,10.4235,113.3066,0.0,10.0
4307.0,249.2888,75.4118,144.7059,2.6868,138.8349,18.7524,7.8579,6.7562,3.6204,16.5843,3.9429,10.3869,113.314,0.0,10.0
4307.1,248.8344,75.3931,144.705,2.6863,137.9055,18.5878,7.8195,6.7413,3.6223,16.1781,4.0318,10.4408,113.3224,0.0,10.0
4307.2,248.2642,75.3696,144.6659,2.6846,136.1304,18.5466,7.817,6.7545,3.6296,15.7082,4.1151,10.3769,113.3353,0.0,10.0
4307.3,247.6811,75.3413,144.5385,2.683,134.1979,18.6139,7.8563,6.7918,3.6386,15.3493,4.1422,10.4034,113.3576,0.0,10.0
4307.4,247.1922,75.2702,144.3102,2.6823,133.0661,18.6988,7.9321,6.8513,3.6461,15.2224,4.0742,10.4096,113.3924,0.0,10.0
4307.5,246.8722,75.1712,144.0456,2.6817,132.8692,18.6964,8.0272,6.9266,3.655,15.22,3.9434,10.4413,113.4392,0.0,10.0
4307.6,246.7133,75.0258,143.765,2.6805,133.1564,18.6005,8.115,7.001,3.6633,15.3122,3.7679,10.397,113.4943,0.0,10.0
4307.7,246.6572,74.8532,143.5068,2.6787,133.3951,18.52,8.1812,7.0641,3.6726,15.4607,3.569,10.3635,113.554,0.0,10.0
4307.8,246.6266,74.6797,143.2674,2.6777,133.3488,18.5779,8.2299,7.1191,3.6765,15.6656,3.3675,10.383,113.617,0.0,10.0
4307.9,246.5799,74.5491,143.069,2.6787,133.2056,18.7742,8.2771,7.1754,3.6753,15.8998,3.1761,10.4152,113.6832,0.0,10.0
4308.0,246.5089,74.4602,142.8818,2.6825,133.0191,19.0328,8.3221,7.2255,3.6654,16.1255,3.0189,10.3966,113.7514,0.0,10.0
4308.1,246.4132,74.4032,142.7068,2.6882,132.5404,19.2792,8.3366,7.2411,3.6587,16.284,2.8906,10.4068,113.818,0.0,10.0
4308.2,246.2937,74.4112,142.571,2.6943,131.621,19.4945,8.2877,7.1945,3.6663,16.3138,2.7989,10.4186,113.8766,0.0,10.0
4308.3,246.1518,74.4378,142.485,2.6996,130.4955,19.6698,8.181,7.096,3.68,16.2255,2.7638,10.4167,113.9199,0.0,10.0
4308.4,245.9937,74.4741,142.4396,2.7027,129.9978,19.7693,8.0527,6.9833,3.6835,16.0832,2.8018,10.3952,113.9426,0.0,10.0
4308.5,245.8461,74.4957,142.4892,2.7032,130.3611,19.7433,7.9504,6.8985,3.6607,15.937,2.9247,10.4012,113.9422,0.0,10.0
4308.6,245.7505,74.5106,142.5796,2.7012,131.1254,19.551,7.8938,6.8536,3.6141,15.7998,3.1232,10.3838,113.9207,0.0,10.0
4308.7,245.7771,74.5203,142.702,2.697,131.4297,19.2645,7.8729,6.8352,3.5571,15.6895,3.3642,10.3833,113.8827,0.0,10.0
4308.8,245.9955,74.5234,142.8566,2.6923,131.0827,19.1266,7.8674,6.8265,3.5121,15.6396,3.5741,10.3382,113.835,0.0,10.0
4308.9,246.4507,74.5183,143.0399,2.6886,130.6156,19.2167,7.8637,6.8217,3.4895,15.6807,3.7071,10.3807,113.7832,0.0,10.0
4309.0,247.1572,74.5058,143.2493,2.6875,130.9202,19.5178,7.8587,6.8228,3.4892,15.8831,3.7444,10.3923,113.7295,0.0,10.0
4309.1,248.0575,74.5142,143.5679,2.6891,132.0265,19.8576,7.852,6.8291,3.504,16.2782,3.6936,10.3693,113.6718,0.0,10.0
4309.2,249.0329,74.5626,143.952,2.6928,133.5056,20.0532,7.84,6.8313,3.5271,16.8092,3.5727,10.3783,113.629,0.0,10.0
4309.3,249.9683,74.6551,144.4084,2.6974,134.7685,19.9589,7.8158,6.8163,3.5648,17.5031,3.3385,10.355,113.6451,0.0,10.0
4309.4,250.797,74.8514,144.9809,2.7014,135.475,19.6665,7.7694,6.7704,3.6128,18.2642,3.0245,10.3909,113.768,0.0,10.0
4309.5,251.522,75.0919,145.586,2.7035,135.7409,19.3593,7.6953,6.6902,3.6607,18.9884,2.7075,10.3874,113.9725,0.0,10.0
4309.6,252.1815,75.3848,146.2269,2.7022,135.8905,19.1912,7.5983,6.5872,3.6806,19.5422,2.4949,10.3655,114.1393,0.0,10.0
4309.7,252.7882,75.692,146.8272,2.697,136.1765,19.1936,7.4909,6.4803,3.6615,19.8455,2.4392,10.3682,114.1124,0.0,10.0
4309.8,253.311,75.9675,147.3653,2.6893,136.4483,19.2756,7.3895,6.3895,3.6117,19.9324,2.5132,10.3909,113.8419,0.0,10.0
4309.9,253.6887,76.1888,147.8092,2.6818,136.4538,19.3127,7.3081,6.3264,3.5492,19.8292,2.6746,10.3568,113.4211,0.0,10.0
4310.0,253.8338,76.3094,148.0665,2.6783,136.0036,19.2267,7.2538,6.292,3.4834,19.5305,2.9087,10.3907,113.0279,0.0,10.0
4310.1,253.7018,76.3892,148.2111,2.6794,135.1571,19.1041,7.2294,6.2804,3.4171,19.0671,3.2028,10.3933,112.7818,0.0,10.0
4310.2,253.2863,76.4209,148.1922,2.6835,134.3441,19.0848,7.2301,6.2824,3.3563,18.5129,3.5245,10.4012,112.6984,0.0,10.0
4310.3,252.5773,76.3932,147.9615,2.6875,134.1202,19.283,7.2511,6.2947,3.3087,17.9554,3.8342,10.4142,112.7206,0.0,10.0
4310.4,251.6492,76.334,147.611,2.6898,134.2862,19.595,7.2966,6.3263,3.2923,17.5214,4.0519,10.3801,112.7957,0.0,10.0
4310.5,250.6525,76.2308,147.0851,2.6906,134.4271,19.8466,7.3696,6.3854,3.3023,17.2115,4.1816,10.4095,112.8952,0.0,10.0
4310.6,249.7243,76.0606,146.4832,2.6908,134.2157,19.8469,7.4646,6.4692,3.3388,17.0831,4.1972,10.4078,113.0114,0.0,10.0
4310.7,248.9548,75.8648,145.8835,2.6917,133.9954,19.6788,7.5689,6.5627,3.3907,17.0776,4.1294,10.3404,113.136,0.0,10.0
4310.8,248.3691,75.6547,145.3685,2.6938,134.4799,19.5182,7.665,6.6448,3.4569,17.1198,4.0158,10.3256,113.2582,0.0,10.0
4310.9,247.9682,75.4759,145.001,2.6973,135.9241,19.4814,7.7398,6.7022,3.5241,17.1338,3.8881,10.3417,113.3673,0.0,10.0
4311.0,247.7709,75.3291,144.7319,2.7018,137.0966,19.4622,7.7881,6.7325,3.5808,17.145,3.7049,10.3655,113.4548,0.0,10.0
4311.1,247.7828,75.2663,144.6303,2.7062,136.7956,19.3009,7.8115,6.7413,3.6328,17.2084,3.409,10.3266,113.515,0.0,10.0
4311.2,247.9925,75.2513,144.6088,2.709,134.8339,18.942,7.8176,6.7394,3.6819,17.2282,3.0956,10.3547,113.5461,0.0,10.0
4311.3,248.3908,75.2676,144.6329,2.7088,132.2974,18.5479,7.8149,6.7362,3.7288,17.1129,2.891,10.3681,113.5513,0.0,10.0
4311.4,248.9412,75.3263,144.6887,2.7058,130.3029,18.3118,7.8102,6.739,3.7667,16.8447,2.8362,10.3788,113.5383,0.0,10.0
4311.5,249.576,75.3832,144.7296,2.7011,129.2767,18.2982,7.8081,6.7496,3.7942,16.5428,2.8577,10.3723,113.5187,0.0,10.0
4311.6,250.2017,75.4362,144.7569,2.6971,128.8829,18.4054,7.8097,6.7626,3.8131,16.2907,2.8931,10.3655,113.5048,0.0,10.0
4311.7,250.6966,75.4623,144.7404,2.6962,128.7031,18.4991,7.816,6.7717,3.8174,16.0924,2.9652,10.3716,113.5046,0.0,10.0
4311.8,250.9666,75.4775,144.685,2.6993,129.0583,18.5656,7.8287,6.777,3.7959,15.8757,3.1275,10.3653,113.5184,0.0,10.0
4311.9,250.9565,75.4849,144.5994,2.7044,130.7943,18.6761,7.8495,6.785,3.7343,15.6998,3.423,10.3901,113.5386,0.0,10.0
4312.0,250.6821,75.5058,144.4983,2.7072,133.269,18.8672,7.8788,6.8018,3.6457,15.5835,3.7809,10.3791,113.5531,0.0,10.0
4312.1,250.2445,75.5364,144.4195,2.705,135.2087,19.1157,7.9129,6.8268,3.5273,15.3777,4.1909,10.3795,113.5522,0.0,10.0
4312.2,249.7373,75.5759,144.3611,2.6977,135.1648,19.3584,7.9444,6.8519,3.389,15.0983,4.595,10.3678,113.5349,0.0,10.0
4312.3,249.2297,75.6191,144.3415,2.689,133.5142,19.5579,7.9677,6.871,3.2552,14.7938,4.9673,10.3732,113.5084,0.0,10.0
4312.4,248.76,75.6553,144.3106,2.6819,131.5282,19.7289,7.9816,6.8842,3.1538,14.6278,5.2439,10.3694,113.4836,0.0,10.0
4312.5,248.3552,75.6838,144.2666,2.6779,130.8244,19.8974,7.9895,6.8964,3.0899,14.5394,5.4277,10.3547,113.4685,0.0,10.0
4312.6,248.0628,75.698,144.1759,2.6765,131.5735,20.0403,7.9925,6.9083,3.0423,14.4421,5.566,10.3385,113.4648,0.0,10.0
4312.7,247.9407,75.7232,144.1031,2.6768,132.7845,20.0861,7.9856,6.911,3.0038,14.3753,5.6666,10.3259,113.4675,0.0,10.0
4312.8,248.0262,75.7646,144.0581,2.6784,133.4662,19.9536,7.9609,6.8919,2.9811,14.375,5.7054,10.347,113.4678,0.0,10.0
4312.9,248.3356,75.8421,144.1483,2.6805,133.5142,19.6585,7.9146,6.8477,2.9801,14.4739,5.6443,10.3766,113.4563,0.0,10.0
4313.0,248.8388,75.9281,144.3278,2.6819,133.4599,19.3239,7.8494,6.7875,2.9898,14.6221,5.5246,10.3942,113.4266,0.0,10.0
4313.1,249.47,76.0215,144.6307,2.6818,133.4627,19.0857,7.776,6.7265,3.012,14.7867,5.3541,10.3837,113.3773,0.0,10.0
4313.2,250.2,76.0909,145.0389,2.6806,133.3192,19.0138,7.7062,6.6735,3.0545,14.9392,5.135,10.3437,113.3129,0.0,10.0
4313.3,250.9694,76.1458,145.4697,2.68,132.9376,19.0276,7.6507,6.632,3.1201,15.0646,4.8717,10.3621,113.2416,0.0,10.0
4313.4,251.6603,76.1795,145.9092,2.6809,132.5235,19.0412,7.6221,6.61,3.2049,15.1818,4.5617,10.3556,113.173,0.0,10.0
4313.5,252.1244,76.2091,146.2637,2.6838,132.4147,19.0247,7.6293,6.6183,3.2812,15.2508,4.292,10.3668,113.113,0.0,10.0
4313.6,252.2282,76.2586,146.5841,2.6877,132.3985,19.0202,7.6804,6.6668,3.339,15.3008,4.0737,10.3865,113.0611,0.0,10.0
4313.7,251.9794,76.362,146.8702,2.6916,132.2343,19.0405,7.7757,6.7556,3.3688,15.3333,3.9423,10.3423,113.0127,0.0,10.0
4313.8,251.4413,76.489,147.1457,2.6939,131.6803,19.0336,7.8938,6.8634,3.3672,15.3718,3.9147,10.3972,112.9626,0.0,10.0
4313.9,250.7069,76.6259,147.4069,2.694,131.0828,18.9556,8.0036,6.9615,3.3422,15.4443,3.9635,10.3716,112.9082,0.0,10.0
4314.0,249.935,76.77,147.6319,2.6918,130.8498,18.8368,8.0615,7.0126,3.3012,15.5315,4.0671,10.3156,112.8523,0.0,10.0
4314.1,249.3184,76.874,147.8094,2.6884,130.9143,18.7777,8.0367,6.9914,3.2535,15.6393,4.1799,10.3813,112.8005,0.0,10.0
4314.2,249.0672,76.9449,147.9547,2.6855,131.1788,18.8438,7.9283,6.8971,3.1987,15.7614,4.3377,10.3063,112.7588,0.0,10.0
4314.3,249.311,76.9425,148.0444,2.6837,132.0115,19.0111,7.7642,6.7511,3.1486,15.9785,4.5603,10.3343,112.7326,0.0,10.0
4314.4,249.9519,76.9064,148.102,2.6834,134.1989,19.2306,7.5973,6.598,3.1222,16.2881,4.8069,10.3376,112.7257,0.0,10.0
4314.5,250.803,76.8518,148.1189,2.6844,137.461,19.4775,7.4637,6.4723,3.1237,16.586,4.9856,10.3652,112.7407,0.0,10.0
4314.6,251.6257,76.7902,147.983,2.6862,140.2028,19.7542,7.3698,6.3847,3.1405,16.7374,5.0394,10.3392,112.7794,0.0,10.0
4314.7,252.2671,76.7306,147.6988,2.6886,140.9551,20.0372,7.3023,6.3282,3.164,16.7113,4.9976,10.3689,112.8398,0.0,10.0
4314.8,252.6527,76.6742,147.3076,2.6904,139.5685,20.2455,7.2485,6.2902,3.1976,16.6306,4.8962,10.322,112.9153,0.0,10.0
4314.9,252.7396,76.6372,146.7817,2.6906,137.5946,20.3242,7.2131,6.2702,3.2401,16.5907,4.761,10.3404,112.9952,0.0,10.0
4315.0,252.5986,76.6134,146.2736,2.6883,136.3506,20.2766,7.2078,6.2771,3.2782,16.6236,4.6177,10.3659,113.0681,0.0,10.0
4315.1,252.2824,76.6004,145.7863,2.6834,136.7426,20.1694,7.2314,6.3135,3.3099,16.6917,4.4556,10.3647,113.1268,0.0,10.0
4315.2,251.8483,76.6003,145.4671,2.6776,137.828,20.0847,7.2787,6.3748,3.3412,16.7709,4.2823,10.3654,113.1693,0.0,10.0
4315.3,251.3758,76.5962,145.2439,2.6725,138.3801,20.0334,7.3429,6.4455,3.3768,16.902,4.0705,10.3694,113.1996,0.0,10.0
4315.4,250.9147,76.5884,145.1108,2.6704,137.5049,19.9623,7.4175,6.5101,3.4132,17.0627,3.8433,10.3277,113.2244,0.0,10.0
4315.5,250.5085,76.5383,145.0523,2.6712,135.6688,19.8043,7.5011,6.5686,3.437,17.191,3.6583,10.3205,113.2499,0.0,10.0
4315.6,250.202,76.4688,144.9985,2.6742,133.7764,19.5398,7.5921,6.6303,3.4479,17.2406,3.5327,10.3276,113.2783,0.0,10.0
4315.7,250.0098,76.3777,144.9493,2.6778,132.8723,19.218,7.6842,6.702,3.4444,17.1827,3.482,10.3314,113.3073,0.0,10.0
4315.8,249.884,76.2898,144.9373,2.6806,132.8798,18.9489,7.7736,6.7805,3.4359,17.0844,3.4475,10.363,113.3313,0.0,10.0
4315.9,249.6864,76.2212,144.9403,2.6821,132.8581,18.7882,7.8619,6.864,3.4273,16.9274,3.4082,10.3609,113.3453,0.0,10.0
4316.0,249.287,76.1793,144.961,2.6819,131.8864,18.7131,7.9555,6.9552,3.4164,16.7926,3.348,10.3692,113.3478,0.0,10.0
4316.1,248.6168,76.218,144.967,2.6794,129.972,18.617,8.0593,7.0579,3.4053,16.6931,3.2694,10.3529,113.3412,0.0,10.0
4316.2,247.6884,76.2877,144.9605,2.6757,127.7268,18.4212,8.1744,7.1691,3.3965,16.6413,3.1963,10.3539,113.332,0.0,10.0
4316.3,246.6977,76.394,144.936,2.6732,125.9454,18.131,8.2941,7.2768,3.392,16.6273,3.1418,10.3255,113.328,0.0,10.0
4316.4,245.8565,76.4927,144.8874,2.6743,125.5641,17.849,8.4038,7.3668,3.3945,16.6804,3.101,10.3605,113.3343,0.0,10.0
4316.5,245.439,76.5695,144.8284,2.6784,126.4589,17.6767,8.4833,7.4231,3.3968,16.8386,3.0673,10.3169,113.3506,0.0,10.0
4316.6,245.477,76.6034,144.7567,2.683,128.1721,17.6477,8.5064,7.4277,3.4011,17.0255,3.0496,10.3799,113.3716,0.0,10.0
4316.7,245.8937,76.593,144.6873,2.6851,129.7912,17.7495,8.4756,7.385,3.4108,17.1113,3.0867,10.344,113.3901,0.0,10.0
4316.8,246.5127,76.5559,144.6291,2.6839,130.5064,17.9278,8.4006,7.3014,3.4281,17.0373,3.1767,10.3592,113.4007,0.0,10.0
4316.9,247.1222,76.4778,144.5988,2.6803,130.4102,18.1876,8.2961,7.1897,3.4515,16.8615,3.2977,10.3027,113.4025,0.0,10.0
4317.0,247.6491,76.4105,144.5996,2.676,130.2581,18.559,8.1811,7.0708,3.4682,16.5917,3.4876,10.3496,113.3994,0.0,10.0
4317.1,248.1135,76.359,144.6171,2.6733,130.7175,18.9818,8.0628,6.9557,3.469,16.2738,3.743,10.3607,113.3969,0.0,10.0
4317.2,248.5985,76.349,144.6569,2.6738,131.786,19.3493,7.9458,6.8511,3.4596,15.9444,4.0205,10.36,113.3987,0.0,10.0
4317.3,249.1482,76.3529,144.7025,2.678,133.1918,19.5376,7.8347,6.7577,3.4514,15.6875,4.2415,10.3137,113.4044,0.0,10.0
4317.4,249.761,76.3693,144.7407,2.6826,134.4839,19.5482,7.7342,6.6754,3.4576,15.5325,4.3523,10.3177,113.4092,0.0,10.0
4317.5,250.33,76.4158,144.733,2.6839,135.4405,19.463,7.6525,6.6106,3.474,15.4651,4.3814,10.3501,113.4086,0.0,10.0
4317.6,250.7068,76.4728,144.6889,2.68,136.2724,19.3362,7.6026,6.5759,3.4967,15.545,4.3129,10.2864,113.4023,0.0,10.0
4317.7,250.776,76.5358,144.6207,2.6736,137.1196,19.1655,7.5935,6.5774,3.5277,15.7009,4.1777,10.3263,113.3959,0.0,10.0
4317.8,250.5088,76.6026,144.5192,2.6691,137.5652,18.9471,7.63,6.6138,3.5775,15.9006,3.9744,10.3254,113.398,0.0,10.0
4317.9,250.1197,76.6693,144.42,2.6693,137.1486,18.7198,7.6997,6.6703,3.6595,16.1376,3.6837,10.3228,113.4146,0.0,10.0
4318.0,249.8419,76.7336,144.3182,2.6743,135.7025,18.5574,7.7719,6.7227,3.7409,16.4174,3.3931,10.3452,113.445,0.0,10.0
4318.1,249.9573,76.7743,144.1728,2.6807,133.7207,18.4783,7.8207,6.7522,3.7927,16.7174,3.1817,10.3147,113.4808,0.0,10.0
4318.2,250.5162,76.7871,144.0959,2.6857,132.1274,18.4501,7.824,6.744,3.7973,16.9626,3.1138,10.3273,113.5108,0.0,10.0
4318.3,251.4589,76.777,144.0749,2.6869,132.1137,18.3995,7.7882,6.7059,3.7304,17.2862,3.2225,10.3427,113.5275,0.0,10.0
4318.4,252.6343,76.7384,144.107,2.6851,133.4067,18.2858,7.7252,6.6513,3.6318,17.7006,3.3792,10.329,113.531,0.0,10.0
4318.5,253.7851,76.6914,144.1302,2.6801,135.4034,18.1308,7.6527,6.5984,3.5245,18.1967,3.5059,10.3473,113.5278,0.0,10.0
4318.6,254.7059,76.6361,144.1448,2.6776,137.1188,18.042,7.5905,6.5609,3.4442,18.6146,3.5428,10.3131,113.5262,0.0,10.0
4318.7,255.2156,76.5901,144.1733,2.6794,137.8341,18.0925,7.5532,6.5459,3.3859,18.9547,3.4952,10.3421,113.5309,0.0,10.0
4318.8,255.1452,76.5643,144.2032,2.6838,137.5069,18.3087,7.5647,6.5685,3.3306,19.1928,3.4525,10.3146,113.5416,0.0,10.0
4318.9,254.3853,76.5619,144.2344,2.6869,136.5023,18.656,7.65,6.6476,3.2925,19.304,3.3929,10.2806,113.5551,0.0,10.0
4319.0,252.9014,76.5873,144.2621,2.6896,135.2914,18.9898,7.8211,6.7945,3.2575,19.1925,3.396,10.3244,113.5691,0.0,10.0
4319.1,250.9881,76.6101,144.2685,2.6915,133.7854,19.2337,8.0673,7.003,3.2188,18.8148,3.5077,10.3348,113.5846,0.0,10.0
4319.2,249.1839,76.6269,144.2453,2.6921,131.9286,19.3784,8.3348,7.228,3.1728,18.2306,3.7213,10.2651,113.6053,0.0,10.0
4319.3,247.9881,76.5965,144.0949,2.6936,130.01,19.459,8.5634,7.4144,3.1334,17.6317,3.9796,10.2928,113.6351,0.0,10.0
4319.4,247.8634,76.5301,143.8844,2.693,128.786,19.5554,8.7099,7.5229,3.1121,17.1688,4.2059,10.3494,113.6744,0.0,10.0
4319.5,248.8581,76.4114,143.5972,2.691,129.1383,19.7349,8.7472,7.5337,3.1032,16.8524,4.4197,10.2642,113.7182,0.0,10.0
4319.6,250.9181,76.2577,143.3111,2.6927,131.0203,19.924,8.687,7.465,3.0946,16.6227,4.6412,10.3618,113.7569,0.0,10.0
4319.7,253.8934,76.1118,143.0624,2.6883,133.0218,20.0828,8.5536,7.3436,3.0846,16.4561,4.8396,10.3198,113.7817,0.0,10.0
4319.8,257.1372,75.9966,142.8924,2.6753,134.0781,20.1927,8.3971,7.2096,3.0792,16.3752,4.9714,10.3409,113.7878,0.0,10.0
4319.9,260.0146,75.9203,142.8591,2.6682,134.1344,20.2185,8.2819,7.1066,3.0895,16.2879,5.078,10.2926,113.777,0.0,10.0
4320.0,262.0866,75.8373,142.8388,2.6619,134.4571,20.1836,8.2435,7.0604,3.1057,16.1067,5.2431,10.3232,113.7555,0.0,10.0
4320.1,263.4945,75.7097,142.76,2.6549,135.9814,20.1118,8.2809,7.0767,3.1296,15.8235,5.4536,10.3174,113.73,0.0,10.0
4320.2,264.6285,75.5113,142.7287,2.645,138.6884,20.005,8.3519,7.1283,3.1663,15.509,5.6229,10.3121,113.7045,0.0,10.0
4320.3,265.6946,75.2812,142.7694,2.6377,141.2643,19.8943,8.4263,7.1897,3.207,15.32,5.6669,10.331,113.6773,0.0,10.0
4320.4,266.6065,75.0236,143.004,2.6403,142.912,19.7745,8.4938,7.2471,3.2538,15.2333,5.6052,10.2696,113.642,0.0,10.0
4320.5,267.1747,74.8186,143.4304,2.641,143.5834,19.6463,8.5471,7.2926,3.2955,15.2397,5.479,10.3104,113.5935,0.0,10.0
4320.6,267.2346,74.6602,143.9492,2.6398,143.7922,19.5384,8.5748,7.3206,3.3322,15.3001,5.3202,10.293,113.5336,0.0,10.0
4320.7,266.6289,74.6143,144.5154,2.6408,143.6714,19.4442,8.5662,7.327,3.3531,15.6131,5.1033,10.2849,113.473,0.0,10.0
4320.8,265.2845,74.6133,144.9805,2.6467,143.0362,19.2717,8.5278,7.3149,3.3504,15.8938,4.8463,10.2914,113.4251,0.0,10.0
4320.9,263.1542,74.6335,145.3507,2.6535,141.6288,18.9718,8.4806,7.2931,3.3164,16.4555,4.5341,10.3249,113.3976,0.0,10.0
4321.0,260.3181,74.6337,145.442,2.6596,139.4916,18.7176,8.4433,7.2681,3.2476,17.1696,4.1969,10.2965,113.3908,0.0,10.0
4321.1,257.1843,74.624,145.4622,2.6634,136.9154,18.68,8.4293,7.2464,3.1557,17.9007,3.8921,10.2555,113.3985,0.0,10.0
4321.2,254.1168,74.6089,145.4334,2.6653,134.5344,18.842,8.4491,7.2436,3.0736,18.3953,3.6979,10.2836,113.4134,0.0,10.0
4321.3,251.3451,74.6058,145.3778,2.6662,132.8461,19.0301,8.5181,7.2835,3.0275,18.5528,3.6486,10.2654,113.4292,0.0,10.0
4321.4,248.9051,74.6201,145.3165,2.6662,131.9561,19.1625,8.6571,7.393,3.0066,18.4171,3.7068,10.2801,113.4421,0.0,10.0
4321.5,246.8323,74.6494,145.2514,2.6658,131.553,19.2511,8.8548,7.562,2.9961,18.1082,3.8464,10.2826,113.4507,0.0,10.0
4321.6,245.3531,74.7185,145.2096,2.665,131.0228,19.3384,9.0761,7.7537,2.984,17.766,4.0092,10.3385,113.4551,0.0,10.0
4321.7,244.6477,74.7899,145.193,2.665,130.382,19.3902,9.2683,7.9084,2.9758,17.4582,4.1649,10.3366,113.4558,0.0,10.0
4321.8,244.7162,74.8638,145.2008,2.6661,130.1987,19.3096,9.3837,7.9805,2.9701,17.255,4.2868,10.2376,113.4533,0.0,10.0
4321.9,245.4522,74.9126,145.2486,2.6671,130.6624,19.1056,9.3937,7.956,2.9622,17.1876,4.3832,10.2731,113.4478,0.0,10.0
4322.0,246.6361,74.9495,145.3006,2.6675,131.2152,18.8798,9.2776,7.8366,2.9513,17.2841,4.4351,10.2467,113.4389,0.0,10.0
4322.1,247.9982,74.9729,145.357,2.6668,131.1662,18.7702,9.0462,7.6441,2.9362,17.5895,4.4168,10.2682,113.4261,0.0,10.0
4322.2,249.3021,74.9733,145.3998,2.6663,130.8417,18.8153,8.7417,7.4121,2.9309,18.0878,4.3023,10.3,113.4086,0.0,10.0
4322.3,250.3108,74.9668,145.4353,2.6632,130.9521,18.9694,8.4196,7.1735,2.9409,18.704,4.0882,10.2772,113.3866,0.0,10.0
4322.4,250.8989,74.9529,145.4615,2.6575,131.9087,19.2113,8.1372,6.9589,2.9633,19.3004,3.8377,10.2556,113.3619,0.0,10.0
4322.5,251.0947,74.9389,145.4784,2.6531,133.3038,19.5524,7.9274,6.788,2.9893,19.7182,3.6271,10.2752,113.3384,0.0,10.0
4322.6,251.049,74.9227,145.4929,2.6488,134.4063,19.9576,7.7943,6.667,3.0152,19.9246,3.4834,10.2625,113.3211,0.0,10.0
4322.7,250.9788,74.9027,145.5051,2.6458,134.6031,20.2985,7.7219,6.5896,3.0552,19.9329,3.3713,10.2382,113.3137,0.0,10.0
4322.8,251.027,74.9035,145.5129,2.648,133.6667,20.374,7.6807,6.5409,3.1105,19.7774,3.2563,10.269,113.3155,0.0,10.0
4322.9,251.2233,74.9342,145.527,2.6526,132.1315,20.1863,7.6491,6.5096,3.1644,19.5112,3.1678,10.2472,113.3194,0.0,10.0
4323.0,251.4955,75.021,145.5562,2.6586,130.6158,19.8985,7.6222,6.4918,3.2083,19.1679,3.1424,10.269,113.3152,0.0,10.0
4323.1,251.7309,75.164,145.6276,2.6565,130.2338,19.7742,7.6044,6.4866,3.2333,18.7855,3.2044,10.2456,113.2955,0.0,10.0
4323.2,251.8172,75.3339,145.7344,2.6538,131.0502,19.8449,7.6024,6.4948,3.2519,18.4177,3.3,10.2802,113.2609,0.0,10.0
4323.3,251.6748,75.5366,145.9075,2.6478,132.4324,19.9638,7.6213,6.519,3.2654,18.0858,3.3831,10.2751,113.2202,0.0,10.0
4323.4,251.2999,75.7242,146.0862,2.6495,133.5765,19.9051,7.6602,6.5581,3.2773,17.7695,3.4661,10.2818,113.1846,0.0,10.0
4323.5,250.7586,75.8879,146.245,2.6532,133.9386,19.6387,7.7142,6.6064,3.2973,17.4058,3.5622,10.2899,113.1619,0.0,10.0
4323.6,250.1832,75.9853,146.3265,2.6576,133.3853,19.2882,7.7789,6.6564,3.3168,16.9725,3.696,10.2453,113.1548,0.0,10.0
4323.7,249.7076,76.0484,146.3349,2.6605,132.1172,19.0249,7.8463,6.7008,3.3399,16.535,3.8188,10.2439,113.1621,0.0,10.0
4323.8,249.4072,76.0949,146.302,2.6636,131.0762,18.9168,7.9032,6.7351,3.3836,16.208,3.8344,10.2691,113.1817,0.0,10.0
4323.9,249.2961,76.135,146.2237,2.6663,131.0176,18.9084,7.9365,6.7564,3.4574,16.0239,3.7331,10.2285,113.2122,0.0,10.0
4324.0,249.3314,76.1623,146.0646,2.6687,132.0147,18.9095,7.9387,6.7608,3.5528,15.9587,3.5428,10.2432,113.2523,0.0,10.0
4324.1,249.4709,76.1737,145.8383,2.6687,133.1818,18.8463,7.9138,6.7466,3.6276,15.9584,3.3703,10.2702,113.3008,0.0,10.0
4324.2,249.7119,76.1213,145.4474,2.6672,133.5806,18.7229,7.8697,6.7155,3.6816,15.983,3.2358,10.2331,113.3561,0.0,10.0
4324.3,250.0488,76.0426,144.9971,2.664,133.2244,18.594,7.8114,6.673,3.7136,16.0268,3.1547,10.2372,113.4147,0.0,10.0
4324.4,250.4431,75.9459,144.5162,2.6558,133.1358,18.5528,7.7447,6.6271,3.7226,16.0933,3.1252,10.2507,113.4708,0.0,10.0
4324.5,250.8373,75.8427,144.1455,2.6515,133.7809,18.6316,7.6782,6.5819,3.7072,16.1809,3.1377,10.2713,113.5144,0.0,10.0
4324.6,251.1745,75.7569,143.9428,2.6525,134.5625,18.7997,7.6235,6.5371,3.6672,16.2693,3.1931,10.2792,113.5343,0.0,10.0
4324.7,251.4317,75.6882,143.8859,2.6494,134.576,18.978,7.5888,6.4958,3.6048,16.3016,3.3208,10.2706,113.5216,0.0,10.0
4324.8,251.6104,75.7171,144.1617,2.6459,134.0183,19.1201,7.5734,6.4668,3.531,16.2587,3.5032,10.2362,113.4743,0.0,10.0
4324.9,251.7316,75.7742,144.5057,2.6415,133.396,19.2339,7.5755,6.4631,3.4514,16.1665,3.7244,10.2946,113.398,0.0,10.0
4325.0,251.8423,75.8594,144.9169,2.6368,132.9617,19.317,7.5922,6.4899,3.3724,16.1044,3.9464,10.2257,113.304,0.0,10.0
4325.1,252.0063,75.946,145.2911,2.6311,132.6113,19.3385,7.6172,6.5345,3.2961,16.1252,4.1419,10.2521,113.206,0.0,10.0
4325.2,252.2912,76.0352,145.5928,2.6253,132.3187,19.2704,7.6422,6.5764,3.231,16.2043,4.3154,10.1551,113.116,0.0,10.0
4325.3,252.7291,76.1275,145.8089,2.6197,132.2039,19.1255,7.6566,6.5968,3.1834,16.2714,4.4701,10.163,113.0416,0.0,10.0
4325.4,253.2996,76.2511,145.8822,2.6143,132.4916,18.9854,7.6548,6.5903,3.1516,16.2707,4.6341,10.2072,112.986,0.0,10.0
4325.5,253.9393,76.3711,145.9239,2.6117,133.2968,18.9038,7.6391,6.5652,3.1355,16.1985,4.7956,10.2461,112.9477,0.0,10.0
4325.6,254.5549,76.4824,145.935,2.6115,134.7184,18.8629,7.6163,6.5372,3.1395,16.0332,4.95,10.2369,112.9216,0.0,10.0
4325.7,255.0859,76.5691,146.0002,2.6115,136.5019,18.8014,7.5943,6.5198,3.1632,15.75,5.1114,10.2383,112.9017,0.0,10.0
4325.8,255.5424,76.6323,146.0905,2.6115,137.9945,18.7042,7.5781,6.515,3.185,15.3914,5.2663,10.1932,112.882,0.0,10.0
4325.9,255.9918,76.6596,146.2124,2.6115,138.6444,18.5858,7.5692,6.5179,3.1992,15.031,5.388,10.2397,112.859,0.0,10.0
4326.0,256.5154,76.7156,146.3467,2.6115,138.2675,18.4534,7.568,6.5232,3.2128,14.7557,5.4319,10.2417,112.8307,0.0,10.0
4326.1,257.1757,76.8199,146.4862,2.6115,137.5834,18.3271,7.5766,6.5298,3.2273,14.6033,5.4051,10.2787,112.7945,0.0,10.0
4326.2,258.0363,77.0186,146.6316,2.6115,137.1092,18.2713,7.6028,6.5458,3.2432,14.5989,5.3085,10.2421,112.7477,0.0,10.0
4326.3,259.144,77.3219,146.8055,2.61,136.9796,18.417,7.6553,6.5841,3.2589,14.8022,5.1144,10.232,112.6896,0.0,10.0
4326.4,260.5417,77.6464,146.9878,2.6072,136.6335,18.7554,7.7326,6.65,3.2862,15.1811,4.8242,10.2086,112.6236,0.0,10.0
4326.5,262.1848,77.9507,147.1721,2.6017,135.6102,19.1758,7.8302,6.7445,3.3325,15.6722,4.4576,10.2153,112.5589,0.0,10.0
4326.6,263.841,78.1718,147.2992,2.5981,134.072,19.4463,7.9404,6.8605,3.3873,16.1426,4.1059,10.212,112.5057,0.0,10.0
4326.7,265.2625,78.3482,147.3836,2.5978,132.8702,19.4349,8.0537,6.9791,3.4355,16.4743,3.8498,10.2564,112.4704,0.0,10.0
4326.8,266.3298,78.4689,147.3858,2.6001,132.3707,19.1671,8.1646,7.0855,3.4677,16.6198,3.7224,10.2135,112.4532,0.0,10.0
4326.9,267.1291,78.6415,147.3117,2.6016,132.4342,18.7394,8.271,7.1744,3.48,16.5671,3.7401,10.2253,112.4476,0.0,10.0
4327.0,267.8463,78.8844,147.1938,2.6033,132.524,18.2825,8.3744,7.2539,3.4831,16.3857,3.8437,10.2271,112.442,0.0,10.0
4327.1,268.6447,79.3625,147.0277,2.605,132.4931,17.9,8.4777,7.333,3.4718,16.1626,4.0189,10.2418,112.423,0.0,10.0
4327.2,269.694,80.1957,146.9047,2.6069,132.7037,17.7276,8.5827,7.4164,3.4422,15.965,4.2406,10.1921,112.3794,0.0,10.0
4327.3,271.1339,81.2705,146.817,2.61,133.8004,17.8754,8.6899,7.5047,3.3814,15.8287,4.5413,10.1886,112.305,0.0,10.0
4327.4,273.0381,82.6753,146.8135,2.6128,135.8288,18.2863,8.8006,7.5969,3.3001,15.7512,4.8775,10.2039,112.2016,0.0,10.0
4327.5,275.3253,84.0549,146.8661,2.6146,138.2677,18.8283,8.9162,7.6949,3.2106,15.7284,5.2302,10.2314,112.0779,1.1534,183.3794
4327.6,277.6906,85.3835,146.9595,2.615,140.4222,19.3405,9.0368,7.7998,3.1233,15.7422,5.5672,10.1666,111.9481,1.2737,183.2291
4327.7,279.8818,86.2698,147.0865,2.6128,142.4258,19.7649,9.1573,7.9076,3.0347,15.7502,5.9161,10.2199,111.8295,1.3983,184.0092
4327.8,281.7234,86.8354,147.1795,2.6086,144.4591,20.0885,9.2695,8.0097,2.9382,15.733,6.3057,10.1887,111.7356,1.5375,185.5584
4327.9,283.1958,87.1284,147.2425,2.6082,146.3343,20.2156,9.36,8.0924,2.8533,15.7069,6.6262,10.2367,111.6709,1.6519,185.6924
4328.0,284.2553,87.1166,147.2179,2.6046,147.5174,20.096,9.4177,8.1461,2.7863,15.724,6.8557,10.2139,111.6313,1.7339,186.9954
4328.1,284.7651,87.113,147.1743,2.5981,147.5365,19.7492,9.4277,8.1565,2.7393,15.8306,6.9347,10.2273,111.6079,1.7621,189.3555
4328.2,284.6991,87.1177,147.1119,2.5962,146.0706,19.3188,9.3764,8.109,2.7096,16.0663,6.8886,10.2059,111.5919,1.7456,190.0568
4328.3,284.1568,87.1335,147.051,2.5962,143.8583,18.99,9.2821,8.0192,2.6995,16.3822,6.7404,10.2243,111.5773,1.6927,190.0336
4328.4,283.3372,87.1539,147.0182,2.5913,141.8882,18.8136,9.175,7.9143,2.7189,16.7229,6.5219,10.2523,111.5358,1.6147,191.813
4328.5,282.5751,87.1795,147.0193,2.5816,140.8787,18.7563,9.0889,7.8235,2.7712,17.0409,6.2579,10.1864,111.4172,1.5204,195.3632
4328.6,282.1469,87.0732,147.0301,2.5816,140.9111,18.7586,9.0342,7.7586,2.8472,17.3325,5.9691,10.2108,111.1791,1.4173,195.3632
4328.7,282.2399,86.8016,147.0211,2.5816,141.6357,18.8023,8.9928,7.7095,2.9386,17.5952,5.6704,10.2005,110.8544,1.3106,195.3632
4328.8,282.8987,86.3004,146.9817,2.5831,142.7153,18.866,8.9489,7.6703,3.0205,17.8007,5.4283,10.2204,110.5667,1.2241,194.7944
4328.9,283.9229,85.4187,146.9454,2.5868,144.0477,18.8986,8.9121,7.6526,3.085,17.9179,5.2703,10.1999,110.4742,1.1677,193.4738
4329.0,285.0233,84.4223,146.9269,2.5911,145.6653,18.88,8.9064,7.67,3.1233,17.9567,5.1969,10.2229,110.6412,1.1415,191.8871
4329.1,285.6838,83.3125,146.9395,2.5956,147.5527,18.823,8.9335,7.7119,3.1455,17.9267,5.1695,10.1693,111.0069,1.1317,190.2395
4329.2,285.5477,82.4043,147.015,2.6031,148.8876,18.7492,8.9506,7.7324,3.1554,17.7886,5.1758,10.2263,111.4326,1.134,187.5335
4329.3,284.4417,81.6876,147.1082,2.6088,148.7892,18.6708,8.9177,7.7017,3.1581,17.4634,5.2192,10.212,111.8057,1.1495,185.4809
4329.4,282.2943,81.3109,147.2131,2.6131,146.9975,18.5852,8.8355,7.6269,3.1642,16.9394,5.2928,10.1978,112.0815,1.1758,183.8955
4329.5,279.4304,81.2149,147.2763,2.6215,143.6764,18.4818,8.7358,7.5392,3.1894,16.3218,5.3498,10.2067,112.2689,1.1961,180.8394
4329.6,276.0988,81.2185,147.3193,2.6327,140.0226,18.3678,8.6355,7.4527,3.2435,15.8027,5.3418,10.1915,112.3827,1.1933,176.7605
4329.7,272.6228,81.2847,147.3374,2.6398,136.888,18.2681,8.5074,7.3451,3.3173,15.4463,5.2574,10.1966,112.4359,1.1631,174.1973
4329.8,269.3923,81.3348,147.3638,2.6413,135.3618,18.232,8.3142,7.1878,3.4213,15.2246,5.0886,10.2085,112.4379,1.1029,173.6447
4329.9,266.7822,81.3722,147.3906,2.6413,135.7705,18.2804,8.0783,6.9983,3.5466,15.0706,4.8643,10.1887,112.4038,1.0227,173.6447
4330.0,265.1678,81.3836,147.4081,2.6413,137.4979,18.3874,7.8473,6.8113,3.6816,14.9843,4.5986,10.2147,112.3536,0.9279,173.6447
4330.1,264.6783,81.3923,147.4271,2.6413,139.2422,18.4726,7.6626,6.658,3.7869,14.9622,4.3523,10.1881,112.3063,0.8399,173.6447
4330.2,265.0883,81.4022,147.4448,2.6413,139.6641,18.4751,7.5285,6.5458,3.851,14.9786,4.1578,10.2106,112.2717,0.7704,173.6447
4330.3,266.0791,81.4246,147.4518,2.6413,138.8954,18.4349,7.4403,6.4719,3.8896,14.9996,4.0014,10.1923,112.2505,0.7146,173.6447
4330.4,267.0871,81.4534,147.4377,2.6399,138.0162,18.4241,7.4102,6.4425,3.9086,15.0159,3.8952,10.2071,112.2384,0.6767,174.1541
4330.5,267.6335,81.4833,147.4086,2.6379,137.6694,18.435,7.4463,6.4632,3.9018,15.0394,3.8327,10.2054,112.2329,0.6544,174.8815
4330.6,267.5274,81.4947,147.354,2.6362,137.4283,18.3722,7.5275,6.5219,3.8568,15.0693,3.8398,10.2013,112.2338,0.6569,175.5314
4330.7,266.8452,81.4817,147.2941,2.635,136.6783,18.1719,7.6248,6.6019,3.7844,15.0944,3.9137,10.2233,112.2413,0.6833,175.9356
4330.8,266.0462,81.4505,147.2317,2.6329,135.5349,17.9011,7.7059,6.6823,3.7089,15.1091,4.0272,10.1822,112.2525,0.7238,176.6992
4330.9,265.5645,81.401,147.1874,2.6291,134.6938,17.7366,7.7613,6.7496,3.6472,15.126,4.1455,10.2055,112.2627,0.7661,178.0943
4331.0,266.0013,81.3616,147.1605,2.626,134.588,17.784,7.7988,6.8014,3.605,15.1735,4.2324,10.1968,112.2662,0.7971,179.2271
4331.1,267.5932,81.3314,147.1485,2.6233,135.4527,18.0273,7.8394,6.8482,3.5787,15.2987,4.2813,10.2207,112.2565,0.8145,180.2185
4331.2,270.3044,81.337,147.1477,2.6198,136.9637,18.2775,7.9005,6.9057,3.5721,15.4739,4.2927,10.2202,112.2271,0.8186,181.4871
4331.3,273.8742,81.3703,147.1644,2.6154,138.8251,18.4443,7.9844,6.9777,3.5873,15.6388,4.2714,10.2027,112.17,0.811,183.0706
4331.4,277.648,81.4318,147.1989,2.611,140.3343,18.5515,8.082,7.0593,3.6267,15.7223,4.2188,10.1889,112.0719,0.7922,184.654
4331.5,281.1165,81.6004,147.3962,2.6067,140.8379,18.6995,8.1847,7.1485,3.6863,15.7363,4.14,10.2111,111.9183,0.7641,186.2503
4331.6,283.9477,81.8694,147.7109,2.6034,140.1797,18.9119,8.2994,7.2526,3.7501,15.7065,4.0656,10.236,111.6981,0.7375,187.4349
4331.7,286.0123,82.2587,148.1646,2.6042,138.7185,19.097,8.4424,7.3798,3.8058,15.5982,4.0407,10.1952,111.41,0.7286,187.1428
4331.8,287.3971,82.8907,148.7929,2.6096,137.6231,19.1099,8.611,7.5211,3.8361,15.3051,4.1439,10.2112,111.0657,0.7655,185.1911
4331.9,288.1697,83.6103,149.4282,2.6171,137.8617,18.9117,8.7777,7.6552,3.8253,14.7989,4.4733,10.2324,110.7145,0.8831,182.4436
4332.0,288.4645,84.4313,150.0525,2.6252,139.6949,18.5724,8.9052,7.7545,3.7787,14.183,4.9482,10.2376,110.4443,1.0527,179.4951
4332.1,288.4919,85.2102,150.4263,2.6308,142.1591,18.2438,8.9647,7.7961,3.717,13.6759,5.4197,10.2266,110.3571,1.2211,177.4754
4332.2,288.3642,85.8906,150.6407,2.6316,144.0759,18.0286,8.9598,7.7818,3.664,13.3655,5.7505,10.2102,110.491,1.3392,177.2017
4332.3,288.1472,86.4001,150.6269,2.6274,144.7074,17.9727,8.902,7.7205,3.6173,13.2174,5.9825,10.2248,110.7813,1.422,178.7292
4332.4,287.9249,86.6598,150.4541,2.6215,143.899,18.0692,8.8177,7.6364,3.5655,13.1626,6.1815,10.2288,111.0909,1.4931,180.8384
4332.5,287.7589,86.8112,150.2451,2.6188,142.7484,18.2029,8.7496,7.5675,3.5196,13.1891,6.3019,10.2218,111.3179,1.5361,181.8471
4332.6,287.6884,86.8337,150.0288,2.6209,142.189,18.2595,8.7306,7.5441,3.4864,13.3149,6.3281,10.2079,111.4408,1.5454,181.0797
4332.7,287.7062,86.8045,149.8986,2.627,142.6109,18.1307,8.7859,7.5943,3.4656,13.5294,6.2633,10.2632,111.5021,1.5223,178.8551
4332.8,287.8156,86.7624,149.8201,2.6335,143.3317,17.8754,8.8788,7.6891,3.4509,13.7499,6.1645,10.2162,111.5427,1.487,176.507
4332.9,288.0109,86.7256,149.8215,2.6385,143.8291,17.6067,8.9627,7.7878,3.4329,13.9185,6.0777,10.2409,111.5767,1.4561,174.6702
4333.0,288.1971,86.7267,149.8374,2.6417,143.5596,17.4937,8.9836,7.8302,3.4154,13.9996,6.0215,10.2414,111.5975,1.436,173.5246
4333.1,288.2445,86.7681,149.8655,2.6435,142.3109,17.5945,8.9358,7.7962,3.3943,13.9903,6.0156,10.2109,111.6019,1.4339,172.8468
4333.2,288.0643,86.911,149.92,2.6444,140.2869,17.8557,8.8446,7.7063,3.3605,13.9006,6.0744,10.2427,111.5893,1.4549,172.5175
4333.3,287.7057,87.121,150.0262,2.6445,138.2585,18.1619,8.7467,7.6031,3.3247,13.7753,6.1613,10.2365,111.5611,1.4859,172.5074
4333.4,287.3047,87.3463,150.175,2.6438,137.3898,18.3859,8.6797,7.5369,3.3021,13.6987,6.244,10.2316,111.521,1.5154,172.7648
4333.5,286.9519,87.487,150.4222,2.6424,138.1761,18.4823,8.6671,7.5343,3.2865,13.7135,6.3239,10.2441,111.4755,1.544,173.2658
4333.6,286.6682,87.5197,150.6897,2.6403,140.1743,18.4643,8.7279,7.6084,3.2519,13.8056,6.4228,10.2464,111.4322,1.5793,174.0234
4333.7,286.4487,87.4811,150.9437,2.6376,141.8865,18.3935,8.86,7.747,3.2001,13.925,6.5326,10.2702,111.3975,1.6185,175.0193
4333.8,286.3115,87.3681,150.9992,2.6342,142.4997,18.3376,9.0302,7.9126,3.1532,14.0419,6.6233,10.262,111.376,1.6509,176.241
4333.9,286.3001,87.221,150.9401,2.63,142.4869,18.3237,9.2031,8.0714,3.1173,14.1554,6.7207,10.237,111.3685,1.6857,177.757
4334.0,286.4185,87.0471,150.8021,2.625,143.3122,18.436,9.3406,8.1925,3.0677,14.241,6.8822,10.2467,111.3724,1.7433,188.3265
4334.1,286.66,86.8304,150.6837,2.6202,145.3168,18.6337,9.4343,8.2741,3.0076,14.2736,7.114,10.2288,111.3832,1.8261,190.0774
4334.2,287.0202,86.6296,150.6288,2.6167,147.6787,18.8214,9.4904,8.3224,2.9553,14.2513,7.3432,10.3085,111.3964,1.9079,191.3128
4334.3,287.4738,86.4451,150.6264,2.6156,149.2851,18.8905,9.5186,8.3404,2.9212,14.2094,7.5247,10.2927,111.4099,1.9728,191.713
4334.4,288.0014,86.4325,150.5207,2.615,149.9078,18.826,9.5364,8.3432,2.9004,14.1743,7.65,10.2819,111.4233,2.0175,191.9269
4334.5,288.6085,86.5069,150.2724,2.6128,149.5184,18.6749,9.5564,8.3453,2.8775,14.1457,7.778,10.2862,111.4361,2.0632,192.7198
4334.6,289.29,86.6715,149.8766,2.6077,148.2123,18.5071,9.5967,8.3673,2.8445,14.1128,7.9394,10.305,111.4462,2.1209,194.5682
4334.7,290.0021,86.9463,149.4099,2.6017,146.6451,18.3372,9.6663,8.4205,2.8009,14.0698,8.1237,10.2989,111.451,2.1867,196.7382
4334.8,290.6629,87.2666,149.041,2.5976,145.4706,18.1426,9.7654,8.504,2.7511,14.0011,8.3189,10.3209,111.4507,2.2564,198.2101
4334.9,291.1752,87.6393,148.7976,2.5976,145.4522,17.9359,9.8942,8.6152,2.7031,13.8908,8.5157,10.2991,111.4506,2.3267,198.1824
4335.0,291.4844,87.9761,148.7621,2.6012,146.806,17.7749,10.0602,8.76,2.6582,13.763,8.7075,10.2556,111.4614,2.3952,196.9023
4335.1,291.5531,88.1751,148.6407,2.6057,148.7066,17.7056,10.2906,8.97,2.6231,13.6658,8.8498,10.2909,111.4965,2.446,195.2624
4335.2,291.2919,88.1676,148.3608,2.6095,149.9963,17.7772,10.6399,9.3059,2.6005,13.6557,8.904,10.3136,111.5653,2.4653,193.9233
4335.3,290.6323,87.8167,147.8737,2.616,149.8391,18.0584,11.0829,9.7384,2.5928,13.7612,8.8492,10.3027,111.6654,2.4458,191.5738
4335.4,289.6159,87.39,147.4901,2.6257,148.344,18.5628,11.3869,10.0319,2.5911,13.939,8.7389,10.2876,111.7781,2.4064,188.0711
4335.5,288.4983,86.9162,147.3574,2.6351,146.1923,19.2047,11.2034,9.8519,2.5909,14.1814,8.6147,10.2954,111.8437,2.362,184.6919
4335.6,287.6517,86.7043,147.8289,2.6439,144.9859,19.6444,10.1907,8.8978,2.6076,14.6336,8.388,10.3184,111.7709,2.2811,181.5403
4335.7,287.2873,86.6453,148.4735,2.6521,145.8066,19.554,8.5719,7.4111,2.6552,15.3826,7.9768,10.3123,111.4835,2.1342,178.5674
4335.8,287.3633,86.8126,149.2207,2.6604,148.8264,18.8546,6.7476,5.7806,2.7297,16.3609,7.4308,10.2891,110.9968,1.9392,175.5914
4335.9,287.6275,86.9942,149.5533,2.6698,152.526,17.8188,5.2841,4.5252,2.8069,17.3486,6.8799,10.2736,110.4371,1.7425,172.2025
4336.0,287.8092,87.1428,149.6055,2.678,154.2782,17.0002,4.3831,3.7943,2.8794,18.2289,6.3283,10.2412,109.9849,1.5455,169.2608
4336.1,287.7068,87.1802,149.1806,2.6815,152.9569,16.6807,4.0134,3.541,2.9469,19.0242,5.7432,10.2448,109.7445,1.3366,167.9883
4336.2,287.1868,87.0889,148.4368,2.6773,149.3617,16.9209,4.2164,3.7947,2.9997,19.6787,5.2125,10.2862,109.7003,1.1471,169.5151
4336.3,286.2549,86.9447,147.6013,2.6723,145.9916,17.3817,4.9935,4.5492,3.0301,20.0968,4.8773,10.2912,109.7521,1.0274,171.3055
4336.4,285.0964,86.7831,146.8727,2.6557,143.9662,17.7333,6.2711,5.7248,3.0413,20.2628,4.7096,10.3238,109.8018,0.9675,177.2752
4336.5,284.0763,86.6872,146.5086,2.6235,143.1946,17.762,7.7706,7.0564,3.052,20.2295,4.5948,10.3251,109.8021,0.9265,188.8799
4336.6,283.52,86.6337,146.3857,2.6016,142.3825,17.558,9.0097,8.1173,3.0624,20.0383,4.5108,10.3273,109.7606,0.8965,196.758
4336.7,283.5108,86.6412,146.6409,2.5922,141.0442,17.3623,9.7297,8.6943,3.0739,19.709,4.504,10.3123,109.7023,0.8941,200.1544
4336.8,283.9278,86.6729,146.8737,2.5847,139.6497,17.3463,9.8859,8.7656,3.0828,19.2835,4.5632,10.3265,109.6534,0.9152,202.8302
4336.9,284.5462,86.7213,147.0609,2.5932,138.5572,17.4925,9.6143,8.4719,3.092,18.8204,4.6807,10.3232,109.6271,0.9572,199.7648
4337.0,285.1918,86.791,146.9801,2.6033,138.2062,17.6332,9.0922,7.9785,3.1053,18.3314,4.8168,10.3016,109.6215,1.0058,196.1493
4337.1,285.7916,86.8787,146.8402,2.6108,138.5459,17.6593,8.3978,7.3545,3.1213,17.8422,4.9788,10.305,109.6262,1.0636,193.442
4337.2,286.3307,86.9762,146.6684,2.6149,139.3952,17.5836,7.6892,6.7358,3.1347,17.4542,5.125,10.3476,109.629,1.1158,191.9824
4337.3,286.8459,87.0254,146.6566,2.6173,140.139,17.5304,7.1658,6.2882,3.1362,17.2704,5.24,10.3332,109.6184,1.1569,191.1119
4337.4,287.3928,87.0758,146.6975,2.6189,140.2624,17.5783,6.9609,6.1226,3.1241,17.3001,5.3221,10.2933,109.5843,1.1862,190.5236
4337.5,288.0224,87.1278,146.7865,2.6169,139.5515,17.7606,7.2355,6.3712,3.1061,17.4834,5.3721,10.3494,109.5143,1.2041,191.2378
4337.6,288.7542,87.2257,147.0697,2.6132,138.7377,18.0078,7.9208,6.9669,3.088,17.7066,5.4078,10.3516,109.3955,1.2168,192.6024
4337.7,289.5611,87.3666,147.495,2.6069,138.6794,18.263,8.9168,7.8159,3.0681,17.916,5.4611,10.3192,109.2201,1.2359,194.8695
4337.8,290.3673,87.5528,148.0694,2.5972,140.1633,18.493,9.976,8.6959,3.0543,18.0103,5.5822,10.3502,108.991,1.2791,198.3569
4337.9,291.0813,87.8376,148.8608,2.5831,142.8053,18.7181,10.7687,9.3322,3.0624,17.8796,5.7781,10.3158,108.7263,1.3491,203.4048
4338.0,291.6208,88.144,149.6813,2.574,145.7717,18.9758,11.1328,9.5986,3.0985,17.5002,5.995,10.3265,108.4534,1.4265,206.6921
4338.1,291.9208,88.4734,150.5284,2.5751,148.1678,19.2944,11.0307,9.4747,3.1496,16.9573,6.1859,10.3341,108.1996,1.4947,206.2963
4338.2,291.9622,88.7198,151.2841,2.5784,149.5742,19.6449,10.5941,9.0787,3.2006,16.3894,6.3233,10.3174,107.9866,1.5437,205.0931
4338.3,291.7692,88.9134,151.97,2.5797,150.1339,19.9508,9.9468,8.5165,3.2454,15.8289,6.4514,10.3091,107.8242,1.5895,204.6259
4338.4,291.3873,89.0367,152.5604,2.5837,149.9842,20.1283,9.1617,7.8517,3.2905,15.2917,6.5794,10.3247,107.7081,1.6352,203.202
4338.5,290.915,89.1148,153.0526,2.5893,149.284,20.1544,8.3696,7.1938,3.3366,14.8858,6.6474,10.3425,107.6271,1.6595,201.1773
4338.6,290.4747,89.1879,153.4869,2.5959,148.2793,20.0962,7.6999,6.6474,3.3688,14.7173,6.6486,10.307,107.5687,1.6599,198.7928
4338.7,290.1588,89.2651,153.8393,2.6056,147.208,19.9953,7.2313,6.2746,3.3735,14.8251,6.5975,10.3324,107.5237,1.6417,195.2983
4338.8,290.0268,89.3603,154.0584,2.6155,146.4743,19.84,7.0151,6.1174,3.3396,15.1727,6.5557,10.3555,107.4861,1.6267,191.7449
4338.9,290.0876,89.4588,154.202,2.622,146.2675,19.6102,7.0072,6.1379,3.2735,15.6233,6.5485,10.3628,107.4514,1.6242,189.4136
4339.0,290.376,89.5556,154.2355,2.6251,146.5659,19.3174,7.1774,6.3074,3.2033,16.102,6.5403,10.2938,107.4193,1.6212,188.287
4339.1,290.9168,89.6054,154.1583,2.6195,147.355,19.0526,7.466,6.567,3.1343,16.5271,6.5281,10.3632,107.3985,1.6169,190.3311
4339.2,291.65,89.6147,154.0012,2.6071,148.4297,18.9117,7.746,6.8082,3.0782,16.8531,6.5299,10.3278,107.4058,1.6175,194.792
4339.3,292.479,89.5432,153.7008,2.5955,149.4125,18.907,7.9467,6.9747,3.0318,17.0587,6.553,10.3565,107.4607,1.6258,198.9702
4339.4,293.2735,89.3714,153.2338,2.5915,149.5447,18.9516,8.0496,7.0538,3.007,17.1375,6.5842,10.3244,107.5744,1.6369,200.3819
4339.5,293.8903,89.1394,152.6811,2.5915,148.6177,18.9153,8.1165,7.0991,3.0135,17.1493,6.5915,10.3616,107.7421,1.6395,200.3819
4339.6,294.2359,88.8199,152.0399,2.5915,147.1424,18.7622,8.1975,7.1537,3.0404,17.1941,6.5625,10.317,107.9428,1.6292,200.3819
4339.7,294.2334,88.5159,151.4653,2.5915,146.1088,18.5562,8.307,7.2284,3.0676,17.388,6.5071,10.3508,108.1469,1.6094,200.3813
4339.8,293.8573,88.2399,150.9588,2.5921,146.2567,18.4184,8.4199,7.3007,3.0771,17.742,6.4543,10.3706,108.3275,1.5905,200.1642
4339.9,293.1541,88.0783,150.6531,2.5948,147.4146,18.3934,8.4942,7.3358,3.0693,18.1563,6.4196,10.3642,108.4675,1.5782,199.2181
4340.0,292.2227,88.0058,150.4933,2.5991,148.9437,18.4402,8.4767,7.2945,3.0559,18.5244,6.3936,10.3188,108.5605,1.5689,197.6602
4340.1,291.2635,87.9935,150.431,2.6046,149.9494,18.4469,8.3363,7.1613,3.0588,18.7878,6.3425,10.3536,108.6099,1.5506,195.6897
4340.2,290.4755,88.043,150.4654,2.6083,149.9688,18.3455,8.1151,6.9756,3.0881,18.918,6.245,10.2872,108.6242,1.5158,194.3424
4340.3,289.979,88.1012,150.4893,2.609,149.0019,18.1607,7.8762,6.7852,3.1528,18.8757,6.0976,10.3185,108.6148,1.4632,194.1054
4340.4,289.8497,88.1663,150.5042,2.609,147.4425,18.0147,7.6952,6.6415,3.2431,18.6465,5.9051,10.3141,108.593,1.3944,194.1054
4340.5,290.02,88.2396,150.4979,2.609,145.9028,17.9991,7.5942,6.5616,3.3529,18.3084,5.69,10.3093,108.5677,1.3176,194.1054
4340.6,290.4082,88.3114,150.4939,2.6098,144.7177,18.1261,7.5672,6.5459,3.4692,17.8937,5.4741,10.3107,108.5447,1.2405,193.8105
4340.7,290.8607,88.3816,150.492,2.6109,144.1117,18.3779,7.6045,6.5911,3.5883,17.3989,5.2904,10.3119,108.5267,1.1749,193.4183
4340.8,291.1892,88.4066,150.493,2.6115,143.9177,18.6954,7.6856,6.6769,3.6985,16.8427,5.1603,10.3126,108.5123,1.1285,193.2088
4340.9,291.3029,88.4083,150.5115,2.6103,144.1192,19.0443,7.8096,6.7985,3.7857,16.2417,5.1103,10.3421,108.4973,1.1106,193.6129
4341.0,291.2117,88.385,150.5484,2.6066,145.0,19.3565,7.9745,6.9528,3.833,15.5828,5.2012,10.3405,108.4763,1.143,194.9549
4341.1,291.0765,88.3703,150.6401,2.5995,146.5667,19.5196,8.1533,7.1192,3.8252,14.8885,5.4433,10.326,108.4451,1.2295,197.5133
4341.2,291.0728,88.3654,150.7635,2.5943,148.4428,19.4439,8.3173,7.271,3.7774,14.2227,5.7813,10.3443,108.4019,1.3502,199.3965
4341.3,291.3017,88.3729,150.925,2.5901,149.9721,19.1246,8.4428,7.3821,3.7104,13.6789,6.1234,10.364,108.3836,1.4724,200.8795
4341.4,291.708,88.4202,151.1587,2.5869,150.59,18.7356,8.5268,7.4539,3.6415,13.306,6.4092,10.3923,108.4736,1.5744,202.0422
4341.5,292.1064,88.4869,151.4226,2.5843,150.2843,18.4422,8.5818,7.5056,3.5666,13.0998,6.6457,10.3776,108.7654,1.6589,202.98
4341.6,292.3039,88.5785,151.7229,2.5827,149.376,18.294,8.6173,7.5483,3.4787,13.0747,6.8487,10.3465,109.2702,1.7314,203.5691
4341.7,292.1769,88.6825,152.018,2.5816,148.3564,18.2141,8.6382,7.578,3.3773,13.2427,7.015,10.3408,109.8802,1.7908,203.9675
4341.8,291.8365,88.7703,152.2645,2.5825,147.4871,18.0968,8.6474,7.5857,3.2601,13.5547,7.1555,10.3358,110.4157,1.8409,203.6401
4341.9,291.4465,88.8228,152.4179,2.5863,146.9377,17.926,8.648,7.5716,3.123,13.9842,7.2835,10.3158,110.7673,1.8866,202.2512
4342.0,291.1992,88.7941,152.4089,2.5932,147.0292,17.7899,8.6461,7.5476,2.9682,14.5484,7.3929,10.3556,110.9401,1.9257,199.7699
4342.1,291.1504,88.711,152.3106,2.6006,147.5491,17.7593,8.6454,7.5292,2.8147,15.2384,7.4325,10.3444,111.0173,1.9398,197.1004
4342.2,291.289,88.5399,152.0849,2.6042,147.8235,17.8681,8.6471,7.5204,2.6841,16.0625,7.3189,10.3771,111.0721,1.8993,195.8153
4342.3,291.5377,88.3379,151.7826,2.6018,146.79,18.1278,8.6565,7.5286,2.5885,16.9451,7.0102,10.384,111.1351,1.789,196.6873
4342.4,291.7234,88.1252,151.4405,2.6007,144.5021,18.3725,8.6819,7.5623,2.5326,17.6938,6.6528,10.3828,111.2043,1.6614,197.0925
4342.5,291.6959,87.9083,151.0465,2.6012,141.7473,18.5125,8.7315,7.6264,2.5066,18.1405,6.3906,10.4131,111.2781,1.5678,196.9041
4342.6,291.3544,87.6975,150.6505,2.6023,139.8675,18.5151,8.8127,7.7186,2.5159,18.166,6.3074,10.3838,111.3527,1.5381,196.5215
4342.7,290.7658,87.4891,150.271,2.6022,139.5931,18.406,8.9146,7.8156,2.5557,17.8759,6.3419,10.3997,111.4225,1.5504,196.549
4342.8,290.0384,87.2813,149.9621,2.6005,140.6857,18.1964,8.9993,7.8778,2.6244,17.3928,6.4381,10.3955,111.4822,1.5847,197.1597
4342.9,289.2039,87.0913,149.7412,2.5977,142.3746,17.9178,8.9677,7.8231,2.7164,16.8488,6.5649,10.3785,111.5294,1.63,198.1595
4343.0,288.2778,86.9226,149.5793,2.5952,143.812,17.649,8.7154,7.5802,2.7934,16.3921,6.6887,10.3528,111.539,1.6742,199.0719
4343.1,287.3188,86.8264,149.5111,2.594,144.7829,17.4324,8.2381,7.1621,2.8637,16.0552,6.7931,10.3483,111.4552,1.7115,199.507
4343.2,286.4446,86.7949,149.4606,2.595,145.4807,17.2288,7.6193,6.6407,2.933,15.8053,6.874,10.3805,111.2176,1.7404,199.1261
4343.3,285.8254,86.8061,149.4163,2.5986,146.3145,17.0218,7.0405,6.1556,3.0098,15.6473,6.9141,10.3412,110.8293,1.7547,197.8521
4343.4,285.531,86.8513,149.3303,2.6031,147.4759,17.0201,6.6316,5.8072,3.0865,15.6216,6.894,10.3812,110.3846,1.7475,196.2202
4343.5,285.6259,86.8577,149.1206,2.6064,148.8541,17.1143,6.4321,5.6354,3.1454,15.7631,6.8075,10.3586,110.0325,1.7167,195.02
4343.6,286.1859,86.829,148.8087,2.6061,150.0396,17.2333,6.4654,5.6809,3.1821,16.0299,6.6925,10.3476,109.8663,1.6756,195.1261
4343.7,287.0096,86.686,148.2931,2.6027,150.6758,17.432,6.7262,5.9406,3.1828,16.3354,6.5876,10.3762,109.882,1.6381,196.351
4343.8,287.8629,86.5047,147.7201,2.6003,150.5949,17.6489,7.2345,6.4114,3.1542,16.6252,6.5036,10.3814,110.0034,1.6081,197.2262
4343.9,288.4536,86.2892,147.0965,2.6006,149.8974,17.8711,7.94,7.0166,3.1068,16.8376,6.446,10.3885,110.1509,1.5875,197.1316
4344.0,288.6382,86.11,146.64,2.6015,149.1747,18.0859,8.6322,7.5781,3.059,16.941,6.4312,10.4015,110.2748,1.5823,196.7954
4344.1,288.4,85.9846,146.3224,2.5996,148.6976,18.269,9.1595,7.9866,3.0057,16.8861,6.4661,10.408,110.3793,1.5948,197.4825
4344.2,287.7296,85.9178,146.1553,2.5956,148.2332,18.3859,9.4364,8.1943,2.9511,16.5816,6.5584,10.3055,110.5084,1.6277,198.9123
4344.3,286.726,85.9638,146.207,2.5922,147.4185,18.4299,9.5421,8.2763,2.9053,16.0475,6.6946,10.372,110.7227,1.6763,200.1316
4344.4,285.5775,86.0301,146.273,2.5872,146.3854,18.4209,9.5639,8.2955,2.9053,15.3883,6.8521,10.3883,111.0385,1.7326,201.9555
4344.5,284.5675,86.1162,146.3444,2.5806,145.6753,18.4022,9.5318,8.2645,2.9218,14.7289,7.0135,10.3947,111.3979,1.7902,204.3155
4344.6,283.9685,86.2068,146.495,2.5772,145.6354,18.4097,9.4506,8.188,2.9451,14.1549,7.1679,10.3529,111.6935,1.8454,205.5287
4344.7,283.8162,86.3146,146.75,2.5756,146.1115,18.43,9.3303,8.0843,2.9845,13.6979,7.3012,10.3956,111.8282,1.893,206.1161
4344.8,284.0415,86.4494,147.1594,2.5753,146.9279,18.414,9.1802,7.9672,3.0329,13.4471,7.3833,10.3925,111.7398,1.9223,206.2101
4344.9,284.576,86.6228,147.7456,2.5762,148.0325,18.3119,9.0086,7.8401,3.0863,13.4971,7.3837,10.345,111.4107,1.9224,205.9002
4345.0,285.336,86.8167,148.3504,2.5789,149.3539,18.1387,8.8247,7.6981,3.1349,13.7946,7.3156,10.3725,110.8869,1.8981,204.9196
4345.1,286.2599,87.0389,148.9349,2.5817,150.7445,17.9436,8.6402,7.5433,3.1669,14.2352,7.206,10.3827,110.2895,1.859,203.9308
4345.2,287.2407,87.2403,149.3162,2.5849,151.7782,17.8045,8.4724,7.3927,3.1665,14.7352,7.0822,10.3692,109.7808,1.8148,202.7507
4345.3,288.1432,87.4062,149.5414,2.5904,152.0007,17.755,8.3306,7.2671,3.1327,15.2831,6.9529,10.3801,109.4715,1.7686,200.7859
4345.4,288.8833,87.496,149.4971,2.5988,151.1418,17.7874,8.2296,7.1879,3.0717,15.8602,6.8174,10.4283,109.4002,1.7202,197.7484
4345.5,289.3355,87.4609,149.2756,2.6096,149.3167,17.8523,8.2193,7.1994,2.998,16.3583,6.6888,10.3769,109.562,1.6743,193.8634
4345.6,289.3465,87.3331,148.9763,2.6164,147.301,17.8677,8.327,7.3188,2.9313,16.6995,6.5866,10.3337,109.9486,1.6378,191.4424
4345.7,288.7031,87.0337,148.6041,2.6188,145.4924,17.7925,8.5564,7.5418,2.8816,16.7912,6.5235,10.356,110.5156,1.6152,190.5565
4345.8,287.1532,86.577,148.1869,2.6199,143.7241,17.6442,8.8708,7.8289,2.8498,16.6397,6.5037,10.3531,111.1565,1.6082,146.666
4345.9,284.727,86.0398,147.7426,2.6192,141.4318,17.4972,9.1823,8.1037,2.8289,16.1148,6.5091,10.3791,111.7209,1.6101,144.2167
4346.0,281.8137,85.4271,147.2586,2.6174,138.499,17.4281,9.4247,8.3153,2.8154,15.433,6.5187,10.3805,112.1184,1.6135,144.3238
4346.1,278.9939,84.8584,146.8036,2.6166,135.6186,17.5145,9.553,8.4352,2.8107,15.1194,6.5097,10.3522,112.3501,1.6103,146.7291
4346.2,276.9115,84.3407,146.3881,2.6165,133.9846,17.7459,9.5758,8.4746,2.8171,15.145,6.4643,10.3792,112.4652,1.5941,151.6205
4346.3,275.8895,83.9968,146.1223,2.6132,134.0721,18.051,9.5449,8.4742,2.8341,15.3948,6.38,10.3332,112.4901,1.564,160.5583
4346.4,275.9778,83.7975,146.019,2.6105,135.7442,18.3346,9.5178,8.4748,2.8629,15.7739,6.2662,10.3411,112.4164,1.5234,168.6037
4346.5,277.0083,83.7033,146.0326,2.6081,138.3069,18.4719,9.5415,8.503,2.9044,16.0955,6.1493,10.362,112.2333,1.4816,173.4498
4346.6,278.4999,83.7601,146.2086,2.6054,140.8249,18.4403,9.6022,8.543,2.9564,16.226,6.0479,10.3889,111.9606,1.4454,174.9989
4346.7,279.9987,83.8795,146.5211,2.6007,142.6223,18.2688,9.6497,8.5494,3.0178,16.1651,5.9532,10.3777,111.6376,1.4116,175.3327
4346.8,281.1113,84.0617,146.9351,2.598,143.2263,18.0343,9.614,8.466,3.0898,16.0273,5.8317,10.3882,111.2861,1.3682,172.7245
4346.9,281.7139,84.5621,147.3369,2.5953,142.9609,17.8408,9.4879,8.304,3.1692,15.8959,5.67,10.3612,110.9097,1.3105,171.0208
4347.0,281.8368,85.2415,147.7069,2.5953,142.2035,17.7476,9.2931,8.0996,3.2516,15.7596,5.4846,10.3682,110.5085,1.2443,169.104
4347.1,281.5383,86.084,148.048,2.5956,141.4231,17.7646,9.0673,7.9066,3.3252,15.562,5.3272,10.36,110.0958,1.188,169.1613
4347.2,280.9229,87.0635,148.3045,2.5965,140.9105,17.8513,8.8463,7.7526,3.3626,15.3071,5.2381,10.372,109.6924,1.1562,170.2222
4347.3,280.041,87.8213,148.4832,2.5954,140.6411,18.0006,8.6398,7.6317,3.3647,15.0419,5.229,10.3839,109.3593,1.153,174.2148
4347.4,278.8483,88.3339,148.5764,2.5897,140.4659,18.162,8.4538,7.5231,3.3839,14.8062,5.3168,10.3844,109.1951,1.1843,196.7313
4347.5,277.4335,88.8463,148.6843,2.5839,140.3441,18.3006,8.2976,7.4155,3.3161,14.5411,5.537,10.3863,109.3068,1.263,198.8182
4347.6,276.1496,89.1997,148.806,2.5792,140.5043,18.4066,8.1884,7.3238,3.1908,14.1039,5.9683,10.3559,109.7104,1.417,200.5359
4347.7,275.5572,89.3397,148.9452,2.5764,141.3737,18.455,8.1502,7.2802,3.0579,13.3488,6.6929,10.332,110.2826,1.6757,201.5406
4347.8,276.1447,89.3525,149.066,2.5753,143.032,18.4979,8.1814,7.3014,2.8961,12.4038,7.6172,10.3862,110.8114,1.8687,201.9178
4347.9,277.8891,89.3504,149.1699,2.5753,145.0453,18.5891,8.251,7.3699,2.8127,11.5531,8.534,10.3363,111.1554,1.9328,201.9178
4348.0,280.3922,89.3462,149.2496,2.5753,146.8728,18.747,8.3296,7.4591,2.7343,10.9689,9.2962,10.3521,111.302,1.9861,201.9178
4348.1,283.1118,89.3402,149.3109,2.5753,148.1582,18.927,8.3977,7.5374,2.6224,10.6031,9.8826,10.3945,111.3347,2.0271,201.9178
4348.2,285.5414,89.33,149.3652,2.5753,149.1146,19.0823,8.4477,7.5844,2.54,10.3107,10.3801,10.3764,111.3344,2.0619,201.9164
4348.3,287.3203,89.3117,149.4116,2.5767,150.2163,19.2011,8.4727,7.5898,2.4599,10.0965,10.821,10.367,111.3368,2.0927,201.4418
4348.4,288.1324,89.3058,149.4705,2.5794,152.1744,19.2679,8.4666,7.5546,2.4017,10.056,11.1785,10.3536,111.341,2.1177,200.4566
4348.5,288.0186,89.3105,149.5408,2.5813,155.1303,19.307,8.4382,7.5047,2.3823,10.1472,11.4377,10.3442,111.3457,2.1358,199.7682
4348.6,287.3482,89.335,149.6321,2.5834,158.817,19.2848,8.3972,7.4566,2.3905,10.2759,11.5952,10.3606,111.3503,2.1468,199.0003
4348.7,286.5831,89.3641,149.7256,2.5865,162.3735,19.17,8.3584,7.4187,2.4051,10.3306,11.668,10.3613,111.3552,2.1519,197.8677
4348.8,286.0919,89.3883,149.8141,2.5896,164.7722,18.9977,8.3356,7.3885,2.404,10.2897,11.7099,10.3643,111.3611,2.1548,196.7773
4348.9,285.9496,89.3917,149.8841,2.5922,165.4486,18.8018,8.3442,7.3729,2.38,10.1697,11.7414,10.3783,111.3684,2.157,195.8357
4349.0,285.9582,89.3726,149.9322,2.595,164.1314,18.5008,8.4179,7.4025,2.3346,9.9957,11.7423,10.3548,111.3764,2.1571,194.7907
4349.1,285.7308,89.3447,149.9683,2.5971,161.2429,18.0831,8.5906,7.5154,2.2866,9.834,11.652,10.3716,111.3827,2.1508,194.0373
4349.2,284.9079,89.3185,149.9907,2.5978,157.1675,17.7028,8.8647,7.713,2.249,9.7518,11.4238,10.3379,111.3846,2.1348,193.8132
4349.3,283.3797,89.3204,150.0187,2.5969,152.3608,17.3588,9.0688,7.8392,2.2334,9.7727,11.0761,10.3022,111.38,2.1105,194.1191
4349.4,281.4006,89.3422,150.0521,2.5953,147.751,17.2372,8.8589,7.6023,2.2403,9.8407,10.73,10.333,111.3682,2.0863,194.7052
4349.5,279.5017,89.3983,150.1013,2.5935,144.2782,17.3075,8.0793,6.8895,2.26,9.8936,10.4765,10.3697,111.3505,2.0686,195.3593
4349.6,278.1678,89.4629,150.1587,2.5916,142.7702,17.3682,6.8335,5.8148,2.2857,9.8965,10.3268,10.3733,111.3285,2.0581,215.6487
4349.7,277.6944,89.5334,150.2218,2.5897,143.3889,17.4754,5.5537,4.7564,2.309,9.8425,10.2447,10.3485,111.3034,2.0524,216.3293
4349.8,278.0706,89.6081,150.2911,2.5878,145.0473,17.619,4.6436,4.0385,2.3269,9.7484,10.2065,10.3516,111.276,2.0497,217.0317
4349.9,279.0368,89.6859,150.3599,2.5858,146.7372,17.8118,4.2888,3.8017,2.337,9.6299,10.2214,10.3566,111.2454,2.0508,217.7314
4350.0,280.2939,89.767,150.429,2.5837,147.5587,17.987,4.611,4.1414,2.3389,9.4986,10.2984,10.369,111.2085,2.0562,218.4759
4350.1,281.5288,89.8723,150.5082,2.5809,147.4648,18.3645,5.4681,4.9324,2.3366,9.3602,10.4154,10.3616,111.1605,2.0643,219.4859
4350.2,282.63,90.0143,150.63,2.5765,146.8205,18.7418,6.7348,6.0522,2.333,9.2163,10.5582,10.3216,111.097,2.0743,221.0589
4350.3,283.8275,90.1903,150.7912,2.5697,146.3478,19.2439,8.0647,7.1769,2.3324,9.0746,10.7234,10.3356,111.0159,2.0859,223.4564
4350.4,285.5502,90.4519,151.1063,2.5619,146.6306,19.7296,9.0263,7.9485,2.3379,8.9502,10.926,10.3407,110.9201,2.1,226.2444
4350.5,288.0584,90.7489,151.4801,2.5551,148.0229,20.0434,9.4558,8.2569,2.3489,8.8655,11.205,10.3891,110.8165,2.1195,228.6984
4350.6,291.2462,91.0852,151.9189,2.5518,150.8405,20.2535,9.4278,8.2002,2.36,8.8609,11.6011,10.3886,110.7144,2.1472,229.8674
4350.7,294.7007,91.4742,152.3812,2.5528,154.7578,20.3025,9.2674,8.0599,2.3564,8.9793,12.0765,10.3258,110.6212,2.1804,238.0154
4350.8,297.9137,91.8687,152.8501,2.5567,159.3288,20.3326,9.1506,7.9692,2.3284,9.2763,12.5597,10.3408,110.5365,2.2142,236.649
4350.9,300.5715,92.2667,153.3261,2.5607,164.0938,20.3499,9.0988,7.9294,2.2747,9.7921,12.9782,10.3643,110.4519,2.2435,235.2118
4351.0,302.5437,92.6606,153.9043,2.5622,168.3101,20.3499,9.0791,7.9074,2.2076,10.4372,13.2811,10.3684,110.3581,2.2647,234.6834
4351.1,303.8569,93.0475,154.5298,2.5607,171.3967,20.3499,9.0735,7.8942,2.1454,11.0654,13.4651,10.3536,110.2533,2.2775,235.2135
4351.2,304.6534,93.4235,155.215,2.5578,172.9819,20.3486,9.0822,7.8944,2.0976,11.5832,13.5507,10.3519,110.1468,2.2835,236.237
4351.3,305.0647,93.7176,155.7561,2.5563,173.1016,20.329,9.1004,7.8997,2.0664,11.9703,13.5967,10.3346,110.0543,2.2867,236.7599
4351.4,305.2788,93.9514,156.1287,2.5574,172.5388,20.2772,9.1115,7.8975,2.0458,12.2572,13.6592,10.3528,109.9883,2.2911,236.3906
4351.5,305.4597,94.0908,156.2073,2.5599,172.1017,20.1988,9.1017,7.8813,2.0323,12.4315,13.7609,10.3303,109.9538,2.2982,235.5127
4351.6,305.6327,94.1401,155.9431,2.561,172.5094,20.1254,9.0638,7.8523,2.0262,12.4738,13.907,10.35,109.9469,2.3084,235.1268
4351.7,305.7885,94.1511,155.5549,2.5588,173.6503,20.1805,9.0103,7.8204,2.0272,12.4323,14.0756,10.3582,109.9565,2.3202,235.8853
4351.8,305.9811,94.1204,155.0631,2.5532,175.3418,20.2254,8.9513,7.7895,2.0427,12.3305,14.2576,10.3228,109.9699,2.3329,237.8772
4351.9,306.3457,94.0973,154.6945,2.5445,177.8636,20.2254,8.8893,7.7521,2.0935,12.2241,14.462,10.3421,109.9779,2.3472,240.9466
4352.0,307.0215,94.0838,154.4167,2.5363,181.7007,20.2254,8.8256,7.7052,2.1812,12.2127,14.6796,10.3386,109.978,2.3624,243.8497
4352.1,307.9563,94.0944,154.3079,2.5306,187.074,20.0005,8.7682,7.6567,2.2923,12.3534,14.8773,10.3496,109.9735,2.3762,245.8475
4352.2,308.9068,94.1126,154.2656,2.5271,193.0941,19.8311,8.7134,7.5981,2.3947,12.6202,15.0117,10.3142,109.9703,2.3856,247.1011
4352.3,309.5452,94.1368,154.2566,2.5268,197.7101,19.686,8.5942,7.4662,2.462,12.8962,15.0904,10.3321,109.9731,2.3911,247.205
4352.4,309.7021,94.1733,154.273,2.5297,199.7743,19.5773,8.3111,7.1816,2.4928,13.1285,15.1517,10.3503,109.9842,2.3954,246.1725
4352.5,309.4617,94.1979,154.3091,2.5354,199.5876,19.5928,7.7885,6.6976,2.4996,13.3198,15.2342,10.3173,110.0024,2.4012,244.1548
4352.6,308.9897,94.2075,154.3586,2.5419,199.064,19.7007,7.0968,6.0961,2.5034,13.4688,15.3577,10.3476,110.0243,2.4098,241.8502
4352.7,308.4628,94.1593,154.4278,2.5471,199.6986,19.7621,6.4128,5.5303,2.5161,13.5678,15.5114,10.3423,110.0447,2.4205,240.0225
4352.8,307.9839,94.0648,154.5049,2.5496,201.8676,19.7658,5.8942,5.1232,2.547,13.6069,15.6723,10.361,110.0596,2.4318,239.1534
4352.9,307.6057,93.9419,154.5854,2.5491,205.0474,19.7282,5.6141,4.9193,2.5988,13.5729,15.812,10.3146,110.067,2.4416,239.3186
4353.0,307.394,93.8299,154.6491,2.5468,208.447,19.6337,5.5059,4.8551,2.6655,13.4891,15.9165,10.3316,110.0663,2.4489,240.1222
4353.1,307.3604,93.778,154.689,2.5442,211.6897,19.5638,5.5289,4.8999,2.7341,13.3856,15.9769,10.3773,110.0587,2.4531,241.0477
4353.2,307.4231,93.778,154.7108,2.5424,214.4731,19.4854,5.6885,5.0598,2.7924,13.296,15.9852,10.3416,110.0475,2.4537,241.7032
4353.3,307.3931,93.9092,154.7392,2.5414,216.6709,19.4458,5.946,5.2963,2.8394,13.2159,15.9548,10.2892,110.038,2.4515,242.035
4353.4,307.1519,94.0687,154.7802,2.5413,217.9142,19.489,6.2641,5.5751,2.8734,13.1229,15.8827,10.2767,110.0414,2.4465,242.0742
4353.5,306.7412,94.2549,154.8332,2.5422,217.2157,19.6447,6.6372,5.8914,2.8933,12.9994,15.7452,10.254,110.0788,2.4369,241.7459
4353.6,306.2824,94.1116,154.5099,2.5447,214.4207,19.7526,7.0506,6.2321,2.8999,12.9304,15.5576,10.3064,110.1758,2.4238,240.8763
4353.7,305.8779,93.6569,153.8104,2.5489,210.2116,19.6296,7.4354,6.5385,2.8984,12.9483,15.3648,10.2936,110.3505,2.4103,239.3706
4353.8,305.5466,92.8503,152.6866,2.5537,206.2143,19.4328,7.6394,6.6841,2.8972,13.0217,15.2279,10.2918,110.597,2.4007,241.285
4353.9,305.3222,91.5529,150.9129,2.556,203.8466,19.1485,7.5695,6.5953,2.9014,13.1373,15.1594,10.2878,110.8857,2.3959,233.583
4354.0,305.359,90.202,149.0471,2.5521,203.2682,19.0349,7.2729,6.3186,2.9098,13.3063,15.1374,10.3262,111.1788,2.3944,234.4429
4354.1,305.9014,88.8183,147.1073,2.5415,204.181,19.1014,6.8896,5.9806,2.9151,13.5608,15.1589,10.3302,111.4529,2.3959,244.5505
4354.2,307.1815,87.8135,145.6117,2.5288,206.2448,19.1671,6.5984,5.7375,2.9127,13.9178,15.2359,10.3124,111.6967,2.4013,256.3909
4354.3,309.1408,87.0697,144.4485,2.5198,209.3867,19.2166,6.4757,5.6557,2.9018,14.335,15.3533,10.2981,111.908,2.4095,264.7338
4354.4,311.3758,86.6929,143.7595,2.5172,213.376,19.1704,6.5347,5.7495,2.8843,14.7327,15.4711,10.3066,112.0811,2.4177,265.9522
4354.5,313.5614,86.5577,143.4465,2.5188,216.9117,19.0604,6.7612,5.999,2.8573,15.016,15.5336,10.2867,112.2149,2.4221,262.3519
4354.6,315.3534,86.4614,143.2335,2.5225,218.4182,18.9018,7.0633,6.3023,2.8134,15.1706,15.498,10.273,112.3174,2.4196,256.0231
4354.7,316.5565,86.3551,143.0885,2.5276,216.9103,18.7179,7.3414,6.555,2.7459,15.2222,15.297,10.3417,112.405,2.4056,248.0702
4354.8,316.8692,86.2109,142.9929,2.5351,211.8911,18.4937,7.5351,6.7024,2.6488,15.1981,14.8189,10.2559,112.4925,2.3721,237.2673
4354.9,315.6099,86.0368,142.8993,2.5445,204.5428,18.1066,7.7448,6.8632,2.5307,15.0899,14.1013,10.2713,112.5928,2.322,221.6031
4355.0,312.3556,85.8093,142.7785,2.5533,195.3835,17.3861,8.134,7.2122,2.3917,14.7968,13.2174,10.2786,112.7161,2.2602,205.6338
4355.1,306.711,85.5035,142.5192,2.5628,184.1212,16.3964,8.9514,7.9955,2.2229,14.0999,12.2778,10.2553,112.8739,2.1945,202.187
4355.2,298.5713,85.1511,142.1561,2.5761,170.6658,15.347,10.3445,9.322,2.034,12.9872,11.4024,10.2707,113.0757,2.1333,197.3349
4355.3,289.144,84.7281,141.597,2.5942,155.3611,14.1817,12.5069,11.3215,1.8472,11.6006,10.6775,10.2443,113.3201,2.0827,190.77
4355.4,279.9125,84.304,140.9577,2.6243,139.9959,13.0569,15.6113,14.0857,1.7023,10.2475,10.2001,10.2403,113.5871,2.0493,179.8447
4355.5,272.4946,83.9151,140.318,2.6551,127.4805,11.918,19.2119,17.1912,1.6242,9.2173,9.9633,10.2846,113.8354,2.0327,168.6419
4355.6,268.3526,83.69,139.8292,2.6725,119.7306,10.7012,22.5035,19.9372,1.6165,8.56,9.9043,10.2697,114.0127,2.0286,162.3334
4355.7,267.973,83.7844,139.742,2.6835,117.8051,9.6738,24.4929,21.4793,1.6825,8.1981,9.9937,10.2702,114.0733,2.0349,158.3252
4355.8,271.4537,84.1341,139.9885,2.6871,120.7731,9.814,24.5989,21.3714,1.8053,7.9921,10.2316,10.2652,113.9896,2.0515,157.0066
4355.9,277.6721,85.0612,141.0435,2.6852,126.6622,10.4092,23.1303,19.9456,1.9578,7.8992,10.6051,10.2652,113.7576,2.0776,157.7246
4356.0,284.7608,86.2911,142.5803,2.6807,134.4553,11.5938,20.6234,17.7083,2.1114,8.0233,11.1129,10.2667,113.3974,2.1131,159.3612
4356.1,291.2845,87.7275,144.4477,2.675,143.98,13.4343,17.786,15.2766,2.2366,8.4956,11.8056,10.2846,112.9485,2.1615,172.5359
4356.2,296.2394,89.2794,146.5334,2.6621,155.1013,14.9951,15.1627,13.0753,2.3244,9.2615,12.691,10.2558,112.4672,2.2234,177.236
4356.3,299.7603,90.6617,148.3941,2.6472,167.294,16.5089,12.9986,11.2788,2.3741,10.1857,13.6691,10.2774,112.0133,2.2918,182.5899
4356.4,302.1101,91.889,150.0481,2.6355,178.8382,17.7447,11.4692,10.0095,2.3857,11.0589,14.4838,10.2138,111.6374,2.3487,186.8248
4356.5,303.3566,92.5374,150.9057,2.6263,188.0766,18.4238,10.4525,9.1613,2.3698,12.6106,15.0395,10.261,111.3756,2.3876,190.1411
4356.6,303.6361,92.8009,151.2386,2.617,194.3583,18.7502,9.8905,8.6922,2.3304,14.8692,15.437,10.2454,111.2459,2.4153,193.5351
4356.7,302.9532,92.6963,151.0713,2.6071,197.9827,18.9375,9.7595,8.5889,2.2747,16.6459,15.854,10.2254,111.2489,2.4445,197.1142
4356.8,301.1449,91.8444,149.9585,2.5971,200.6957,19.0062,9.8931,8.712,2.2133,17.0142,16.3478,10.2606,111.3713,2.479,200.7235
4356.9,298.2163,90.7654,148.6379,2.5876,203.3351,19.0325,10.1675,8.9532,2.1546,17.148,16.865,10.2733,111.5862,2.5152,204.1333
4357.0,294.2825,89.4343,147.0903,2.5794,205.8342,19.0993,10.4629,9.2002,2.1064,17.2,17.3279,10.2386,111.8552,2.5475,207.1323
4357.1,289.6808,88.1282,145.5789,2.5724,207.8968,19.086,10.6751,9.3632,2.0773,17.2245,17.7055,10.2567,112.1333,2.5739,209.6345
4357.2,285.1736,86.9915,144.2422,2.5672,209.7256,18.8956,10.745,9.4049,2.0753,17.2471,17.9973,10.2069,112.3786,2.5943,211.5424
4357.3,281.6458,86.0914,143.1477,2.563,211.8928,18.5048,10.6306,9.3121,2.1078,17.2403,18.2879,10.2149,112.567,2.6146,213.0514
4357.4,279.8034,85.6418,142.6685,2.559,214.7951,17.945,10.3679,9.1212,2.1721,17.157,18.475,10.2588,112.6904,2.6277,214.4933
4357.5,279.8606,85.3922,142.4834,2.5555,218.0533,17.2549,10.0695,8.9079,2.2532,17.0697,18.5908,10.2612,112.7485,2.6358,215.7773
4357.6,281.3466,85.3924,142.6755,2.5531,220.6814,16.576,9.8532,8.7473,2.3437,17.0588,18.638,10.2249,112.7414,2.6391,230.9008
4357.7,283.6207,85.6429,143.3206,2.5525,221.424,15.7435,9.7995,8.6908,2.4562,17.0403,18.6205,10.2019,112.6725,2.6379,231.097
4357.8,286.2531,86.0063,144.1524,2.5545,220.2368,14.9907,9.8408,8.692,2.5611,16.9785,18.7986,10.2114,112.5542,2.6503,230.3968
4357.9,288.9181,86.5107,145.203,2.5581,217.7528,14.4875,9.8479,8.655,2.66,16.9656,18.9772,10.2356,112.386,2.6628,229.0872
4358.0,291.3056,86.9132,146.0655,2.5607,215.4405,14.2775,9.6293,8.4309,2.7407,17.0174,19.3065,10.2121,112.1381,2.6858,228.1512
4358.1,292.9414,87.1952,146.8075,2.5612,214.9314,14.4284,9.162,8.0028,2.7993,17.0683,19.7015,10.2298,111.7659,2.7134,227.9672
4358.2,293.3499,87.2235,147.3561,2.5591,217.4059,14.5201,8.5114,7.4244,2.8468,17.1623,20.0448,10.1744,111.2921,2.7374,228.7109
4358.3,292.4751,87.1293,147.9036,2.5551,223.9047,14.5826,7.8222,6.8166,2.8792,17.4375,20.3403,10.2438,110.8383,2.7581,230.1557
4358.4,290.6266,87.0342,148.522,2.5508,233.3219,14.6741,7.2425,6.3077,2.897,18.1648,20.7821,10.2257,110.5722,2.789,231.72
4358.5,288.54,87.0809,149.3872,2.5466,244.3001,14.7619,6.8267,5.9515,2.8937,19.3347,20.8801,10.2036,110.5605,2.7958,233.2304
4358.6,287.1422,87.3953,150.5146,2.5438,254.8365,15.0294,6.5693,5.747,2.8533,20.5857,20.1113,10.1839,110.7189,2.7421,234.2412
4358.7,287.1696,87.8608,151.7692,2.5432,262.1104,15.2829,6.3781,5.6076,2.7979,21.6182,19.159,10.2114,110.8714,2.6755,234.4315
4358.8,289.1095,88.4952,153.0937,2.545,263.562,15.3277,6.1889,5.4687,2.714,22.1689,18.23,10.208,110.906,2.6106,233.8179
4358.9,292.7706,89.051,154.2185,2.548,257.0445,15.0707,6.0145,5.3365,2.612,22.1896,17.4098,10.1959,110.821,2.5532,232.7208
4359.0,297.285,89.5395,155.1856,2.5505,242.6827,14.7196,5.9374,5.2861,2.5131,21.9264,17.2356,10.196,110.687,2.5411,231.8373
4359.1,301.4295,89.8555,155.8037,2.5511,226.9837,14.3037,6.0199,5.3765,2.4117,21.322,17.3736,10.1968,110.5635,2.5507,231.5882
4359.2,303.7312,90.0844,156.156,2.5496,217.2862,14.0078,6.2772,5.6199,2.3185,20.4391,17.5038,10.1483,110.4751,2.5598,232.1451
4359.3,303.6966,90.2498,156.3103,2.5453,216.5214,13.8922,6.6744,5.9745,2.2407,19.685,17.4711,10.198,110.417,2.5575,233.7091
4359.4,301.6866,90.3424,156.191,2.5415,219.3246,13.7248,7.1287,6.3588,2.1808,19.1548,17.7159,10.1567,110.3817,2.5746,214.1568
4359.5,299.0202,90.5084,156.0656,2.5401,225.9193,13.5641,7.5627,6.7008,2.1375,18.8299,17.9565,10.1581,110.3626,2.5915,214.6804
4359.6,297.3242,90.7383,155.9382,2.5401,233.1646,13.5028,7.8428,6.8916,2.1282,18.7002,18.255,10.1808,110.3662,2.6123,214.6724
4359.7,297.5358,91.1275,155.9014,2.5415,236.6668,13.6722,7.9028,6.8987,2.1435,18.5377,18.5133,10.1593,110.4137,2.6304,214.1494
4359.8,300.1823,91.2474,155.4446,2.5431,239.0249,14.0224,7.7368,6.7325,2.183,18.4118,18.6049,10.1887,110.5357,2.6368,213.5798
4359.9,304.0641,91.1055,154.5808,2.5457,241.6141,14.3909,7.4099,6.4566,2.2472,18.4717,18.65,10.1385,110.7591,2.6399,212.6479
4360.0,308.0443,90.4264,152.1303,2.5499,242.8779,14.6227,7.0741,6.1934,2.3189,18.6467,18.5345,10.1387,111.0933,2.6319,211.1177
4360.1,310.8936,89.6444,149.1066,2.5504,242.6452,14.5773,6.8258,6.0157,2.4284,18.8933,18.2696,10.1506,111.5172,2.6133,210.9341
4360.2,311.8851,88.7521,145.4404,2.5487,240.8928,14.2118,6.7556,5.9877,2.5505,19.2122,17.9208,10.1219,111.9799,2.589,211.5602
4360.3,310.7816,88.1749,141.9585,2.5452,238.325,13.7884,6.9136,6.14,2.6587,19.6156,17.498,10.1581,112.4112,2.5594,196.7809
4360.4,307.438,87.8351,139.0558,2.5408,233.5702,13.3286,7.3077,6.4749,2.742,20.0573,17.1637,10.1351,112.729,2.536,198.3827
4360.5,302.3091,87.804,136.9618,2.5368,227.2392,12.9765,7.8742,6.9303,2.7609,20.4822,16.959,10.1525,112.8627,2.5217,199.8283
4360.6,296.1748,87.878,136.116,2.5348,220.3412,12.8592,8.3374,7.2717,2.7309,20.8436,16.6338,10.1542,112.7771,2.499,200.5857
4360.7,291.5255,87.8492,135.6319,2.5351,213.4593,12.8753,8.4145,7.2743,2.6818,21.0932,16.3739,10.1737,112.5205,2.4808,200.4492
4360.8,288.471,87.6165,135.5049,2.5377,207.2878,13.0497,7.9651,6.8385,2.5989,21.1995,16.9618,10.0622,112.2238,2.5219,184.3634
4360.9,285.955,87.21,135.412,2.5413,206.0606,13.3191,7.1146,6.0948,2.5232,21.1608,17.9486,10.1027,112.0468,2.5909,183.0482
4361.0,283.6562,86.7303,135.2951,2.5443,210.3661,13.6388,6.2504,5.3784,2.5144,20.8313,18.7681,10.1172,112.0693,2.6482,181.9532
4361.1,282.9801,86.164,135.1123,2.5457,221.1267,13.881,5.6557,4.9203,2.5794,20.5818,19.2971,10.1194,112.2621,2.6852,181.4085
4361.2,283.1508,85.6347,135.039,2.5451,231.8423,14.0599,5.5441,4.8785,2.7561,20.3654,19.5982,10.1215,112.5217,2.7062,181.6385
4361.3,283.4238,85.1711,135.037,2.5433,236.1754,14.2319,5.8193,5.1565,2.9445,20.0419,19.985,10.0896,112.7571,2.7333,182.3053
4361.4,283.7498,84.8606,135.1516,2.541,237.3921,14.3533,6.4552,5.7332,3.068,19.7853,20.3727,10.1269,112.9249,2.7604,183.1674
4361.5,283.5153,84.702,135.1979,2.5387,236.3243,14.2969,7.4848,6.6357,3.1167,19.7039,20.2765,10.0226,113.0234,2.7536,184.0159
4361.6,282.1318,84.6247,135.203,2.5369,228.0895,14.1712,8.7278,7.711,3.0503,19.833,19.5458,10.0645,113.0738,2.7026,184.6859
4361.7,279.3279,84.6505,135.1452,2.5356,215.2702,13.9716,9.9516,8.7595,2.8984,20.1449,18.6267,10.0154,113.12,2.6383,185.162
4361.8,275.7341,84.7801,135.0792,2.5349,198.0015,13.8045,10.8875,9.5502,2.7043,20.5445,17.6283,10.0639,113.2113,2.6061,185.4356
4361.9,272.2166,84.9579,135.0026,2.5347,181.86,13.7975,11.4536,10.0196,2.522,20.8739,16.3625,10.0587,113.37,2.6847,157.749
4362.0,269.7786,85.1485,134.8918,2.5352,178.6524,13.9487,11.7778,10.282,2.3762,21.0289,14.6544,10.014,113.5733,2.5275,160.4267
4362.1,268.7914,85.3922,134.7522,2.537,175.2666,14.1377,12.0649,10.5125,2.294,20.9404,12.6515,9.9829,113.7694,2.5275,162.8024
4362.2,268.1527,85.6342,134.5533,2.5407,170.3009,14.324,12.481,10.8583,2.2106,20.6161,10.8628,10.0541,113.9294,2.1887,163.6027
4362.3,268.2131,85.6577,134.0452,2.5459,165.0974,14.3852,13.012,11.3167,2.1264,20.1413,9.6275,10.05,114.0632,1.9997,160.531
4362.4,269.4684,85.5626,133.3447,2.5529,160.5719,14.3228,13.5555,11.7979,2.0461,19.5558,9.0116,9.9893,114.203,1.9055,153.5312
4362.5,271.1709,85.3775,132.5295,2.5609,157.547,14.3574,13.8912,12.0897,1.9703,18.8198,8.7941,10.0553,114.3719,1.8722,147.635
4362.6,273.4217,85.0635,131.8809,2.5693,154.756,14.4252,13.7812,11.9691,1.9088,17.9407,8.5788,10.0904,114.5715,1.8393,142.1345
4362.7,276.6375,84.5118,131.5123,2.5779,153.4281,14.6127,13.054,11.2904,1.8572,16.956,8.1896,10.0112,114.7881,1.7797,138.8743
4362.8,280.633,83.7581,131.3814,2.5866,154.1856,14.731,11.702,10.078,1.8061,16.313,7.7143,10.0269,115.0082,1.707,134.1738
4362.9,284.9301,82.7068,131.6126,2.5952,155.9288,14.731,10.2083,8.7833,1.7723,15.9046,7.3424,9.977,115.2176,1.6501,127.1062
4363.0,286.5441,81.8963,131.869,2.604,156.4135,14.5965,9.0094,7.7871,1.7619,15.7095,7.0744,10.0148,115.4068,1.6091,117.0711
4363.1,285.2361,81.3237,132.15,2.6131,152.39,14.4079,8.5672,7.4692,1.7674,15.5876,6.7863,9.9908,115.5748,1.565,105.7669
4363.2,278.8289,80.9028,132.0453,2.6222,144.5683,14.1854,9.0035,7.9227,1.7903,15.1816,6.4514,9.9884,115.7255,1.5138,93.6377
4363.3,270.8372,80.526,131.8927,2.6314,131.9668,13.9927,10.5775,9.3851,1.8185,14.6951,6.1552,9.9641,115.8599,1.4685,82.0762
4363.4,262.1155,80.1982,131.6922,2.64,117.4566,13.8406,13.8174,12.31,1.8668,14.1933,5.9861,9.9484,115.9721,1.4426,71.9675
4363.5,253.7016,80.0477,131.6088,2.6459,107.5533,13.767,18.3008,16.2719,1.9556,13.7293,5.945,9.9813,116.0495,1.4363,65.5374
4363.6,249.3492,79.9396,131.5457,2.6468,103.8249,13.7719,22.6585,20.0335,2.0929,13.3865,6.0151,9.9912,116.0824,1.447,64.9395
4363.7,248.128,79.8741,131.4997,2.6407,105.2904,13.8728,25.0535,21.9921,2.261,13.193,6.2031,9.9602,116.0692,1.4758,72.0344
4363.8,253.4917,79.8224,131.4537,2.6277,110.0073,14.0464,24.3359,21.212,2.422,13.0787,6.4864,9.9876,116.0163,1.5191,86.3631
4363.9,259.8705,79.7664,131.405,2.6098,115.33,14.2636,21.2438,18.4141,2.5417,13.054,6.8507,9.9869,115.9363,1.5749,105.4497
4364.0,266.966,79.6996,131.3515,2.5903,125.7742,14.4715,17.1638,14.8394,2.6013,13.0293,7.3137,9.9865,115.8433,1.6457,125.8251
4364.1,273.5693,79.6142,131.296,2.5711,129.749,14.6423,13.7261,11.8858,2.6013,13.019,7.7865,9.9952,115.7504,1.718,145.1444
4364.2,279.1855,79.5199,131.2431,2.5541,135.0215,14.7421,11.4879,9.9885,2.5711,13.0437,8.0839,9.9741,115.6682,1.7635,161.2029
4364.3,283.8686,79.4143,131.197,2.5403,144.7833,14.7531,10.3267,9.0207,2.5329,13.1248,8.1942,10.0017,115.604,1.7804,172.81
4364.4,284.8356,79.3136,131.1578,2.5303,151.8398,14.685,9.8611,8.642,2.4983,13.1999,8.1799,9.9522,115.561,1.7782,179.5969
4364.5,285.7177,79.2235,131.1202,2.5245,158.4948,14.5433,9.5417,8.3779,2.4672,13.4737,7.9712,9.9668,115.5404,1.7463,181.4136
4364.6,286.5012,79.1592,131.082,2.522,159.8993,14.3723,9.253,8.1333,2.4343,13.8655,7.5417,9.9724,115.5414,1.6806,190.1944
4364.7,286.6919,79.1257,131.0299,2.5224,159.5104,14.1958,9.1445,8.0455,2.3879,14.2938,7.146,9.9462,115.5629,1.62,190.039
4364.8,286.5925,79.1101,130.9659,2.5261,157.414,14.0278,9.3408,8.232,2.332,14.856,6.9141,9.9246,115.6036,1.5846,188.6717
4364.9,286.1488,79.1195,130.8767,2.5329,154.6132,13.8907,9.8565,8.7151,2.2743,15.3344,6.8219,9.8964,115.6614,1.5704,186.1743
4365.0,285.1744,79.1301,130.7539,2.5416,152.4225,13.7781,10.6594,9.4647,2.2333,15.8362,6.8124,9.8165,115.7318,1.569,182.9491
4365.1,283.9799,79.136,130.61,2.5505,150.3261,13.6696,11.5887,10.318,2.2594,16.5145,6.8579,9.7771,115.8081,1.576,179.6537
4365.2,282.5012,79.1162,130.4359,2.5583,149.2108,13.6095,12.4619,11.0931,2.4277,17.3131,6.9436,9.8669,115.8815,1.5891,176.7421
4365.3,281.3403,79.0837,130.2889,2.5636,151.8492,13.541,13.0809,11.6091,2.4972,18.2126,7.1262,9.8889,115.9436,1.617,174.8033
4365.4,280.3094,79.0467,130.1698,2.5664,156.2338,13.5545,13.3204,11.7793,2.5333,19.004,7.8583,9.8613,115.9876,1.729,173.7811
4365.5,279.4344,79.0281,130.1461,2.5677,162.4433,13.7667,13.2851,11.729,2.5796,19.5017,9.1536,9.9252,116.0093,1.9272,173.2722
4365.6,278.5995,79.042,130.1823,2.5673,181.6088,13.9506,13.2001,11.6715,2.6706,19.6598,10.3133,9.9308,116.008,2.1046,173.4213
4365.7,277.8609,79.0816,130.263,2.566,191.5093,14.0468,13.3566,11.8473,2.6975,19.5587,10.8239,9.8886,115.9863,2.1828,173.9185
4365.8,277.3509,79.1689,130.3905,2.5642,193.6861,13.9991,13.8119,12.2746,2.7575,19.4043,10.9432,9.8801,115.9486,2.201,174.5879
4365.9,276.8359,79.2557,130.5105,2.5619,191.7299,13.6538,14.5,12.8851,2.7649,19.3529,10.8802,9.927,115.8997,2.1914,175.4412
4366.0,276.3743,79.3412,130.6226,2.5578,186.5693,13.3424,15.2696,13.5498,2.8112,19.553,10.4228,9.9097,115.8437,2.1214,176.9444
4366.1,276.0837,79.3872,130.6713,2.5512,179.5846,13.0102,15.8218,14.0111,2.8933,19.9663,9.634,9.9555,115.7855,2.0007,179.4076
4366.2,275.9499,79.4103,130.6803,2.5419,172.0092,12.6121,15.7877,13.944,2.896,20.5029,8.774,9.9195,115.731,1.8691,182.8228
4366.3,275.891,79.4106,130.6496,2.5319,165.8628,12.2567,14.7394,12.9784,3.0278,21.0451,8.1955,9.9225,115.6863,1.7806,186.5267
4366.4,275.8815,79.3497,130.5196,2.5231,162.4778,11.9641,12.9028,11.3311,3.0658,21.5273,7.942,9.8869,115.6552,1.7418,189.7923
4366.5,276.0428,79.2496,130.3509,2.5161,162.6524,11.811,10.7932,9.4718,3.0907,21.9534,7.9234,9.968,115.6344,1.739,192.385
4366.6,276.302,79.1039,130.138,2.5088,166.9457,11.858,9.0747,7.9902,3.1121,22.321,8.1607,9.8817,115.6139,1.7753,152.4791
4366.7,276.6463,78.9369,130.0226,2.4994,174.1615,11.9967,8.123,7.2061,3.1288,22.5917,8.6769,9.8826,115.5799,1.8543,156.0893
4366.8,276.7518,78.8106,130.0424,2.4879,182.6495,12.2329,7.9328,7.1123,3.1302,22.7236,9.3631,9.9011,115.5216,1.9592,160.4628
4366.9,276.6902,78.7472,130.2505,2.4756,190.3565,12.4997,8.5446,7.7516,3.1076,22.7026,10.0369,9.9482,115.4385,2.0623,165.1573
4367.0,276.4543,78.7671,130.717,2.4651,195.0398,12.8265,9.946,9.0936,3.0619,22.5905,10.5662,9.8945,115.3451,2.1433,169.1392
4367.1,276.2604,78.7409,131.1815,2.4582,196.6737,13.1515,11.714,10.7159,3.0056,22.4868,10.9813,9.9099,115.2736,2.2068,171.7995
4367.2,276.0823,78.6104,131.5784,2.4555,196.6998,13.4466,13.114,11.9358,2.9362,22.4721,11.4196,9.9679,115.2649,2.2739,172.8168
4367.3,275.6185,78.1253,131.4345,2.4575,198.3242,13.7321,13.309,12.0248,2.8392,22.6002,12.1769,9.9363,115.3562,2.3898,172.0437
4367.4,273.8678,77.4276,130.9385,2.4631,204.4064,13.9324,12.418,11.1548,2.7183,22.796,13.3679,9.9537,115.5713,2.572,165.812
4367.5,270.9348,76.4124,129.897,2.4707,215.3347,14.0808,11.0512,9.9155,2.59,22.9077,14.8102,9.9391,115.9134,4.1738,177.8141
4367.6,264.7867,75.231,128.302,2.4778,228.0297,14.0059,10.3139,9.3219,2.4974,22.6728,16.062,9.8925,116.366,4.3023,175.1008
4367.7,257.7912,74.0466,126.4811,2.4832,237.8138,13.7881,11.0712,10.13,2.448,22.0495,16.9608,9.9162,116.8983,4.3946,173.0594
4367.8,249.9046,72.9854,124.4511,2.4868,242.3181,13.4616,14.3088,13.2181,2.4254,21.1241,17.6766,9.9,117.465,4.4681,171.6661
4367.9,243.7131,71.9732,122.4692,2.4894,241.4857,12.9333,21.5638,19.9361,2.3974,20.1101,18.4581,9.9357,118.0049,4.5483,170.6815
4368.0,238.9366,71.1441,120.6761,2.4919,239.213,12.4303,32.1206,29.5738,2.3463,19.2291,19.3391,9.9038,118.4364,4.6387,169.7509
4368.1,235.9449,70.934,119.5212,2.494,237.8609,11.891,43.8524,40.1532,2.2826,18.5528,20.2157,9.9801,118.6668,4.7287,168.934
4368.2,235.2834,71.5916,119.5553,2.495,237.9512,11.2532,53.468,48.6855,2.2166,18.0872,21.0021,9.9367,118.6269,4.8095,168.5755
4368.3,235.7936,72.7786,120.3477,2.4942,239.276,10.7329,58.8049,53.3196,2.1472,17.8397,21.7857,9.8786,118.3021,4.8899,203.8124
4368.4,237.785,74.6542,122.256,2.4918,243.2091,10.2128,60.5615,54.7811,2.0804,17.8979,22.9024,9.9535,117.7384,5.0045,204.7037
4368.5,243.562,76.5241,124.5632,2.4877,255.1977,9.8528,60.9469,55.0282,2.036,18.3953,24.973,9.9478,117.0168,5.2171,206.2014
4368.6,250.4995,78.3982,127.1271,2.4822,282.7655,10.3447,62.1685,55.8736,2.0496,19.2593,28.3625,9.8933,116.2176,5.5651,208.2602
4368.7,257.0199,80.3294,129.9373,2.4756,325.0711,10.9236,63.989,57.0253,2.0895,20.0998,32.3275,9.9371,115.4118,5.9721,210.7118
4368.8,264.0439,82.2382,132.7751,2.4685,373.1212,11.9157,64.5954,56.937,2.1514,20.4158,35.5991,9.9545,114.6614,6.308,213.3184
4368.9,272.2692,84.0982,135.5115,2.462,406.8191,13.023,61.8132,53.9057,2.2267,19.7398,36.6439,9.9696,114.0185,6.4152,215.7322
4369.0,277.515,85.4931,136.5975,2.4565,411.5982,13.8597,55.9824,48.4162,2.3147,18.8255,35.8873,9.9574,113.5242,6.3376,217.7524
4369.1,277.233,86.3842,137.3881,2.4524,384.4097,14.5442,48.5704,41.7819,2.4153,17.9446,33.1459,9.9837,113.2064,6.0561,219.2912
4369.2,273.165,86.8283,137.9311,2.4493,334.8888,14.8239,41.7789,35.8483,2.5135,16.0168,27.92,9.991,113.0904,5.5196,220.4167
4369.3,267.652,86.084,138.4741,2.4473,286.3035,14.8711,36.6613,31.3957,2.5853,13.3987,23.1506,9.9473,113.2009,5.03,221.1613
4369.4,261.719,85.1841,136.8625,2.447,249.9055,14.7325,33.0036,28.1851,2.6215,13.1757,20.2269,9.9776,113.5514,4.7299,221.2901
4369.5,257.657,84.1255,133.0614,2.4492,227.515,14.2941,29.6485,25.206,2.6357,13.552,17.8353,9.8958,114.1343,4.4844,220.479
4369.6,255.347,82.2959,127.8778,2.4537,208.9547,13.8374,25.4429,21.5111,2.6501,14.3078,14.9194,9.8922,114.9144,4.3302,218.8059
4369.7,260.391,78.8482,123.8564,2.4599,187.9077,13.406,20.331,17.1029,2.6758,15.2395,11.562,9.872,115.8313,4.1729,216.5143
4369.8,260.398,73.4271,121.3163,2.4665,164.8348,13.0206,15.2062,12.7738,2.7143,16.0503,8.7882,9.8676,116.8014,3.9763,214.0716
4369.9,260.398,72.0049,119.782,2.472,146.2859,12.8221,11.3312,9.5659,2.7517,16.5316,7.2966,9.8359,117.7162,3.8191,212.0188
4370.0,260.398,71.0611,118.4756,2.4757,137.5474,12.7328,9.1724,7.8239,2.7674,16.6287,6.8164,9.8327,118.4678,3.5832,210.6537
4370.1,260.398,70.3353,117.387,2.4768,139.5599,12.8198,8.4872,7.3021,2.7346,16.2373,6.8566,9.8507,118.9918,3.3473,185.2287
4370.2,260.398,69.9271,117.252,2.476,146.2097,13.0061,8.4281,7.2795,2.6366,15.2254,7.0527,9.8574,119.2818,3.2687,189.7633
4370.3,260.371,69.5642,117.252,2.475,152.0864,13.212,8.4657,7.3325,2.4924,13.734,7.2647,9.8542,119.3906,3.2294,194.796
4370.4,258.904,69.2013,117.252,2.4729,155.9925,13.3068,8.591,7.4631,2.3367,12.2379,7.4027,9.8322,119.3932,3.1508,198.5004
4370.5,258.261,69.1385,116.6511,2.4642,157.7418,13.2004,9.0068,7.8658,2.2159,11.4403,7.3958,9.895,119.3509,3.1115,203.4266
4370.6,256.478,69.1385,116.1459,2.462,156.6043,13.032,10.1931,8.9802,2.1464,11.2344,7.2715,9.8694,119.2988,3.0328,201.7791
4370.7,255.419,69.1385,116.1459,2.4611,153.4316,12.6919,13.1566,11.6755,2.1228,11.3401,7.0566,9.8894,119.2502,3.0328,195.5705
4370.8,254.551,69.4212,116.1459,2.4609,148.8577,12.3255,19.3717,17.1738,2.1304,11.6015,6.7613,9.8674,119.2044,3.0328,188.1156
4370.9,252.589,69.6915,116.1459,2.4613,144.2817,11.861,28.0009,24.6659,2.1486,11.8718,6.4251,9.9009,119.1623,3.1115,178.3268
4371.0,251.432,69.6915,116.1459,2.4618,140.016,11.4056,37.4846,32.7015,2.1961,12.2867,6.0758,9.8644,119.1275,3.1115,168.4748
4371.1,251.432,69.9568,116.1459,2.4638,136.0807,11.1394,44.247,38.1043,2.249,12.7859,5.749,9.8837,119.1039,3.1115,161.4236
4371.2,251.432,70.3197,116.2214,2.4665,133.1228,11.0308,45.1917,38.3719,2.2824,13.1439,5.4722,9.8911,119.0954,3.1508,156.9781
4371.3,251.432,70.6826,116.5843,2.4683,131.4476,11.1645,39.705,33.2251,2.2994,13.3799,5.2645,9.8769,119.1059,3.1565,158.2029
4371.4,250.753,70.7976,116.699,2.4695,131.4018,11.3096,29.5491,24.4087,2.2938,13.3718,5.1462,9.8469,119.1402,3.1565,160.2178
4371.5,249.938,70.7976,116.6409,2.4702,132.0847,11.3351,19.122,15.6809,2.3098,13.1304,5.1151,9.8626,119.2054,3.1565,212.6853
4371.6,249.939,70.7976,116.278,2.4722,133.3085,11.2271,11.4994,9.4851,2.315,12.7698,5.1621,9.8445,119.3078,3.1565,211.9625
4371.7,250.593,70.5672,115.9152,2.4781,134.5959,10.991,7.8686,6.6506,2.3152,12.4186,5.2893,9.8821,119.4499,3.1565,209.7653
4371.8,251.934,70.2446,115.471,2.4869,135.4697,10.8077,7.1784,6.2198,2.3056,12.1416,5.4811,9.8488,119.6282,2.9992,206.5118
4371.9,252.268,70.2446,114.3823,2.4957,135.6579,10.6872,8.1202,7.1616,2.2727,11.9795,5.6915,9.834,119.8328,2.9206,203.2715
4372.0,252.04,69.6055,113.7205,2.5022,134.6839,10.5868,11.415,10.141,2.2171,11.9484,5.8734,9.8491,120.0487,2.7633,200.8536
4372.1,251.37,68.5855,113.3808,2.5044,131.0466,10.4789,18.9091,16.6936,2.1605,12.0374,5.9839,9.8041,120.256,2.6061,200.0318
4372.2,250.451,68.5855,113.3808,2.5036,123.5244,10.3864,29.9984,26.1531,2.1066,12.1966,6.0272,9.7499,120.4306,2.5275,200.3284
4372.3,249.569,68.5855,113.3808,2.5016,114.9346,10.3079,41.5907,35.7434,2.0551,12.4148,6.0193,9.6621,120.5457,2.4488,201.0865
4372.4,248.87,68.5855,113.3924,2.4996,106.9467,10.2432,47.1937,39.9596,2.0139,12.6947,5.991,9.6574,120.576,2.2859,201.8128
4372.5,248.252,68.5855,114.1182,2.4985,103.1516,10.2236,44.4761,37.1416,1.9654,12.8968,5.9886,9.6486,120.5046,2.1679,202.2082
4372.6,247.507,68.7637,115.201,2.499,99.9397,10.2179,35.0221,28.8864,1.9015,12.8119,6.0409,9.6327,120.3341,2.0893,202.0545
4372.7,246.531,69.1266,116.6525,2.5015,96.8193,10.2549,23.7816,19.5132,1.8278,12.2325,6.1612,9.7507,120.0893,2.0893,212.7701
4372.8,245.357,69.8403,117.4015,2.5063,93.7948,10.3417,15.803,13.0858,1.7455,11.3856,6.3244,9.7921,119.8119,2.0893,211.029
4372.9,244.092,70.5661,117.805,2.5133,92.2634,10.4073,12.2621,10.3655,1.6563,10.6529,6.5128,9.7698,119.5427,2.0893,208.469
4373.0,242.929,71.2919,117.805,2.5217,91.2641,10.4638,11.8685,10.135,1.6007,10.1946,6.7168,9.7733,119.3067,2.1286,205.3805
4373.1,242.122,71.6841,118.4727,2.5264,90.5824,10.5018,12.4673,10.646,1.559,9.9356,6.9074,9.7825,119.1113,2.1679,203.645
4373.2,241.998,72.047,118.9111,2.525,91.4999,10.5274,13.2499,11.2814,1.5332,9.7703,7.0326,9.7941,118.9513,2.2072,204.1578
4373.3,242.882,72.4099,118.9111,2.5228,92.2525,10.6184,14.015,11.8962,1.5294,9.605,7.0323,9.7773,118.8159,2.0799,204.9782
4373.4,244.629,72.4567,118.5947,2.5195,92.6273,10.677,15.0001,12.7214,1.5294,9.4104,6.8946,9.7896,118.6989,2.1343,206.1702
4373.5,246.959,72.4567,118.1055,2.5205,93.1411,10.7555,16.8396,14.295,1.5294,9.2816,6.6805,9.7957,118.6035,2.2916,205.8306
4373.6,249.387,72.4567,117.3797,2.5238,95.4557,10.8584,20.1216,17.0931,1.5294,9.2488,6.4404,9.7858,118.5399,2.5275,213.0096
4373.7,251.427,72.4567,117.551,2.524,98.8202,11.0024,24.8021,21.0604,1.5294,9.3015,6.2067,9.8156,118.518,2.6847,212.9542
4373.8,252.874,72.4567,117.805,2.5217,101.758,11.1887,29.7732,25.2614,1.5347,9.3838,5.9977,9.794,118.5363,2.9206,213.7923
4373.9,253.556,72.4567,117.805,2.5178,105.085,11.3898,34.315,29.0789,1.5567,9.4765,5.8431,9.831,118.5822,2.9992,215.1872
4374.0,253.583,71.8942,118.0866,2.5131,106.8387,11.5889,38.2914,32.3568,1.6056,9.6381,5.8038,9.7779,118.6377,2.9992,216.9121
4374.1,253.024,71.3506,118.358,2.5093,107.7626,11.7654,42.1072,35.405,1.6395,9.9424,5.883,9.7718,118.6825,2.9206,218.2885
4374.2,252.153,71.3506,118.358,2.5053,108.9968,11.8864,45.2624,37.7942,1.6653,10.3087,6.0694,9.7984,118.6977,2.9206,219.7302
4374.3,251.594,71.3506,118.358,2.5026,110.3221,12.0347,45.6105,37.7931,1.7297,10.6253,6.3545,9.8046,118.6675,2.842,220.7125
4374.4,251.717,71.498,118.5801,2.5007,112.5012,12.1746,41.9442,34.5225,1.8399,10.9373,6.7173,9.7905,118.5778,2.6847,221.4099
4374.5,252.406,72.2237,119.6688,2.4993,114.3926,12.312,34.9976,28.6688,1.9396,11.23,7.1383,9.8068,118.4194,2.5275,221.9229
4374.6,253.173,72.4567,121.0042,2.4985,116.0469,12.4777,27.139,22.2189,1.9978,11.4835,7.5737,9.807,118.1896,2.3645,233.8585
4374.7,253.874,72.6254,122.2859,2.4984,117.6254,12.5451,17.8711,14.8514,2.0389,11.6928,7.9605,9.793,117.893,2.2466,233.917
4374.8,254.892,73.7141,122.6487,2.4996,119.3556,12.5641,16.8764,14.14,2.1053,11.9101,8.2717,9.808,117.5457,2.2072,233.4622
4374.9,256.941,74.5737,124.1583,2.5035,121.9722,12.5909,17.1967,14.449,2.186,12.2005,8.4978,9.8093,117.1741,2.1286,232.0572
4375.0,260.289,75.3383,126.2572,2.5093,123.4169,12.6687,17.9064,15.0377,2.2756,12.4775,8.6274,9.7944,116.809,2.1286,229.9852
4375.1,264.915,76.427,127.7087,2.5179,127.1937,12.8336,18.4562,15.471,2.33,12.6927,8.662,9.776,116.4843,2.1286,226.8807
4375.2,270.324,77.304,128.5245,2.527,130.4404,13.0612,18.4472,15.4476,2.3659,12.9377,8.613,9.8083,116.2279,2.1286,223.6161
4375.3,275.276,77.987,128.9497,2.5382,131.5652,13.3401,17.9241,15.0124,2.3925,13.1531,8.5116,9.8058,116.0596,2.1343,219.5785
4375.4,278.424,77.987,130.3509,2.5496,130.8479,13.5998,17.082,14.2931,2.4,13.2438,8.369,9.7817,115.9949,2.213,215.4721
4375.5,278.222,77.987,131.2478,2.5635,131.3373,13.8178,15.9115,13.2606,2.3884,13.2471,8.1263,9.7853,116.05,2.3702,210.4666
4375.6,275.15,77.979,131.7021,2.5842,131.3408,13.9233,14.2118,11.784,2.3382,13.3596,7.6996,9.7852,116.2484,2.7633,203.0044
4375.7,270.332,77.2532,131.6656,2.6126,130.0588,13.8656,12.3067,10.2,2.2447,13.4497,7.1956,9.7724,116.6137,3.0778,192.7843
4375.8,264.587,76.4914,131.0591,2.6417,126.1375,13.674,10.8646,9.0741,2.133,13.4235,6.7524,9.7899,117.1565,3.0778,182.2769
4375.9,258.182,75.6916,129.8544,2.6723,119.8548,13.32,10.5132,8.9204,2.0414,13.2918,6.3223,9.8009,117.8775,2.7891,171.2994
4376.0,250.844,73.7638,127.6786,2.6973,113.0474,12.9243,12.4198,10.7507,1.9814,13.0921,5.5598,9.7874,118.763,2.1208,162.2988
4376.1,242.199,71.6889,125.2525,2.7133,104.3214,12.4507,18.5799,16.29,1.9393,12.8274,4.2609,9.8179,119.8049,1.2166,156.5545
4376.2,232.162,69.4814,122.5541,2.7251,92.8019,11.9012,30.8779,27.076,1.9056,12.4322,2.6505,9.8051,120.9908,0.7841,152.3094
4376.3,220.904,66.8304,119.3768,2.7278,80.6257,11.2738,32.3616,28.3735,1.8794,11.8956,1.322,9.7912,122.2973,0.5483,151.3096
4376.4,208.964,62.9818,116.522,2.7274,71.0158,10.6929,47.1194,41.0384,1.8585,11.219,0.54,9.7905,123.6842,0.1944,10.0
4376.5,197.643,57.3322,114.2356,2.7275,65.9282,10.0035,61.2055,52.9349,1.8282,10.4834,0.2207,9.7757,125.1078,0.1158,10.0
4376.6,188.378,55.9863,111.414,2.7291,64.3079,9.2087,71.9639,61.8663,1.7665,10.0913,0.1617,9.779,126.4928,0.1158,10.0
4376.7,182.088,55.529,108.7606,2.7325,63.308,8.461,78.5719,67.2564,1.6702,10.0742,0.2769,9.7647,127.7539,0.1158,10.0
4376.8,179.004,55.509,106.5833,2.7373,61.5262,7.6206,83.0951,70.935,1.553,9.8414,0.5496,9.8269,128.7908,0.0,10.0
4376.9,177.607,55.5054,106.1914,2.7438,59.0597,7.0511,87.1003,74.2178,1.4483,9.143,0.8716,9.7763,129.5382,0.0,10.0
4377.0,177.119,55.5054,106.1914,2.7508,56.8898,6.5052,89.9615,76.5017,1.3801,8.4137,1.1188,9.8088,129.9901,0.0,10.0
4377.1,177.447,55.5054,106.1914,2.7574,55.4421,5.92,89.7093,76.095,1.3544,7.8535,1.2701,9.8093,130.1942,0.0,10.0
4377.2,178.584,55.5054,106.7517,2.7607,54.5881,5.253,84.8366,71.777,1.3669,7.3623,1.354,9.7722,130.2091,0.0,10.0
4377.3,180.374,55.5054,107.3875,2.7596,53.862,4.5966,75.4416,63.7424,1.3982,6.9159,1.3974,9.7946,130.0851,0.0,10.0
4377.4,182.404,55.5054,107.7504,2.7535,53.2479,4.1109,63.9381,54.1103,1.443,6.5846,1.3826,9.785,129.8529,0.0,10.0
4377.5,184.216,55.8636,108.376,2.744,52.9523,3.944,53.8306,45.8267,1.5017,6.4323,1.2859,9.7819,129.5441,0.0,10.0
4377.6,185.666,56.4653,108.9566,2.7337,52.9796,4.1102,47.5329,40.8496,1.5699,6.3992,1.1315,9.7784,129.21,0.0,10.0
4377.7,186.757,57.4945,108.9566,2.7239,53.2055,4.5849,45.6895,39.6182,1.6403,6.4046,0.9612,9.8035,128.918,0.0,10.0
4377.8,187.525,58.2276,108.9566,2.7155,53.4719,5.2528,46.8076,40.7927,1.7031,6.3904,0.825,9.8339,128.7416,0.0,10.0
4377.9,187.934,58.7376,108.8463,2.7088,53.6198,5.8927,48.8898,42.689,1.7506,6.3348,0.7574,9.7745,128.7383,0.0,10.0
4378.0,187.868,58.7944,108.1205,2.7046,53.6441,6.4134,50.6611,44.2977,1.7822,6.2396,0.76,9.8139,128.935,0.0,10.0
4378.1,187.215,57.9184,107.3947,2.7031,53.6932,6.7813,51.601,45.2986,1.8006,6.1072,0.824,9.7934,129.3163,0.0,10.0
4378.2,186.086,56.5171,106.7067,2.7029,53.9482,6.8728,52.0363,45.5075,1.8104,5.9482,0.9245,9.7628,129.8261,0.0,10.0
4378.3,184.545,55.3743,106.3438,2.7111,54.4462,6.7384,53.1871,46.056,1.8136,5.8065,1.0357,9.7931,130.3778,0.0,10.0
4378.4,182.711,53.9988,105.7705,2.7186,55.2609,6.4501,54.3161,47.1995,1.8064,5.7841,1.1582,9.812,130.8847,0.0,10.0
4378.5,180.913,52.5013,105.0854,2.7204,56.6526,6.0442,56.3732,49.2085,1.7824,6.0383,1.3118,9.7829,131.2856,0.0,10.0
4378.6,179.538,51.8124,105.0854,2.7204,58.6957,5.6511,59.6664,52.1171,1.7434,6.521,1.4901,9.8163,131.553,0.0,10.0
4378.7,179.179,51.447,105.0854,2.7214,61.1784,5.3349,63.4213,55.3521,1.6939,7.0657,1.6623,9.8015,131.6896,0.0,10.0
4378.8,179.874,51.3708,105.0854,2.7228,62.5057,5.1036,66.3086,57.8026,1.6417,7.4393,1.7834,9.7783,131.7182,0.0,10.0
4378.9,181.222,51.8248,105.0854,2.7237,64.0662,4.9526,67.2083,58.5239,1.5933,7.6226,1.8575,9.739,131.6693,0.0,10.0
4379.0,182.479,52.3195,105.261,2.724,64.2484,4.9551,65.683,57.1861,1.5484,7.7006,1.9042,9.7771,131.5713,0.0,10.0
4379.1,183.009,52.8579,105.6239,2.7229,63.1921,5.1323,62.7411,54.7019,1.5001,7.7211,1.9226,9.7752,131.4433,0.0,10.0
4379.2,182.756,53.3963,105.6384,2.72,61.6941,5.351,60.2242,52.6716,1.4416,7.6486,1.8831,9.7682,131.297,0.0,10.0
4379.3,181.964,54.1262,105.6384,2.7155,59.4396,5.5346,59.6864,52.4173,1.3739,7.4526,1.7637,9.7623,131.1495,0.0,10.0
4379.4,181.038,55.1047,105.6384,2.711,56.1386,5.6001,61.6341,54.336,1.3067,7.1709,1.5893,9.7685,131.0244,0.0,10.0
4379.5,180.217,55.3793,105.6384,2.7088,52.4427,5.526,65.1707,57.6074,1.2552,6.9003,1.4458,9.7894,130.9455,0.0,10.0
4379.6,179.583,55.5054,105.6384,2.7103,49.4963,5.3465,68.8243,60.9322,1.2266,6.6808,1.363,9.8177,130.9246,0.0,10.0
4379.7,179.167,55.5054,105.6384,2.7152,47.9932,5.0778,71.4403,63.3076,1.221,6.4866,1.3312,9.7915,130.9554,0.0,10.0
4379.8,178.785,55.5054,105.6384,2.7205,47.7084,4.752,72.6558,64.448,1.2317,6.2721,1.3316,9.7912,131.0205,0.0,10.0
4379.9,178.138,55.3624,105.6384,2.7229,47.888,4.4193,73.3346,65.1581,1.2501,6.0296,1.3421,9.8102,131.104,0.0,10.0
4380.0,176.859,54.9407,105.6384,2.7209,48.1009,4.0497,74.9239,66.7558,1.2738,5.772,1.3557,9.7945,131.1981,0.0,10.0
4380.1,175.19,54.4239,105.3423,2.716,48.1487,3.6496,80.21,71.7388,1.3024,5.5179,1.3736,9.8046,131.3069,0.0,10.0
4380.2,173.6,53.8856,104.9794,2.7116,48.068,3.2989,89.7424,80.5007,1.3335,5.2859,1.3939,9.8661,131.4451,0.0,10.0
4380.3,172.686,53.3471,104.6165,2.7094,47.8772,3.0732,102.743,92.2558,1.3645,5.0957,1.4135,9.8136,131.629,0.0,10.0
4380.4,172.605,52.4959,103.9749,2.7097,47.5964,3.1031,116.2046,104.2549,1.3915,4.9904,1.4261,9.8426,131.8654,0.0,10.0
4380.5,173.172,51.6159,103.3377,2.7108,47.4998,3.3155,126.2429,113.1832,1.4119,5.006,1.4251,9.8137,132.145,0.0,10.0
4380.6,174.045,50.9424,102.9749,2.7116,47.8676,3.5707,131.8268,119.8853,1.4235,5.1846,1.4076,9.8368,132.4424,0.0,10.0
4380.7,174.792,50.6526,102.3507,2.7114,48.9826,3.7133,139.4476,123.3949,1.4244,5.5432,1.3759,9.827,132.7308,0.0,10.0
4380.8,175.128,50.5401,101.6961,2.7104,50.6853,3.6623,158.8927,125.3763,1.4166,5.9718,1.3416,9.7956,132.9969,0.0,10.0
4380.9,174.804,50.5401,101.3332,2.7096,52.55,3.424,181.9451,136.0596,1.4011,6.3424,1.3151,9.8064,133.2387,0.0,10.0
4381.0,173.767,50.5401,100.9703,2.7101,53.8012,3.0415,210.2545,156.7142,1.3745,6.5405,1.3051,9.7899,133.4597,0.0,10.0
4381.1,172.279,50.5401,100.6611,2.7124,53.7011,2.6126,237.8972,183.9766,1.3331,6.5239,1.3189,9.7773,133.6651,0.0,10.0
4381.2,170.626,50.5401,100.6611,2.7156,52.2554,2.2181,273.054,220.9122,1.2773,6.3299,1.3566,9.811,133.8575,0.0,10.0
4381.3,169.089,50.5401,100.4347,2.7181,49.8517,1.9044,323.7922,247.2133,1.2115,6.0246,1.4098,9.8078,134.0412,0.0,10.0
4381.4,167.824,50.4739,100.0718,2.7194,47.2042,1.6821,458.541,268.6895,1.146,5.7069,1.4613,9.831,134.22,0.0,10.0
4381.5,166.892,49.8052,99.7089,2.7203,44.9268,1.5203,596.3145,311.5588,1.0893,5.437,1.4993,9.8199,134.3918,0.0,10.0
4381.6,166.346,49.3185,99.5551,2.7219,43.2574,1.3948,722.7557,382.8537,1.0462,5.2216,1.5213,9.8494,134.5469,0.0,10.0
4381.7,166.042,48.9831,99.5551,2.725,42.1631,1.2876,819.1983,490.5479,1.0203,5.0426,1.5232,9.8345,134.6733,0.0,10.0
4381.8,165.856,48.9633,99.5551,2.7289,41.2632,1.1896,851.4532,602.2374,1.0101,4.8715,1.4973,9.8135,134.7591,0.0,10.0
4381.9,165.653,48.9725,99.5551,2.7327,40.3536,1.1054,873.2466,681.8396,1.0165,4.6999,1.4354,9.8042,134.7986,0.0,10.0
4382.0,165.357,49.0077,99.5551,2.735,39.2919,1.0516,901.7935,743.3401,1.0427,4.5427,1.3308,9.8141,134.7933,0.0,10.0
4382.1,164.977,49.0344,99.5551,2.7347,38.2781,1.0359,906.4051,741.1934,1.0843,4.4177,1.2018,9.8476,134.7498,0.0,10.0
4382.2,164.577,49.0543,99.7293,2.7313,37.701,1.0606,895.6753,724.4678,1.1367,4.3257,1.0597,9.8478,134.6796,0.0,10.0
4382.3,164.248,49.0669,100.0921,2.7247,37.7211,1.1194,865.1254,688.5657,1.1939,4.2548,0.9247,9.8322,134.5984,0.0,10.0
4382.4,164.073,49.0704,100.1081,2.7168,37.9797,1.1876,805.2415,625.4614,1.2485,4.1917,0.8184,9.8278,134.5239,0.0,10.0
4382.5,164.14,49.0705,100.1081,2.7098,38.2106,1.235,738.3083,577.9269,1.2964,4.1371,0.7494,9.8673,134.4725,0.0,10.0
4382.6,164.461,49.0666,100.1081,2.7057,38.498,1.2666,667.8376,521.95,1.3345,4.0975,0.7184,9.8189,134.4542,0.0,10.0
4382.7,164.901,49.028,100.1081,2.7048,39.0886,1.2802,610.5067,474.0476,1.3613,4.0749,0.7207,9.8046,134.4697,0.0,10.0
4382.8,165.312,48.9715,100.1081,2.7062,40.0237,1.2627,580.0738,444.0287,1.3766,4.0497,0.7503,9.8036,134.5112,0.0,10.0
4382.9,165.539,48.8919,100.1081,2.709,41.0624,1.2239,573.3711,438.2799,1.3816,4.0017,0.8037,9.8409,134.5669,0.0,10.0
4383.0,165.572,48.8363,100.1081,2.7124,41.7903,1.1604,583.8237,455.9973,1.3743,3.9265,0.8706,9.8217,134.6239,0.0,10.0
4383.1,165.453,48.8095,100.1081,2.7156,42.0637,1.078,594.9353,478.1558,1.351,3.8441,0.9437,9.8763,134.6715,0.0,10.0
4383.2,165.249,48.8324,100.1081,2.7178,41.9569,0.9967,596.776,495.0494,1.3256,3.7692,1.0135,9.8671,134.7025,0.0,10.0
4383.3,165.044,48.874,100.4028,2.7183,41.6168,0.9493,594.4041,501.5569,1.2959,3.7326,1.0625,9.8486,134.7163,0.0,10.0
4383.4,164.875,48.9008,100.6611,2.7178,41.158,0.9462,582.9881,492.0548,1.2646,3.7422,1.0868,9.8438,134.7187,0.0,10.0
4383.5,164.771,48.8799,100.6611,2.7166,40.6278,0.9842,563.0596,477.4333,1.234,3.7847,1.0917,9.8522,134.7178,0.0,10.0
4383.6,164.72,48.8079,100.6611,2.7147,40.1294,1.049,548.1148,459.1734,1.2048,3.827,1.0914,9.8531,134.7184,0.0,10.0
4383.7,164.682,48.7279,100.6611,2.712,39.7229,1.1117,541.1578,445.4497,1.1782,3.8412,1.1017,9.8483,134.7176,0.0,10.0
4383.8,164.6,48.6734,100.6611,2.7085,39.3651,1.1507,545.5674,440.0882,1.1538,3.8242,1.1285,9.8618,134.7072,0.0,10.0
4383.9,164.441,48.6984,100.4013,2.7049,38.9836,1.1446,567.3093,445.3069,1.1316,3.7856,1.1715,9.8561,134.6802,0.0,10.0
4384.0,164.223,48.7724,99.9688,2.7021,38.5842,1.1039,594.4244,462.874,1.1117,3.7376,1.2241,9.8625,134.6369,0.0,10.0
4384.1,163.994,48.919,99.243,2.7003,38.2542,1.0439,626.2219,484.0963,1.0939,3.6853,1.2801,9.8605,134.5849,0.0,10.0
4384.2,163.825,49.0366,99.2445,2.6999,38.2197,0.948,666.3619,515.9612,1.0802,3.6373,1.3308,9.8839,134.5365,0.0,10.0
4384.3,163.75,49.1222,99.5551,2.701,38.5935,0.8718,701.4396,551.5604,1.0716,3.6067,1.3652,9.8647,134.5016,0.0,10.0
4384.4,163.769,49.1028,99.5551,2.7033,39.1318,0.8647,727.2216,586.5667,1.0689,3.6053,1.3764,9.865,134.4848,0.0,10.0
4384.5,163.862,49.0678,99.5551,2.7064,39.5051,0.925,743.6887,616.935,1.0734,3.6431,1.3609,9.8799,134.4834,0.0,10.0
4384.6,164.008,49.0325,99.5551,2.7087,39.5225,1.0594,742.2986,632.2786,1.0863,3.7208,1.3205,9.8838,134.4903,0.0,10.0
4384.7,164.226,49.0866,99.5551,2.7097,39.3429,1.2409,767.812,616.4661,1.1072,3.8209,1.2628,9.88,134.4991,0.0,10.0
4384.8,164.55,49.1773,99.5551,2.71,39.2041,1.4287,764.6387,645.2716,1.1356,3.9342,1.1896,9.8851,134.5098,0.0,10.0
4384.9,164.943,49.2926,99.5551,2.7113,39.3139,1.5549,762.1972,594.878,1.1721,4.0654,1.1017,9.8856,134.5287,0.0,10.0
4385.0,165.353,49.3484,99.5551,2.7142,39.7342,1.5908,760.9864,537.7166,1.2141,4.2334,1.0053,9.8985,134.5633,0.0,10.0
4385.1,165.703,49.3354,99.3649,2.7177,40.5482,1.5481,667.58,502.2301,1.2575,4.4593,0.9068,9.9032,134.6149,0.0,10.0
4385.2,165.951,49.2594,99.002,2.7196,41.7741,1.4774,631.8727,414.5156,1.2953,4.7346,0.8244,9.8926,134.6772,0.0,10.0
4385.3,166.086,49.1177,99.002,2.719,43.0893,1.4304,579.1676,410.521,1.3215,5.0002,0.7705,9.8881,134.7393,0.0,10.0
4385.4,166.089,49.0077,99.002,2.7164,44.0976,1.4073,566.9514,426.5575,1.3345,5.2181,0.7456,9.8846,134.7921,0.0,10.0
4385.5,165.97,48.9328,99.002,2.714,44.4407,1.3741,603.35,459.6543,1.335,5.3719,0.7426,9.8976,134.8326,0.0,10.0
4385.6,165.76,48.926,99.002,2.7131,44.3281,1.3055,640.8687,500.2049,1.3279,5.4728,0.7533,9.8751,134.8618,0.0,10.0
4385.7,165.496,48.9111,99.002,2.7139,44.2064,1.2091,662.7617,546.9767,1.3176,5.5127,0.7832,9.8742,134.8823,0.0,10.0
4385.8,165.203,48.8805,99.002,2.7154,44.3939,1.1025,654.1853,583.4743,1.3059,5.4696,0.8408,9.9096,134.8961,0.0,10.0
4385.9,164.883,48.8163,99.002,2.7165,44.7278,0.995,641.497,588.0436,1.2953,5.3454,0.9235,9.8837,134.9043,0.0,10.0
4386.0,164.523,48.7704,99.1399,2.7173,44.9149,0.8871,659.6005,616.6772,1.2877,5.1603,1.0225,9.9164,134.9065,0.0,10.0
4386.1,164.128,48.7604,99.5028,2.7187,44.8489,0.7922,756.3425,686.9847,1.2837,4.929,1.1307,9.8783,,0.0,10.0
4386.2,163.742,48.843,99.8657,2.7209,44.7705,0.7433,931.9396,811.8702,1.2824,4.6681,1.2446,9.8844,,0.0,10.0
4386.3,163.409,48.9602,100.2286,2.7227,44.8711,0.7549,1123.1061,971.9686,1.2813,4.4008,1.3618,9.8837,,0.0,10.0
4386.4,163.211,49.1155,100.5915,2.7226,45.0603,0.82,1273.13,1097.2114,1.2779,4.1512,1.4803,9.8554,,0.0,10.0
4386.5,163.172,49.2406,100.9543,2.7205,45.1647,0.9148,1336.9965,1150.3937,1.2714,3.9442,1.5825,9.8615,,,
4386.6,163.313,49.3414,101.2142,2.7186,45.1576,1.0145,1335.2462,1148.9263,1.2631,3.8104,1.6417,9.857,,,
4386.7,163.65,49.3992,101.2142,2.7179,45.1835,1.1158,1297.3749,1117.4166,1.2558,3.734,1.787,9.8593,,,
4386.8,164.119,49.4431,101.2142,2.717,45.4013,1.2187,1254.7148,1081.9722,1.252,3.5577,1.8285,9.9041,,,
4386.9,164.615,49.481,101.2142,2.7134,45.6789,1.3122,1221.7374,1054.5913,1.2496,,,9.8851,,,
4387.0,164.985,49.5145,101.2142,2.7059,45.7854,1.3789,1190.4233,1028.3666,1.2494,,,9.882,,,
4387.1,165.124,49.5499,101.2142,2.6965,45.4586,1.4017,1139.1565,984.6681,,,,9.9067,,,
4387.2,165.07,49.5864,101.2142,2.689,44.7882,1.3918,1053.2898,910.8608,,,,9.8697,,,
4387.3,164.906,49.6241,101.2142,2.6859,43.9255,1.3743,934.2531,808.292,,,,9.8671,,,
4387.4,164.741,49.6534,101.2142,2.688,43.016,1.3717,797.579,690.5488,,,,9.8642,,,
4387.5,164.632,49.6717,101.2142,2.6931,,1.3836,671.7336,582.2586,,,,9.9043,,,
4387.6,164.61,49.6481,101.2142,2.6986,,1.387,575.5585,499.5899,,,,9.8417,,,
4387.7,164.689,49.6111,101.2142,2.7032,,1.359,516.9585,449.2588,,,,9.8691,,,
4387.8,164.807,49.5551,101.2142,2.7068,,1.2999,492.6934,428.4083,,,,9.8329,,,
4387.9,164.885,49.3929,101.2142,2.7094,,1.2443,488.1744,424.3836,,,,9.8827,,,
4388.0,164.831,49.2418,101.008,2.7109,,1.2284,494.8188,429.6626,,,,9.8842,,,
4388.1,164.684,49.105,100.6611,2.7104,,1.2797,507.6081,439.9358,,,,9.8998,,,
4388.2,164.533,49.0991,100.6611,2.7091,,1.3757,519.988,449.9674,,,,9.8404,,,
4388.3,164.462,49.1704,100.6611,2.708,,1.4904,525.0118,454.276,,,,9.8895,,,
4388.4,164.463,49.3132,100.6611,2.708,,1.5959,509.5533,441.9346,,,,9.861,,,
4388.5,164.484,49.4836,99.9383,2.7083,,1.6754,469.0732,408.4486,,,,9.8497,,,
4388.6,164.498,49.6211,99.5551,2.7081,,1.7197,408.0497,356.9111,,,,9.8499,,,
4388.7,164.503,49.7215,99.5551,2.7065,,1.7147,343.3278,301.0948,,,,9.8862,,,
4388.8,164.504,49.7156,99.5551,2.7037,,1.6588,296.947,260.0082,,,,9.8431,,,
4388.9,164.505,49.664,99.4012,2.7003,,1.5601,277.043,241.1005,,,,9.8861,,,
4389.0,164.498,49.5581,99.0383,2.6972,,1.4371,280.4026,242.1429,,,,9.8716,,,
4389.1,164.46,49.3963,99.002,2.6958,,1.3238,292.4576,251.0298,,,,9.8431,,,
4389.2,164.36,49.2441,98.8656,2.697,,1.2476,301.4538,257.7454,,,,9.8919,,,
4389.3,164.144,49.1184,98.5027,2.7011,,1.227,304.2158,259.5807,,,,9.8945,,,
4389.4,163.8,49.056,98.1399,2.7071,,1.2615,302.5689,258.0384,,,,9.8405,,,
4389.5,163.317,49.0228,97.777,2.7133,,1.3211,299.6125,255.5999,,,,9.9131,,,
4389.6,162.709,49.0266,97.4141,2.7182,,1.3788,296.5936,253.2444,,,,9.8829,,,
4389.7,162.095,49.0187,97.343,2.72,,1.4125,294.0468,251.3602,,,,9.8403,,,
4389.8,161.577,48.9843,97.343,2.7187,,1.4276,291.9732,249.8648,,,,9.8868,,,
4389.9,161.277,48.889,97.343,2.7149,,1.4387,290.2726,248.6213,,,,9.8832,,,
4390.0,161.206,48.7302,97.343,2.7105,,1.4666,288.8603,247.5134,,,,9.8603,,,
4390.1,161.326,48.5587,97.343,2.7082,,1.518,287.6398,246.4744,,,,9.8494,,,
4390.2,161.579,48.4132,97.343,2.709,,1.5882,286.5959,245.516,,,,9.8768,,,
4390.3,161.873,48.307,97.343,2.7128,,1.6655,285.7173,244.6673,,,,9.8856,,,
4390.4,162.153,48.2228,97.4097,2.7172,,1.739,284.9433,243.916,,,,9.9295,,,
4390.5,162.426,48.1649,97.7726,2.7202,,1.81,284.2295,243.2336,,,,9.8558,,,
4390.6,162.767,48.1208,97.896,2.7203,,1.89,283.5553,242.5927,,,,,,,
4390.7,163.222,48.0956,98.044,2.7177,,1.9975,282.901,241.9575,,,,,,,
4390.8,163.798,48.145,99.1327,2.7132,,2.1483,282.2486,241.3046,,,,,,,
4390.9,164.452,48.2363,99.7772,2.7073,,2.3523,281.5828,240.6313,,,,,,,
4391.0,165.128,48.3573,100.14,2.7019,,2.589,280.8667,239.9475,,,,,,,
4391.1,165.803,48.5104,100.5029,2.6988,,2.8023,280.0327,239.2256,,,,,,,
4391.2,166.416,48.6555,100.6611,2.6988,,2.9363,278.9553,238.3631,,,,,,,
4391.3,166.892,48.792,100.6757,2.7007,,2.9422,277.3735,237.1092,,,,,,,
4391.4,167.153,48.8675,101.0385,2.7016,,2.8609,275.1815,235.3238,,,,,,,
4391.5,167.136,48.9202,101.2142,2.7008,,2.7453,272.3141,232.9326,,,,,,,
4391.6,166.88,48.9513,101.2142,2.7001,,2.6593,268.7824,229.9541,,,,,,,
4391.7,166.423,48.9831,101.2142,2.7019,,2.6353,264.9796,226.7459,,,,,,,
4391.8,165.818,49.0,101.2142,2.7066,,2.68,261.2859,223.6289,,,,,,,
4391.9,165.252,49.0,101.2142,2.7123,,2.7907,258.1347,220.9527,,,,,,,
4392.0,164.962,49.0,101.2142,2.7169,,2.9397,255.7149,218.8715,,,,,,,
4392.1,165.179,49.0,101.0618,2.7203,,3.1041,253.9779,217.3552,,,,,,,
4392.2,165.986,49.0,100.6989,2.7232,,3.2747,252.8058,216.3182,,,,,,,
4392.3,167.203,49.0,100.6611,2.726,,3.4638,251.9448,215.5497,,,,,,,
4392.4,168.635,49.0,100.6611,2.7278,,3.6966,251.1752,214.8562,,,,,,,
4392.5,170.072,49.0,100.6611,2.7272,,3.9845,250.4011,214.1554,,,,,,,
4392.6,171.32,49.0,100.6611,2.7241,,4.2647,249.5999,213.4436,,,,,,,
4392.7,172.203,49.0,100.7787,2.7204,,4.4134,248.8038,212.7595,,,,,,,
4392.8,172.498,49.0,101.1416,2.7178,,4.3274,248.0289,212.124,,,,,,,
4392.9,172.268,49.0,101.5045,2.717,,3.9768,247.2391,211.5133,,,,,,,
4393.0,171.625,49.0,101.9675,2.7167,,3.5315,246.3556,210.8526,,,,,,,
4393.1,170.698,49.0,102.6933,2.7157,,3.1256,245.2926,210.0584,,,,,,,
4393.2,169.681,49.0,102.8733,2.714,,2.8503,243.9369,208.9976,,,,,,,
4393.3,168.695,49.0,102.8733,2.7138,,2.6767,242.3007,207.6381,,,,,,,
4393.4,167.888,49.0,102.8733,2.7165,,2.5715,240.4131,205.9892,,,,,,,
4393.5,167.374,49.0,102.8733,2.7218,,2.5385,238.3181,204.1112,,,,,,,
4393.6,167.163,49.0,102.8079,2.7269,,2.591,236.1142,202.1481,,,,,,,
4393.7,167.23,49.0,102.445,2.7297,,2.7142,234.5795,200.1124,,,,,,,
4393.8,167.503,49.0,102.0822,2.7296,,2.8674,233.4496,197.7645,,,,,,,
4393.9,167.892,49.0,101.7193,2.7278,,3.0294,229.9321,194.74,,,,,,,
4394.0,168.35,49.0,101.3564,2.7254,,3.1656,223.6319,190.9427,,,,,,,
4394.1,168.813,49.0,100.9935,2.7228,,3.2096,217.762,186.7203,,,,,,,
4394.2,169.213,49.0,100.6611,2.7203,,3.143,212.0352,183.5018,,,,,,,
4394.3,169.508,49.0,100.6611,2.7183,,3.0262,209.0744,183.175,,,,,,,
4394.4,169.65,49.0,100.6611,2.7169,,2.888,212.2031,187.7512,,,,,,,
4394.5,169.667,49.0,100.6481,2.715,,2.7624,225.4256,199.9948,,,,,,,
4394.6,169.594,49.0,100.2852,2.7121,,2.6701,247.683,219.1771,,,,,,,
4394.7,169.472,49.0,100.4797,2.7086,,2.6146,278.037,243.8987,,,,,,,
4394.8,169.348,49.0,101.2054,2.7067,,2.5833,313.4886,269.7115,,,,,,,
4394.9,169.248,49.0,101.2142,2.7071,,2.5507,343.8297,289.1676,,,,,,,
4395.0,169.182,49.0,101.2142,2.7092,,2.5081,356.8723,296.7059,,,,,,,
4395.1,169.149,49.0,101.2142,2.7105,,2.4654,343.1928,290.0519,,,,,,,
4395.2,169.139,49.0,101.8964,2.7094,,2.4488,315.4956,276.4596,,,,,,,
4395.3,169.145,49.0,102.3202,2.7064,,2.4831,293.7515,264.6972,,,,,,,
4395.4,169.16,49.0,102.3202,2.7037,,2.5904,289.6825,259.9204,,,,,,,
4395.5,169.174,49.0,102.3202,2.7029,,2.767,296.0683,259.6174,,,,,,,
4395.6,169.183,49.0,102.3202,2.7035,,2.9851,297.2436,257.6719,,,,,,,
4395.7,169.182,49.0,102.3202,2.7036,,3.2167,286.1931,250.8918,,,,,,,
4395.8,169.175,49.0,102.3202,2.7015,,3.4251,269.4948,240.859,,,,,,,
4395.9,169.164,49.0,102.3202,2.6974,,3.5771,257.9414,231.9068,,,,,,,
4396.0,169.152,49.0,102.3202,2.693,,3.6367,253.5569,226.2505,,,,,,,
4396.1,169.147,49.0,102.3202,2.6904,,3.5563,252.3898,224.0701,,,,,,,
4396.2,169.152,49.0,102.2215,2.6901,,3.3661,251.4814,223.2751,,,,,,,
4396.3,169.165,49.0,101.8586,2.6911,,3.109,250.686,222.9097,,,,,,,
4396.4,169.179,49.0,101.7672,2.6913,,2.843,250.05,222.4508,,,,,,,
4396.5,169.187,49.0,101.7672,2.6894,,2.6104,249.5987,221.6642,,,,,,,
4396.6,169.186,49.0,101.7672,2.6863,,2.4289,249.3344,221.3405,,,,,,,
4396.7,169.178,49.0,101.5132,2.6841,,2.3258,249.1928,221.1361,,,,,,,
4396.8,169.166,49.0,101.2142,2.6848,,2.3191,248.8213,220.8467,,,,,,,
4396.9,169.156,49.0,101.2142,2.6885,,2.4125,247.7637,220.0881,,,,,,,
4397.0,169.15,49.0,100.9776,2.6943,,2.601,245.4967,218.3255,,,,,,,
4397.1,169.15,49.0,100.6611,2.7,,2.8504,241.1078,214.6483,,,,,,,
4397.2,169.155,49.0,100.6611,2.7038,,3.1167,234.0143,208.5827,,,,,,,
4397.3,169.161,49.0,100.6611,2.7042,,3.365,225.1066,201.1011,,,,,,,
4397.4,169.164,49.0,100.6611,2.7011,,3.554,218.0049,195.7176,,,,,,,
4397.5,169.159,49.0,100.6611,2.6962,,3.6614,218.0658,197.4713,,,,,,,
4397.6,169.146,49.0,100.6611,2.6917,,3.6774,233.5661,213.8599,,,,,,,
4397.7,169.13,49.0,100.6611,2.6889,,3.6174,271.3898,250.3574,,,,,,,
4397.8,169.118,49.0,100.6611,2.6872,,3.5425,316.2011,292.2346,,,,,,,
4397.9,169.117,49.0,100.6611,2.6856,,3.4842,349.8874,322.8745,,,,,,,
4398.0,169.128,49.0,100.6611,2.6834,,3.4408,355.5045,327.2862,,,,,,,
4398.1,169.149,49.0,101.0182,2.6824,,3.3766,340.0554,312.7006,,,,,,,
4398.2,169.173,49.0,101.2142,2.6842,,3.2649,318.587,293.1716,,,,,,,
4398.3,169.192,49.0,101.2142,2.6894,,3.1038,305.7576,281.8536,,,,,,,
4398.4,169.204,49.0,101.2142,2.6951,,2.9401,302.8357,279.4105,,,,,,,
4398.5,169.206,49.0,101.2142,2.6983,,2.8281,302.3598,279.0135,,,,,,,
4398.6,169.205,49.0,101.2142,2.6978,,2.8084,300.9047,277.6964,,,,,,,
4398.7,169.204,49.0,101.2142,2.6958,,2.868,299.1641,276.1089,,,,,,,
4398.8,169.208,49.0,101.0821,2.6957,,2.944,297.8263,274.8876,,,,,,,
4398.9,169.217,49.0,100.7192,2.6984,,2.9729,296.9467,274.144,,,,,,,
4399.0,169.229,49.0,100.6611,2.7022,,2.9184,296.324,273.7522,,,,,,,
4399.1,169.241,49.0,100.6038,2.7045,,2.8157,296.0029,273.738,,,,,,,
4399.2,169.25,49.0,100.4224,2.7042,,2.7097,297.9432,275.9356,,,,,,,
4399.3,169.255,49.0,100.2409,2.7019,,2.6424,312.4725,289.9021,,,,,,,
4399.4,169.255,49.0,100.1081,2.6995,,2.6186,347.8304,322.9282,,,,,,,
4399.5,169.251,49.0,100.1081,2.6977,,2.6362,400.7899,371.5785,,,,,,,
4399.6,169.243,49.0,100.1081,2.6962,,2.6902,445.918,412.0802,,,,,,,
4399.7,169.234,49.0,100.1081,2.6943,,2.7498,454.5733,418.6004,,,,,,,
4399.8,169.226,49.0,100.1081,2.6917,,2.7769,419.8053,385.4716,,,,,,,
4399.9,169.221,49.0,100.1081,2.6896,,2.7257,357.9224,328.3739,,,,,,,
4400.0,169.219,49.0,100.1081,2.6894,,2.5947,305.0847,280.5342,,,,,,,
4400.1,169.22,49.0,100.1081,2.6917,,2.4249,283.9668,262.2545,,,,,,,
4400.2,169.223,49.0,100.3433,2.6956,,2.2757,301.9868,279.4853,,,,,,,
4400.3,169.224,49.0,100.6611,2.6989,,2.1984,345.9387,319.1757,,,,,,,
4400.4,169.225,49.0,100.6611,2.7,,2.1743,393.2109,360.476,,,,,,,
4400.5,169.226,49.0,100.8789,2.6994,,2.2941,425.0113,386.6548,,,,,,,
4400.6,169.232,49.0,101.2417,2.6987,,2.3615,429.1293,387.697,,,,,,,
4400.7,169.245,49.0,101.6046,2.6991,,,413.7942,371.9686,,,,,,,
4400.8,169.262,49.0,101.7672,2.7003,,,390.3289,350.0123,,,,,,,
4400.9,169.279,49.0,101.7774,2.7003,,,374.7216,336.1467,,,,,,,
4401.0,169.291,49.0,102.1402,2.6981,,,378.7435,340.2056,,,,,,,
4401.1,169.293,49.0,102.3202,2.6944,,,408.6944,367.4602,,,,,,,
4401.2,169.285,49.0,102.3202,2.6918,,,465.0685,418.0927,,,,,,,
4401.3,169.268,49.0,102.3202,2.6927,,,529.3972,475.1407,,,,,,,
4401.4,169.245,49.0,102.3202,2.6968,,,576.0209,515.1289,,,,,,,
4401.5,169.218,49.0,102.3202,2.7012,,,570.1626,507.1649,,,,,,,
4401.6,169.192,49.0,102.3202,2.7029,,,504.1194,445.6552,,,,,,,
4401.7,169.169,49.0,102.4683,2.7013,,,399.7215,351.2383,,,,,,,
4401.8,169.152,49.0,102.8312,2.6981,,,291.0963,254.9514,,,,,,,
4401.9,169.143,49.0,102.8733,2.696,,,215.7667,189.7539,,,,,,,
4402.0,169.145,49.0,102.8733,2.696,,,190.5522,169.4007,,,,,,,
4402.1,169.161,49.0,102.8733,2.6975,,,215.8418,193.1512,,,,,,,
4402.2,169.185,49.0,102.8733,2.6994,,,272.1635,243.2826,,,,,,,
4402.3,169.212,49.0,102.8733,2.7007,,,333.2871,296.5774,,,,,,,
4402.4,,49.0,102.8733,2.7014,,,388.895,342.742,,,,,,,
4402.5,,49.0,102.8733,2.7026,,,426.9231,370.2818,,,,,,,
4402.6,,49.0,102.8733,2.704,,,439.7818,374.9702,,,,,,,
4402.7,,49.0,102.8733,2.7056,,,421.9915,354.6801,,,,,,,
4402.8,,49.0,102.8733,2.7071,,,372.3738,310.843,,,,,,,
4402.9,,49.0,102.8733,2.7079,,,310.5634,259.5023,,,,,,,
4403.0,,49.0,102.8733,2.7077,,,258.5157,217.5613,,,,,,,
4403.1,,49.0,102.8733,2.6354,,,230.1749,194.8354,,,,,,,
4403.2,,49.0,102.8733,2.5576,,,215.0687,182.0192,,,,,,,
4403.3,,49.0,102.8733,2.5267,,,199.287,168.3612,,,,,,,
4403.4,,49.0,102.8733,2.5242,,,182.7145,154.1594,,,,,,,
4403.5,,49.0,102.8733,2.5232,,,170.5008,143.8717,,,,,,,
4403.6,,49.0,102.8733,2.5222,,,166.1834,140.429,,,,,,,
4403.7,,49.0,102.8733,2.5206,,,170.9726,144.7276,,,,,,,
4403.8,,49.0,102.8994,2.5189,,,182.6067,154.7233,,,,,,,
4403.9,,49.0,103.2623,2.5182,,,195.6682,165.8045,,,,,,,
4404.0,,49.0,103.4263,2.5182,,,206.5008,174.887,,,,,,,
4404.1,,49.0,103.4263,2.5182,,,212.1579,179.544,,,,,,,
4404.2,,49.0,103.4263,2.519,,,214.1361,181.1213,,,,,,,
4404.3,,49.0,103.6077,2.5206,,,214.4074,181.3212,,,,,,,
4404.4,,49.0,103.9706,2.5219,,,214.42,181.3607,,,,,,,
4404.5,,49.0,103.9793,2.5219,,,214.4575,181.4354,,,,,,,
4404.6,,49.0,103.9793,2.5219,,,214.4862,181.4813,,,,,,,
4404.7,,49.0,103.9793,2.5221,,,214.5092,181.4834,,,,,,,
4404.8,,49.0,103.9793,2.5242,,,214.5302,181.4684,,,,,,,
4404.9,,49.0,103.9793,2.5269,,,214.5453,181.4552,,,,,,,
4405.0,,49.0,103.9793,2.5281,,,214.5462,181.4505,,,,,,,
4405.1,,49.0,103.9793,2.5278,,,214.5384,181.4438,,,,,,,
4405.2,,49.0,103.9793,2.5243,,,214.5399,181.4247,,,,,,,
4405.3,,49.0,103.9793,2.5196,,,,,,,,,,,
4405.4,,49.0,103.9793,2.5177,,,,,,,,,,,
4405.5,,49.0,103.9793,2.519,,,,,,,,,,,
4405.6,,49.0,103.9793,2.5204,,,,,,,,,,,
4405.7,,49.0,103.9793,2.5217,,,,,,,,,,,
4405.8,,48.8609,103.9793,2.5229,,,,,,,,,,,
4405.9,,48.3237,103.9793,2.524,,,,,,,,,,,
4406.0,,47.3192,105.6321,2.5255,,,,,,,,,,,
4406.1,,46.0834,108.4155,2.5288,,,,,,,,,,,
4406.2,,44.6129,113.1977,2.5316,,,,,,,,,,,
4406.3,,43.3392,117.1582,2.5316,,,,,,,,,,,
4406.4,,42.2577,120.3988,2.53,,,,,,,,,,,
4406.5,,41.7029,121.8697,2.5284,,,,,,,,,,,
4406.6,,41.49,122.3984,2.5272,,,,,,,,,,,
4406.7,,41.4703,122.3973,2.5256,,,,,,,,,,,
4406.8,,41.4515,122.3965,2.5228,,,,,,,,,,,
4406.9,,41.4338,122.3957,2.5205,,,,,,,,,,,
4407.0,,41.4169,122.3949,2.5207,,,,,,,,,,,
4407.1,,41.4006,122.3937,2.522,,,,,,,,,,,
4407.2,,41.3846,122.3923,2.5232,,,,,,,,,,,
4407.3,,41.369,122.3906,2.5243,,,,,,,,,,,
4407.4,,41.3541,122.3884,2.5251,,,,,,,,,,,
4407.5,,41.3397,122.3861,2.5257,,,,,,,,,,,
4407.6,,41.3256,122.3837,2.528,,,,,,,,,,,
4407.7,,41.3124,122.3811,2.5124,,,,,,,,,,,
