DEPTH,AC,DTC,DTS,DEN,GR,CNL,LLD,LLS,K,TH,U,DEVI,SHMAX,TOC,PERM
4023.2,54.415,54.103,113.017,2.399,34.904,16.391,,0.1,0.858,6.745,9.917,0.46,126.641,,0.42
4023.8,53.556,56.856,126.123,2.34,37.785,14.959,,0.1,1.049,7.174,9.704,0.425,117.018,,0.45
4024.3,54.928,70.39,128.45,2.285,41.709,13.77,,0.1,1.118,5.521,10.936,0.456,109.438,,0.471
4024.5,56.317,78.216,134.288,2.279,43.486,14.627,,0.1,1.13,5.468,11.183,0.457,108.408,,0.506
4024.8,62.802,82.477,139.837,2.229,54.05,20.782,,0.1,1.404,7.47,11.034,0.457,98.095,,0.738
4025.0,71.164,80.666,145.245,2.22,61.043,28.022,,0.1,1.518,9.352,10.762,0.456,94.089,,0.939
4025.3,76.013,77.853,155.801,2.274,60.63,37.729,,0.1,1.54,11.066,10.407,0.455,72.06,,1.108
4025.5,71.495,78.204,159.791,2.345,60.181,30.937,,0.1,1.564,12.35,10.099,0.455,96.288,,0.823
4025.8999,77.032,83.101,167.714,2.508,80.148,20.78,18680.697,0.107,2.439,13.39,9.936,0.457,98.753,,0.418
4026.0,84.63,85.238,168.379,2.516,81.565,21.059,16726.852,0.14,2.465,13.315,10.073,0.457,98.848,,0.42
4026.2,98.538,89.304,169.709,2.54,80.625,23.313,41390.715,0.41,2.447,13.241,10.361,0.457,99.646,,0.46
4026.7,95.615,89.079,168.135,2.576,92.718,30.158,33652.066,4.563,2.582,15.253,10.832,0.476,102.855,,0.602
4026.8999,95.319,86.947,166.671,2.581,97.024,31.845,6893.833,12.442,2.65,15.733,10.82,0.462,103.621,,0.63
4027.3,97.466,84.237,164.644,2.611,92.131,24.211,33.726,21.416,2.748,15.221,10.339,0.443,104.263,,0.394
4027.3999,95.851,84.117,164.644,2.627,89.162,24.24,38.147,24.229,2.789,14.777,10.057,0.426,104.333,,0.383
4027.5,93.979,84.22,164.109,2.644,86.757,25.061,42.727,27.014,2.818,14.39,9.84,0.428,104.323,,0.39
4027.8,89.627,84.918,162.616,2.667,82.496,26.218,46.944,33.278,2.816,13.534,9.673,0.464,104.118,,0.393
4027.8999,88.912,85.175,162.77,2.667,81.102,26.146,47.282,34.188,2.812,13.219,9.661,0.482,104.064,,0.393
4028.1001,88.535,85.719,164.102,2.66,79.893,26.679,49.416,36.671,2.828,12.833,9.649,0.459,104.029,,0.418
4028.3,89.561,86.139,165.826,2.658,81.793,27.757,55.519,38.03,2.899,12.841,9.605,0.427,103.911,,0.448
4028.6001,92.718,86.28,169.198,2.665,83.914,27.883,88.578,38.726,3.013,13.253,9.565,0.379,103.234,,0.438
4028.7,92.956,86.293,170.119,2.666,84.939,27.389,112.992,40.463,3.045,13.416,9.556,0.403,102.989,,0.423
4028.8999,91.388,86.348,171.449,2.67,93.778,27.272,184.642,43.487,3.194,14.48,9.742,0.437,102.606,,0.422
4029.1001,88.832,86.538,172.781,2.672,109.725,29.008,250.856,42.37,3.649,16.605,10.149,0.438,102.153,0.484,0.466
4029.3,86.985,86.883,173.767,2.673,119.02,28.548,253.985,41.136,3.923,17.687,10.164,0.438,97.65,0.52,0.443
4029.5,86.301,87.24,173.767,2.676,120.198,25.367,199.717,40.902,3.996,18.069,10.1,0.478,97.932,0.321,0.354
4029.7,85.98,87.459,173.767,2.679,122.463,23.861,136.435,39.878,4.09,18.649,9.975,0.478,98.234,0.264,0.32
4029.8999,86.159,87.573,173.767,2.677,124.347,25.256,94.418,38.022,4.115,19.182,9.886,0.489,98.507,0.287,0.365
4030.0,86.601,87.615,173.767,2.675,124.174,26.381,81.016,37.133,4.094,19.267,9.924,0.479,98.65,0.375,0.397
4030.1001,87.171,87.631,173.171,2.672,123.803,27.201,71.468,35.578,4.065,19.242,9.993,0.479,98.87,0.487,0.418
4030.3,87.765,87.528,171.84,2.673,123.827,27.034,59.441,33.18,4.022,19.154,10.071,0.48,99.538,0.653,0.406
4030.6001,85.64,87.04,170.858,2.7,123.06,26.75,51.464,30.459,4.051,18.973,9.964,0.451,100.772,0.492,0.374
4030.8,83.353,86.85,170.542,2.716,122.066,27.921,46.971,28.844,4.112,18.99,9.774,0.451,100.949,0.172,0.389
4031.3,81.939,86.979,169.712,2.695,124.321,27.594,34.47,24.239,4.237,19.091,9.522,0.373,99.385,0.782,0.403
4031.3999,82.236,87.064,169.951,2.693,123.853,27.842,33.252,24.256,4.193,18.834,9.73,0.364,99.285,0.669,0.412
4031.7,83.038,87.365,171.74,2.7,122.491,27.667,30.902,24.912,4.016,17.675,10.553,0.39,100.208,0.345,0.388
4032.1001,83.586,87.582,170.365,2.694,123.009,19.236,29.306,24.389,3.932,17.036,11.013,0.388,100.913,0.359,0.167
4032.3,83.84,88.15,169.688,2.693,123.04,17.353,28.829,23.765,4.022,17.225,10.761,0.374,101.076,0.567,0.139
4032.6001,83.705,88.798,167.692,2.691,123.412,25.285,28.528,23.394,4.162,17.942,10.152,0.399,101.797,0.498,0.351
4032.8999,85.267,88.035,166.712,2.688,122.366,21.716,27.801,21.819,4.088,18.733,9.933,0.373,103.299,0.242,0.242
4033.0,86.058,87.588,166.671,2.693,121.719,20.423,27.487,21.64,4.01,18.88,10.029,0.374,103.877,0.25,0.207
4033.1001,86.676,87.112,166.671,2.699,121.484,19.857,27.265,21.695,3.932,18.858,10.19,0.374,104.381,0.31,0.188
4033.2,86.939,86.606,166.671,2.701,121.678,19.56,27.209,22.219,3.875,18.711,10.359,0.374,104.781,0.405,0.179
4033.3999,85.988,85.847,167.929,2.7,122.173,19.286,27.798,23.185,3.87,18.323,10.52,0.374,105.167,0.633,0.174
4033.5,85.075,85.628,168.595,2.706,122.127,19.314,28.341,23.683,3.91,18.13,10.517,0.374,105.229,0.679,0.167
4033.8999,83.205,85.823,170.726,2.726,121.427,19.558,29.723,24.093,4.276,17.367,10.09,0.336,103.882,0.515,0.156
4034.1001,83.585,85.905,170.726,2.728,124.393,20.082,29.325,23.806,4.476,17.973,9.552,0.374,102.923,0.353,0.166
4034.5,84.791,86.811,166.206,2.772,121.128,20.124,27.781,22.318,4.615,20.006,8.849,0.374,101.208,0.117,0.118
4034.8,85.798,88.935,167.539,2.775,123.91,19.785,27.55,22.579,4.66,20.126,8.801,0.374,100.786,0.297,0.107
4035.0,86.449,90.125,169.449,2.777,125.204,20.032,27.535,22.755,4.58,19.348,9.191,0.386,101.147,0.336,0.113
4035.1001,86.459,90.35,170.92,2.778,125.207,20.38,27.5,22.755,4.522,18.817,9.44,0.379,101.406,0.31,0.122
4035.3,85.907,89.904,172.753,2.777,125.262,20.893,27.093,22.981,4.388,17.978,9.856,0.374,101.88,0.264,0.136
4035.3999,85.585,89.237,173.861,2.775,125.701,20.934,26.812,23.189,4.314,17.769,10.0,0.374,102.035,0.264,0.138
4035.8,86.448,86.028,177.812,2.782,122.863,19.187,26.941,23.077,4.188,18.515,9.703,0.397,101.875,0.248,0.083
4036.3999,89.345,86.121,177.897,2.751,122.118,20.21,26.183,21.686,4.305,20.13,9.079,0.358,100.444,,0.146
4036.5,89.686,86.075,176.936,2.74,123.533,20.062,25.593,21.347,4.411,20.201,8.982,0.362,100.461,,0.154
4036.6001,89.892,85.997,175.937,2.731,124.535,19.895,24.963,21.022,4.554,20.166,8.858,0.362,100.518,,0.158
4037.1001,87.174,85.731,170.969,2.713,122.745,21.81,22.204,18.945,5.195,19.68,8.322,0.398,100.564,0.15,0.233
4037.5,85.927,85.725,167.539,2.716,122.468,22.581,21.736,19.296,4.937,19.535,8.648,0.373,100.835,0.416,0.244
4037.8999,87.205,84.976,167.139,2.721,122.948,21.071,22.027,19.467,4.281,19.662,9.48,0.399,101.116,0.304,0.197
4038.1001,87.365,84.618,168.148,2.719,123.203,20.603,22.139,19.147,4.009,19.886,9.901,0.399,101.604,0.24,0.19
4038.2,87.126,84.533,168.477,2.716,124.03,20.64,22.177,19.01,3.903,20.134,10.009,0.399,102.086,0.276,0.195
4038.7,84.796,84.247,160.651,2.721,123.115,22.538,22.783,18.79,3.875,21.879,9.522,0.399,104.974,0.695,0.239
4038.8,84.72,84.177,158.276,2.72,124.11,22.507,22.911,18.784,3.957,21.987,9.311,0.386,105.23,0.699,0.238
4038.8999,84.799,84.088,156.439,2.718,124.824,22.163,22.87,18.769,4.042,21.921,9.156,0.363,105.389,0.699,0.23
4039.2,84.671,83.77,155.504,2.719,123.142,20.31,22.383,18.737,4.266,20.611,9.018,0.208,105.284,0.586,0.179
4039.3,84.478,83.704,156.146,2.719,121.499,20.076,22.476,18.764,4.305,19.945,9.09,0.195,105.087,0.483,0.176
4039.6001,84.047,83.813,158.363,2.71,121.423,20.79,22.912,18.963,4.222,18.365,9.567,0.197,103.961,0.533,0.206
4039.8,83.854,83.934,158.828,2.707,123.028,20.943,22.931,19.071,4.092,17.816,10.02,0.197,103.337,0.646,0.211
4039.8999,83.892,83.928,158.9,2.709,122.575,20.856,23.105,19.087,4.042,17.633,10.222,0.197,103.147,0.676,0.205
4040.0,84.023,83.889,158.893,2.713,121.999,20.661,23.404,19.073,4.028,17.494,10.353,0.197,103.057,0.69,0.196
4040.3,84.61,83.704,158.525,2.72,122.144,21.616,23.973,18.908,4.184,17.339,10.166,0.197,103.32,0.552,0.221
4040.3999,84.601,83.615,158.397,2.722,122.79,22.731,23.796,18.826,4.308,17.34,10.15,0.197,103.606,0.531,0.248
4040.5,84.542,83.506,158.281,2.723,123.782,23.584,23.539,18.748,4.445,17.35,9.886,0.164,103.98,0.433,0.267
4040.7,84.229,83.303,157.933,2.725,125.005,23.357,23.506,18.68,4.66,17.393,9.398,0.188,104.649,0.222,0.252
4040.8,84.14,83.249,158.137,2.725,124.67,22.806,23.638,18.708,4.694,17.326,9.299,0.185,104.869,0.119,0.238
4040.8999,84.171,83.269,158.491,2.724,123.912,22.438,23.855,18.76,4.666,17.109,9.339,0.151,104.914,0.027,0.232
4041.2,84.806,83.619,159.935,2.713,119.752,22.194,23.773,18.836,4.249,15.503,10.656,0.172,104.826,0.278,0.238
4041.3999,84.626,83.892,160.589,2.707,118.783,22.239,23.344,18.737,4.012,14.668,11.239,0.147,105.317,0.5,0.247
4041.5,84.504,83.994,160.985,2.705,119.124,22.414,22.999,18.661,3.964,14.5,11.342,0.163,105.17,0.59,0.254
4041.7,84.237,84.125,161.603,2.7,120.089,22.716,22.715,18.538,3.992,14.689,11.301,0.158,105.149,0.67,0.267
4041.8,84.127,84.156,161.238,2.699,120.985,22.689,23.052,18.549,4.055,14.997,11.06,0.146,103.977,0.649,0.265
4042.1001,83.791,84.159,159.909,2.715,123.772,22.759,23.565,18.896,4.267,15.836,10.396,0.166,102.767,0.869,0.251
4042.2,83.749,84.12,160.573,2.717,123.211,22.868,23.34,18.92,4.296,15.883,10.368,0.166,103.246,0.822,0.252
4042.3999,84.138,83.933,160.589,2.711,121.711,22.49,23.446,18.632,4.311,15.834,10.395,0.166,103.926,0.662,0.247
4042.6001,84.897,83.733,160.589,2.703,120.835,22.161,23.936,18.376,4.264,16.132,10.327,0.103,104.247,0.5,0.25
4042.8,85.086,83.667,160.589,2.696,119.341,22.94,23.78,18.335,4.134,16.964,10.217,0.145,104.39,0.233,0.279
4042.8999,84.875,83.715,160.004,2.695,118.556,23.074,23.608,18.324,4.057,17.473,10.185,0.153,104.45,0.101,0.279
4043.3,84.332,83.776,157.615,2.715,122.672,21.703,22.593,18.444,3.846,18.854,10.351,0.365,104.52,0.518,0.222
4043.5,84.458,83.447,157.577,2.715,125.01,21.857,22.901,18.573,3.937,18.579,10.409,0.7,104.568,0.738,0.228
4043.7,84.727,82.959,156.879,2.712,124.956,22.287,23.116,17.911,4.107,17.878,10.388,0.671,104.832,0.896,0.243
4043.8,84.691,82.727,158.036,2.709,124.699,22.422,23.285,17.676,4.199,17.548,10.342,0.757,105.053,0.984,0.249
4043.8999,84.431,82.511,159.832,2.707,124.427,22.427,23.323,17.795,4.267,17.338,10.287,0.699,105.28,1.057,0.251
4044.0,84.154,82.324,162.051,2.706,124.227,22.402,23.383,18.118,4.29,17.299,10.259,0.685,105.466,1.082,0.25
4044.1001,83.95,82.146,163.917,2.707,124.059,22.412,23.39,18.442,4.261,17.469,10.249,0.663,105.514,1.068,0.25
4044.2,83.991,81.98,165.377,2.71,123.772,22.706,23.286,18.547,4.185,17.905,10.239,0.657,105.474,0.96,0.259
4044.8,83.768,82.508,163.704,2.706,121.409,17.297,23.163,18.767,3.728,21.614,9.686,0.702,105.329,0.449,0.114
4044.8999,83.507,82.676,164.955,2.711,121.622,17.57,23.036,18.636,3.748,21.84,9.573,0.671,105.822,0.372,0.121
4045.0,83.337,82.779,165.935,2.718,122.135,18.925,22.807,18.651,3.798,21.914,9.466,0.665,106.285,0.293,0.153
4045.1001,83.26,82.826,166.664,2.723,122.934,20.563,22.645,18.908,3.874,21.877,9.363,0.693,106.717,0.25,0.193
4045.2,83.283,82.829,166.487,2.724,123.635,22.319,22.581,18.865,3.951,21.783,9.267,0.647,106.893,0.233,0.24
4045.6001,84.15,82.894,158.878,2.713,118.376,20.542,23.322,18.716,4.136,21.322,8.958,0.677,106.755,0.147,0.179
4045.8999,84.51,82.781,154.234,2.706,118.988,18.853,23.05,20.117,4.134,20.401,9.248,0.672,106.699,0.143,0.165
4046.0,84.418,82.705,153.199,2.702,120.616,20.09,23.01,20.189,4.118,19.868,9.497,0.65,106.699,0.281,0.2
4046.1001,84.268,82.642,152.75,2.7,122.28,20.824,23.076,19.539,4.105,19.312,9.776,0.657,106.801,0.428,0.218
4046.3,83.906,82.556,152.414,2.699,124.346,21.011,23.309,18.451,4.107,18.693,10.191,0.65,107.073,0.658,0.22
4046.7,82.959,82.504,152.455,2.689,120.403,18.039,22.957,19.253,4.271,17.701,9.941,0.65,106.256,0.98,0.152
4046.8999,82.499,82.521,152.462,2.689,119.536,18.415,23.69,18.934,4.406,18.244,9.454,0.688,105.432,1.058,0.166
4047.0,82.314,82.535,152.462,2.69,119.448,19.325,23.78,19.203,4.441,18.595,9.243,0.708,105.155,1.01,0.192
4047.3999,82.234,82.543,152.836,2.7,118.341,21.627,23.135,17.893,4.307,19.782,9.034,0.65,105.187,0.538,0.237
4047.6001,82.178,82.463,152.543,2.692,119.006,21.576,24.038,17.284,4.127,20.23,9.157,0.65,105.282,0.495,0.244
4047.7,82.06,82.432,152.457,2.686,119.314,21.469,24.445,17.272,4.045,20.279,9.242,0.658,105.295,0.525,0.248
4048.0,81.751,82.643,154.76,2.678,116.436,21.224,24.509,18.973,4.024,19.734,9.313,0.65,105.359,0.541,0.249
4048.1001,81.719,82.867,156.256,2.68,115.356,21.323,23.812,19.372,4.061,19.57,9.264,0.65,105.468,0.616,0.251
4048.2,81.78,83.104,157.752,2.682,114.929,21.571,23.131,19.499,4.093,19.464,9.222,0.691,105.636,0.705,0.256
4048.3999,81.998,83.529,160.462,2.679,115.03,21.722,22.56,18.814,4.146,19.1,9.238,0.669,106.15,0.83,0.261
4048.6001,82.104,83.715,162.844,2.672,115.559,21.012,23.286,19.12,4.146,18.8,9.403,0.652,106.709,0.945,0.249
4048.7,82.138,83.689,163.598,2.67,116.922,20.874,23.521,19.124,4.108,18.622,9.611,0.65,106.926,0.977,0.249
4048.8999,82.295,83.613,164.109,2.672,121.458,21.136,23.611,19.301,3.974,17.942,10.272,0.65,107.308,0.91,0.254
4049.1001,82.683,83.598,163.348,2.67,122.653,21.37,23.52,19.182,3.9,17.008,10.77,0.678,107.875,0.757,0.263
4049.3,83.367,83.433,161.702,2.672,119.391,21.662,23.061,18.453,3.923,15.701,11.065,0.65,108.909,0.708,0.266
4049.5,84.075,82.897,158.667,2.68,118.274,21.612,22.582,18.599,4.034,14.828,11.051,0.695,109.106,0.774,0.258
4049.6001,84.284,82.492,156.53,2.664,118.629,21.651,22.737,18.8,4.105,14.539,10.978,0.708,109.063,0.804,0.285
4050.0,83.377,81.207,148.512,2.636,118.972,22.808,25.212,19.346,4.322,14.825,10.375,0.669,110.663,0.978,0.326
4050.1001,82.983,81.031,147.367,2.678,118.645,22.677,25.269,19.402,4.325,15.289,10.206,0.708,111.421,0.888,0.279
4050.2,82.676,80.858,146.579,2.705,118.186,22.419,24.896,19.429,4.312,15.827,10.048,0.653,111.938,0.776,0.249
4050.3,82.481,80.654,145.987,2.711,117.814,22.157,24.24,19.406,4.285,16.366,9.927,0.693,112.345,0.662,0.237
4050.3999,82.356,80.329,145.649,2.712,117.641,21.889,23.457,19.42,4.252,16.907,9.822,0.65,112.664,0.547,0.229
4050.5,82.257,79.916,145.213,2.713,117.676,21.562,23.006,19.675,4.216,17.426,9.727,0.65,112.902,0.432,0.217
4050.7,81.917,79.016,144.2,2.719,117.62,20.994,22.825,19.306,4.161,18.146,9.624,0.65,113.114,0.269,0.198
4050.8,81.614,78.677,143.848,2.722,117.593,21.155,22.996,18.902,4.146,18.286,9.611,0.65,113.003,0.268,0.202
4050.8999,81.234,78.432,143.678,2.722,117.821,21.361,23.049,18.521,4.144,18.32,9.593,0.65,112.785,0.324,0.207
4051.1001,80.412,78.564,144.957,2.722,118.023,21.727,23.433,19.264,4.141,18.185,9.586,0.65,111.912,0.439,0.217
4051.2,80.02,78.828,145.902,2.725,117.184,22.056,23.54,19.588,4.126,18.023,9.611,0.65,111.369,0.552,0.222
4051.3,79.666,79.322,147.125,2.731,115.59,22.32,23.333,19.338,4.106,17.83,9.64,0.65,110.727,0.526,0.221
4051.6001,79.3,81.284,151.167,2.742,115.057,21.403,22.585,19.107,4.056,18.222,9.582,0.649,108.734,0.515,0.184
4051.7,79.514,81.906,152.222,2.74,117.267,21.13,22.693,19.616,4.029,18.791,9.537,0.62,108.201,0.686,0.181
4051.8999,80.32,82.738,153.31,2.735,118.691,21.643,23.548,19.853,4.049,19.957,9.345,0.65,107.542,0.676,0.202
4052.0,80.794,82.975,153.41,2.734,117.353,21.855,23.975,19.776,4.101,20.323,9.191,0.651,107.404,0.618,0.207
4052.1001,81.216,83.149,153.338,2.735,116.184,21.772,24.284,19.639,4.156,20.421,9.083,0.703,107.366,0.535,0.202
4052.2,81.519,83.289,153.172,2.735,116.261,21.48,24.286,19.396,4.208,20.242,9.053,0.651,107.458,0.45,0.194
4052.3999,81.79,83.443,152.613,2.73,117.832,20.848,23.98,20.458,4.302,19.372,9.082,0.651,107.859,0.302,0.183
4052.6001,81.829,83.013,151.97,2.724,116.341,20.344,23.542,19.948,4.353,18.389,9.125,0.652,108.728,0.19,0.176
4052.7,81.87,82.601,151.74,2.726,114.959,20.427,23.278,19.452,4.345,18.011,9.141,0.652,109.316,0.178,0.178
4052.8,81.967,82.141,151.662,2.73,113.437,20.826,23.054,19.415,4.304,17.816,9.139,0.648,109.955,0.179,0.185
4052.8999,82.106,81.722,151.673,2.734,111.908,21.378,23.008,19.662,4.246,17.869,9.113,0.65,110.597,0.184,0.197
4053.0,82.239,81.418,151.814,2.733,110.832,21.828,23.329,19.627,4.189,18.066,9.072,0.65,111.226,0.269,0.209
4053.3,82.207,81.121,152.028,2.719,111.031,21.589,23.831,19.045,4.09,19.158,8.899,0.651,113.081,0.571,0.215
4053.3999,82.023,81.109,152.022,2.717,111.498,21.19,23.966,19.393,4.071,19.687,8.837,0.65,113.592,0.64,0.204
4053.5,81.801,81.097,152.018,2.72,112.342,20.934,24.232,19.489,4.073,20.337,8.752,0.65,113.992,0.751,0.196
4053.6001,81.617,81.097,152.018,2.723,113.633,20.902,24.416,19.258,4.112,21.063,8.631,0.65,114.109,0.823,0.193
4053.7,81.527,81.104,152.018,2.724,114.835,20.978,24.419,18.799,4.181,21.694,8.495,0.702,113.975,0.86,0.194
4053.8,81.563,81.116,152.019,2.722,115.043,20.994,24.151,18.451,4.249,22.015,8.399,0.65,113.694,0.803,0.197
4053.8999,81.696,81.133,152.016,2.718,114.247,20.928,23.752,18.016,4.294,22.023,8.372,0.652,113.269,0.744,0.199
4054.0,81.89,81.242,152.067,2.715,113.097,20.905,23.356,17.782,4.311,21.838,8.403,0.652,112.827,0.683,0.202
4054.1001,82.132,81.409,152.151,2.715,112.162,21.034,23.038,18.158,4.305,21.538,8.481,0.652,112.372,0.602,0.206
4054.3,82.779,81.718,152.298,2.717,111.605,21.372,22.706,19.273,4.254,20.531,8.753,0.652,111.416,0.508,0.212
4054.5,83.61,81.693,152.262,2.717,112.693,21.662,22.288,19.149,4.14,19.18,9.171,0.631,110.601,0.357,0.221
4054.6001,84.012,81.549,152.175,2.717,113.788,21.882,22.201,18.539,4.062,18.665,9.387,0.634,110.289,0.369,0.227
4054.8,84.519,81.213,151.981,2.714,115.32,21.685,22.605,17.705,3.941,18.149,9.692,0.694,109.824,0.559,0.221
4055.1001,84.131,81.107,151.935,2.711,112.199,20.389,22.185,17.865,3.776,17.737,10.051,0.732,109.588,0.678,0.193
4055.2,83.747,81.075,151.933,2.712,110.693,20.688,21.87,18.135,3.704,17.718,10.168,0.671,109.576,0.687,0.202
4055.3999,82.89,81.009,151.946,2.713,111.21,21.904,23.201,19.014,3.555,17.963,10.37,0.661,109.576,0.765,0.233
4056.1001,82.616,81.107,151.958,2.701,115.185,23.363,25.442,17.897,3.58,18.355,10.483,0.652,110.003,0.527,0.28
4056.2,82.737,81.148,151.942,2.703,115.644,23.049,25.17,17.767,3.669,18.214,10.37,0.683,110.193,0.484,0.268
4056.3999,83.039,81.264,151.917,2.709,114.124,22.225,24.513,18.177,3.848,18.068,10.033,0.697,110.656,0.387,0.242
4056.8,84.489,81.411,151.871,2.71,112.922,21.704,24.932,18.51,3.966,18.011,9.779,0.7,111.316,0.197,0.227
4056.8999,84.649,81.414,151.86,2.711,113.364,21.561,24.041,18.676,3.945,17.903,9.876,0.701,111.322,0.145,0.222
4057.0,84.571,81.412,151.851,2.713,113.896,21.468,23.321,18.985,3.925,17.853,9.963,0.706,111.639,0.137,0.218
4057.2,83.875,81.411,151.837,2.717,114.934,21.309,23.431,18.827,3.924,17.801,10.042,0.702,113.16,0.13,0.21
4057.3,83.43,81.412,151.831,2.718,115.852,21.291,23.399,19.186,3.939,17.737,10.066,0.703,113.091,0.101,0.209
4057.3999,83.069,81.414,151.825,2.717,116.68,21.294,22.805,19.759,3.966,17.805,10.021,0.704,112.776,0.057,0.209
4057.7,82.949,81.248,151.705,2.717,114.392,19.781,24.798,21.431,4.115,18.619,9.463,0.723,111.468,,0.166
4057.8,83.122,81.082,151.596,2.718,114.156,19.188,25.386,21.24,4.163,18.781,9.303,0.72,111.1,0.009,0.149
4058.0,83.279,80.78,151.433,2.72,115.375,18.931,25.429,20.504,4.227,18.969,9.098,0.71,110.612,0.175,0.144
4058.1001,83.104,80.733,151.433,2.719,115.393,18.933,25.161,20.101,4.262,18.88,9.044,0.741,110.509,0.286,0.145
4058.2,82.716,80.767,151.486,2.718,114.995,18.824,24.697,19.673,4.301,18.599,9.039,0.718,110.489,0.353,0.141
4058.3,82.103,80.911,151.596,2.72,114.613,18.663,24.116,19.075,4.345,18.098,9.099,0.716,110.578,0.403,0.136
4058.3999,81.364,81.062,151.701,2.722,114.392,18.568,23.374,18.29,4.379,17.467,9.227,0.717,110.662,0.432,0.132
4058.8,79.127,81.293,151.789,2.721,114.197,18.125,19.746,16.934,4.293,15.386,10.094,0.723,109.812,0.591,0.121
4059.0,79.103,81.25,151.759,2.724,113.407,18.274,19.292,16.903,4.109,14.737,10.742,0.748,109.866,0.696,0.122
4059.1001,79.239,81.235,151.742,2.725,113.216,18.392,19.57,16.967,4.0,14.618,11.045,0.726,109.986,0.722,0.125
4059.3,79.534,81.226,151.726,2.718,114.406,18.517,20.815,18.886,3.832,14.838,11.415,0.731,110.326,0.777,0.137
4059.5,79.655,81.215,151.734,2.706,116.282,19.026,22.256,21.17,3.846,15.226,11.327,0.78,110.75,0.887,0.164
4059.6001,79.66,81.205,151.74,2.7,117.051,19.234,22.66,21.732,3.918,15.431,11.132,0.76,110.967,0.964,0.175
4059.7,79.672,81.191,151.741,2.696,117.444,19.255,22.66,21.977,4.009,15.705,10.857,0.76,111.171,1.028,0.178
4059.8,79.715,81.176,151.74,2.695,117.253,19.176,22.66,22.07,4.101,16.043,10.523,0.702,112.689,1.083,0.176
4060.1001,80.283,80.926,151.463,2.704,115.162,19.956,24.083,21.405,4.239,17.112,9.614,0.766,114.159,1.158,0.191
4060.3999,81.453,80.187,150.656,2.694,112.144,20.755,23.452,21.12,3.933,18.699,9.289,0.827,112.969,1.082,0.221
4060.6001,81.864,79.832,150.549,2.691,109.172,20.084,23.39,21.572,3.61,19.844,9.307,0.816,111.201,0.929,0.201
4060.7,81.719,79.826,150.75,2.695,107.645,19.457,23.657,21.635,3.503,20.296,9.312,0.83,110.602,0.825,0.18
4061.0,80.273,80.239,151.419,2.706,106.692,18.016,23.468,21.374,3.405,20.94,9.317,0.896,110.902,0.411,0.132
4061.1001,79.834,80.402,151.454,2.707,108.839,17.683,23.196,21.272,3.509,20.787,9.278,0.941,111.708,0.272,0.123
4061.2,79.594,80.503,151.35,2.704,111.251,17.396,23.674,21.144,3.649,20.576,9.212,0.99,111.527,0.145,0.119
4061.3,79.543,80.57,151.258,2.701,112.917,17.181,24.523,21.0,3.767,20.381,9.15,1.069,111.366,0.033,0.117
4061.6001,80.048,80.58,150.967,2.709,113.967,17.133,25.285,20.686,4.052,19.897,8.955,0.808,110.847,,0.107
4061.7,80.191,80.559,150.846,2.718,113.569,17.406,24.998,20.661,4.129,19.864,8.881,0.808,110.603,,0.105
4062.3,80.771,80.432,149.797,2.717,114.588,17.683,24.007,20.642,4.075,21.095,8.671,0.807,110.535,,0.113
4062.3999,80.774,80.261,149.411,2.713,113.819,17.035,24.088,20.61,4.032,21.181,8.696,0.841,110.616,,0.095
4062.8,80.286,79.415,147.893,2.714,112.254,14.109,25.328,20.669,3.907,21.396,8.759,0.804,111.188,,0.026
4063.2,80.082,79.055,146.995,2.713,115.57,17.553,23.987,21.603,3.68,20.277,9.365,0.798,111.985,0.49,0.116
4063.6001,81.012,78.87,146.465,2.71,112.032,18.077,24.319,21.852,3.469,18.575,10.178,0.809,111.947,0.776,0.132
4063.7,82.037,78.673,146.187,2.711,111.701,18.141,24.321,21.861,3.443,18.793,10.163,0.809,112.01,0.866,0.132
4063.8,83.187,78.673,145.71,2.71,111.685,18.085,24.286,21.851,3.413,19.22,10.106,0.825,111.977,0.927,0.131
4063.8999,84.075,78.914,145.168,2.707,112.001,17.954,24.17,21.798,3.382,19.835,10.0,0.818,111.903,0.96,0.132
4064.0,84.464,79.339,144.577,2.702,112.87,17.813,23.989,21.666,3.358,20.671,9.818,0.811,111.804,0.96,0.133
4064.1001,84.259,79.765,144.02,2.699,114.206,17.698,23.946,21.459,3.348,21.592,9.583,0.845,111.817,0.96,0.133
4064.3,82.817,79.968,143.144,2.7,115.751,16.901,23.957,21.212,3.342,22.904,9.245,0.809,111.881,0.912,0.104
4064.3999,82.011,79.968,142.941,2.702,115.305,15.746,24.112,21.364,3.34,23.009,9.239,0.809,111.847,0.845,0.07
4064.5,81.518,79.968,142.737,2.702,114.767,14.283,24.34,21.639,3.337,22.797,9.322,0.809,111.847,0.755,0.03
4064.6001,81.485,79.968,142.53,2.7,114.775,13.002,24.596,21.926,3.33,22.382,9.464,0.809,111.884,0.672,0.004
4065.0,82.766,79.968,141.477,2.694,112.165,16.495,24.056,22.455,3.35,18.958,10.287,0.809,113.432,0.55,0.114
4065.2,82.836,79.968,142.358,2.693,108.906,18.035,24.385,22.686,3.406,17.459,10.517,0.815,113.973,0.713,0.15
4065.3,82.865,79.968,142.936,2.691,109.308,17.92,24.567,22.804,3.458,17.315,10.443,0.801,114.079,0.856,0.146
4065.5,82.982,79.968,143.556,2.696,112.915,17.787,24.629,22.799,3.633,17.531,10.027,0.809,115.51,1.168,0.138
4065.6001,83.128,79.626,143.37,2.701,113.977,17.872,24.473,22.624,3.718,17.788,9.791,0.8,115.553,1.281,0.135
4065.7,83.391,79.321,143.106,2.703,113.095,17.853,24.193,22.347,3.785,18.245,9.537,0.82,115.356,1.339,0.132
4065.8999,84.207,79.321,142.805,2.701,108.614,17.401,23.581,21.771,3.861,19.432,9.022,0.754,115.056,1.319,0.122
4066.0,84.688,79.321,142.799,2.7,107.682,17.215,23.385,21.591,3.868,19.726,8.897,0.806,114.998,1.264,0.119
4066.1001,85.14,79.321,142.786,2.7,108.022,17.169,23.283,21.496,3.871,19.753,8.855,0.824,115.007,1.201,0.118
4066.2,85.519,79.321,142.765,2.7,108.837,17.221,23.276,21.157,3.874,19.714,8.827,0.802,115.072,1.137,0.119
4066.3,85.773,79.321,142.74,2.701,109.291,17.297,23.337,20.816,3.873,19.682,8.798,0.817,115.183,1.088,0.12
4066.5,85.95,79.321,142.682,2.704,109.678,17.364,23.604,20.813,3.852,19.737,8.745,0.801,115.71,0.981,0.119
4066.6001,85.944,79.321,142.656,2.706,109.918,17.357,23.808,21.27,3.832,19.911,8.713,0.814,116.085,0.898,0.116
4066.8,85.922,79.321,142.628,2.708,109.806,17.142,24.341,21.268,3.825,20.517,8.6,0.807,116.893,0.763,0.107
4066.8999,85.921,79.395,142.621,2.709,110.048,17.002,24.362,21.103,3.85,20.937,8.501,0.801,117.218,0.748,0.104
4067.0,85.923,80.246,142.621,2.709,110.682,16.974,24.513,21.04,3.86,21.471,8.404,0.805,117.396,0.751,0.104
4067.3,85.939,80.617,142.634,2.709,111.624,17.874,24.884,21.714,3.635,23.131,8.381,0.8,117.55,0.769,0.13
4067.3999,85.937,80.617,142.658,2.708,111.801,18.37,24.181,21.916,3.522,23.481,8.441,0.8,117.555,0.741,0.144
4067.5,85.911,80.617,142.699,2.706,112.068,18.807,23.327,21.503,3.397,23.704,8.538,0.8,117.566,0.687,0.157
4067.7,85.489,81.264,143.005,2.7,111.65,19.025,24.155,21.514,3.133,23.773,8.859,0.803,117.529,0.545,0.168
4067.8999,84.37,81.264,142.287,2.697,111.669,18.702,23.633,20.704,3.008,23.45,9.186,0.835,117.117,0.297,0.16
4068.0,83.728,81.264,141.296,2.699,112.726,18.496,23.357,20.654,3.05,23.181,9.297,0.8,116.665,0.145,0.153
4068.3,82.92,81.264,139.599,2.698,115.485,18.023,24.673,20.792,3.414,22.537,9.266,0.782,114.807,,0.143
4068.6001,84.056,81.264,142.292,2.693,116.506,18.065,24.613,21.697,3.812,21.866,8.947,0.822,114.113,,0.149
4068.7,84.372,81.264,143.084,2.693,115.578,18.01,24.866,21.697,3.912,21.261,8.935,0.81,114.172,0.034,0.147
4068.8,84.435,80.924,143.09,2.695,114.105,17.94,24.87,21.293,3.968,20.433,9.038,0.764,114.37,0.129,0.143
4069.0,83.937,80.617,142.83,2.7,111.814,18.117,24.743,21.299,3.905,18.904,9.516,0.812,113.539,0.494,0.144
4069.1001,83.679,80.296,142.785,2.702,111.179,18.312,24.953,21.472,3.826,18.289,9.805,0.756,113.405,0.683,0.147
4069.2,83.688,79.968,142.758,2.701,110.786,18.397,25.434,21.742,3.75,17.798,10.059,0.755,113.466,0.821,0.149
4069.3,84.022,79.968,142.737,2.699,110.735,18.32,25.44,21.937,3.692,17.406,10.252,0.755,113.47,0.882,0.149
4069.3999,84.599,79.968,142.626,2.696,111.208,18.133,25.069,21.662,3.672,17.125,10.358,0.764,113.433,0.892,0.147
4069.5,85.146,79.968,142.436,2.694,112.282,17.986,24.498,21.052,3.707,16.991,10.331,0.79,113.376,0.822,0.146
4070.1001,79.544,81.912,136.637,2.697,112.118,18.001,21.122,18.0,4.037,17.44,9.52,0.801,114.75,0.007,0.142
4070.2,79.039,81.912,137.187,2.701,111.409,17.952,20.773,17.906,4.007,17.288,9.602,0.784,113.55,,0.136
4070.6001,80.289,81.912,149.259,2.711,110.681,17.985,20.646,17.836,3.846,16.115,10.176,0.79,112.139,,0.13
4070.8,78.945,81.702,152.918,2.708,111.771,18.092,20.648,17.86,3.796,15.756,10.336,0.812,111.985,0.038,0.133
4070.8999,77.871,81.49,153.257,2.708,111.378,17.859,20.681,17.94,3.776,15.841,10.319,0.806,112.016,0.16,0.126
4071.0,76.806,81.277,153.241,2.707,110.482,17.566,20.81,18.169,3.753,16.025,10.266,0.806,112.075,0.302,0.12
4071.2,75.469,79.968,153.23,2.708,109.633,17.423,22.013,19.659,3.723,16.414,10.149,0.762,112.047,0.507,0.116
4071.3,75.18,79.968,153.234,2.712,110.27,17.571,23.27,20.911,3.73,16.536,10.094,0.796,111.906,0.492,0.116
4071.5,74.578,78.516,153.269,2.716,112.384,17.658,26.422,23.218,3.756,16.598,10.055,0.802,111.088,0.321,0.114
4071.6001,74.034,78.091,153.289,2.713,113.394,17.551,27.543,23.663,3.765,16.58,10.072,0.805,110.534,0.178,0.114
4071.8999,71.827,76.816,153.296,2.703,115.201,17.283,27.029,22.24,3.762,16.773,10.056,0.819,109.254,,0.118
4072.1001,71.056,76.729,153.273,2.7,113.939,17.223,25.63,21.028,3.671,17.139,10.073,0.809,108.974,0.13,0.119
4072.3999,72.933,77.566,153.24,2.708,111.556,17.269,23.415,20.025,3.614,17.753,9.881,0.809,109.632,0.313,0.11
4072.5,74.087,78.417,153.232,2.712,111.587,16.847,22.928,20.135,3.648,17.911,9.758,0.816,110.078,0.338,0.093
4072.7,76.066,79.321,153.251,2.715,112.387,15.643,21.641,20.226,3.777,18.232,9.491,0.809,111.464,0.446,0.061
4072.8,76.651,79.321,153.358,2.714,112.727,15.859,21.526,20.251,3.861,18.347,9.353,0.809,111.834,0.523,0.072
4073.0,76.877,79.321,153.571,2.709,113.408,18.204,21.289,20.025,3.966,18.506,9.2,0.816,112.2,0.698,0.144
4073.5,75.899,80.205,153.152,2.695,117.657,18.584,21.71,19.791,3.841,17.546,10.061,0.81,111.123,0.807,0.16
4073.6001,76.168,80.617,153.039,2.698,117.229,18.597,21.745,20.098,3.824,17.292,10.189,0.81,110.653,0.706,0.157
4073.7,76.589,80.617,153.036,2.704,116.437,18.702,21.809,20.565,3.828,17.117,10.238,0.826,110.553,0.599,0.154
4073.8,77.041,80.617,153.035,2.708,115.859,18.773,21.699,20.498,3.844,17.016,10.228,0.825,110.485,0.485,0.151
4073.8999,77.428,80.617,153.036,2.711,115.619,18.777,21.418,20.665,3.862,17.003,10.17,0.81,110.449,0.412,0.149
4074.1001,77.811,79.661,153.03,2.707,114.608,18.532,21.294,21.194,3.878,17.298,9.948,0.837,109.407,0.289,0.146
4074.3999,78.13,80.426,153.026,2.703,111.445,18.026,21.869,20.524,3.831,18.456,9.555,0.811,109.384,0.264,0.137
4074.8,78.123,80.395,153.03,2.718,114.087,18.926,23.262,21.157,3.799,19.947,9.201,0.823,110.65,0.467,0.146
4074.8999,77.872,80.395,153.033,2.717,114.074,19.023,23.514,21.488,3.819,19.977,9.15,0.852,110.95,0.537,0.15
4075.1001,77.401,80.398,153.047,2.71,112.209,19.115,22.786,21.146,3.878,19.668,9.105,0.804,111.528,0.753,0.161
4075.2,77.337,80.394,153.055,2.707,111.571,19.178,22.346,20.834,3.886,19.426,9.139,0.824,111.754,0.839,0.165
4075.6001,78.452,80.353,153.04,2.72,111.492,19.171,23.772,20.0,3.638,18.831,9.688,0.826,111.027,0.58,0.149
4075.7,78.719,80.343,153.014,2.725,110.139,19.195,23.931,19.211,3.48,18.788,9.992,0.825,110.802,0.539,0.145
4075.8,78.857,80.331,152.988,2.725,109.115,19.201,23.823,19.081,3.33,18.703,10.307,0.829,110.545,0.531,0.145
4075.8999,78.86,80.32,152.964,2.722,109.149,19.064,23.554,19.339,3.226,18.517,10.591,0.85,110.285,0.574,0.144
4076.0,78.786,80.311,152.952,2.718,109.903,18.789,23.106,19.697,3.156,18.301,10.838,0.824,110.08,0.605,0.142
4076.2,78.617,80.297,152.932,2.714,111.412,18.511,22.599,20.726,3.095,18.016,11.164,0.778,109.912,0.589,0.139
4076.3999,78.603,80.291,152.995,2.72,113.363,18.756,22.799,20.439,3.145,17.993,11.216,0.823,110.075,0.514,0.138
4076.5,78.667,80.283,153.066,2.723,114.838,18.724,22.854,20.16,3.197,18.088,11.151,0.823,110.215,0.522,0.133
4076.8,79.128,80.316,153.166,2.732,114.728,18.567,21.921,19.015,3.306,18.366,10.95,0.823,110.673,0.612,0.122
4077.3,80.063,80.435,153.201,2.731,115.233,20.271,20.824,18.091,3.486,18.616,10.514,0.799,110.867,0.634,0.168
4077.3999,80.124,80.449,153.304,2.732,115.889,20.505,20.819,18.115,3.529,18.696,10.4,0.822,110.884,0.64,0.173
4077.8,80.118,80.491,153.448,2.75,115.252,19.84,21.08,18.283,3.64,18.81,10.138,0.839,110.834,0.51,0.135
4078.2,80.578,80.887,154.184,2.743,115.031,21.324,21.55,18.642,3.742,17.465,10.485,0.841,110.177,0.415,0.184
4078.3999,80.737,80.894,154.179,2.747,117.425,20.951,21.664,18.765,3.859,16.443,10.636,0.877,110.133,0.577,0.165
4078.5,80.716,80.644,153.687,2.749,118.08,20.318,21.715,18.83,3.907,16.088,10.636,0.872,110.197,0.479,0.146
4078.6001,80.644,80.173,152.722,2.748,117.709,19.669,21.758,18.879,3.945,15.839,10.578,0.83,110.312,0.407,0.13
4078.7,80.544,79.649,151.648,2.747,116.541,19.194,21.785,18.906,3.977,15.641,10.485,0.849,110.451,0.356,0.121
4079.1001,80.431,78.632,149.627,2.745,112.65,20.534,21.808,18.916,3.957,15.087,10.319,0.86,110.942,0.499,0.162
4079.3999,80.781,78.864,150.228,2.738,110.464,19.811,21.952,19.035,3.709,15.136,10.719,0.863,111.11,0.756,0.145
4079.5,81.063,78.889,150.154,2.739,110.786,19.301,22.12,19.184,3.632,15.336,10.796,0.849,111.136,0.784,0.13
4079.7,82.218,78.946,150.04,2.746,112.965,18.957,22.586,19.595,3.491,16.157,10.765,0.877,111.106,0.728,0.117
4079.8,82.884,78.973,150.017,2.747,113.525,19.021,22.848,19.82,3.449,16.624,10.652,0.858,111.049,0.7,0.118
4080.0,83.606,79.968,149.994,2.741,112.426,18.752,23.353,20.239,3.469,17.22,10.319,0.896,110.934,0.588,0.115
4080.1001,83.575,79.968,149.998,2.738,110.968,18.375,23.555,20.402,3.515,17.442,10.111,0.933,110.88,0.499,0.108
4080.2,83.358,79.968,149.998,2.735,109.687,17.993,23.707,20.524,3.555,17.673,9.928,0.918,110.806,0.437,0.1
4080.5,82.501,80.617,149.991,2.732,110.661,17.31,23.814,20.455,3.569,18.423,9.748,0.928,110.624,0.351,0.088
4080.6001,82.537,80.617,149.997,2.731,112.573,17.345,23.225,19.845,3.56,18.611,9.779,0.937,110.929,0.378,0.09
4080.8999,82.936,80.617,150.047,2.733,114.895,17.966,20.058,17.32,3.625,19.092,9.666,0.925,110.06,0.683,0.106
4081.1001,82.942,80.617,150.078,2.723,112.636,18.136,20.773,18.028,3.735,19.034,9.426,0.95,109.599,0.78,0.122
4081.2,82.935,80.617,150.086,2.718,111.708,18.269,21.329,18.46,3.767,18.925,9.362,1.01,109.638,0.839,0.13
4081.3,82.926,80.617,150.086,2.714,110.685,18.42,21.528,18.591,3.779,18.838,9.312,1.017,110.039,0.897,0.137
4081.3999,82.929,80.617,150.082,2.712,109.1,18.449,21.482,18.543,3.77,18.821,9.262,1.064,110.452,0.931,0.14
4081.5,82.965,80.617,150.073,2.708,107.442,18.296,21.439,18.503,3.748,18.894,9.224,1.025,110.729,0.915,0.139
4081.8,83.552,81.8,150.044,2.699,109.47,17.757,21.387,18.468,3.634,20.653,9.053,0.809,112.13,0.852,0.135
4082.0,84.297,81.912,150.039,2.701,112.816,18.004,21.371,18.459,3.566,21.865,9.013,0.808,111.906,0.69,0.14
4082.1001,84.672,81.912,150.042,2.704,113.601,18.29,21.365,18.448,3.544,21.91,9.1,0.808,111.487,0.563,0.144
4082.3,85.252,81.842,150.061,2.71,114.075,18.395,21.364,18.448,3.51,21.492,9.403,0.808,110.483,0.381,0.138
4082.6001,85.62,81.314,150.128,2.712,115.53,17.851,22.078,19.157,3.486,19.845,9.964,0.808,109.644,0.528,0.129
4082.8,85.654,81.912,150.205,2.704,114.83,20.139,23.572,20.469,3.489,19.362,10.025,0.776,110.557,0.699,0.201
4082.8999,85.632,81.912,150.249,2.7,113.296,21.18,24.375,21.133,3.5,19.7,9.849,0.808,110.559,0.769,0.228
4083.1001,85.533,81.912,150.328,2.696,111.065,21.01,25.428,21.961,3.567,20.674,9.394,0.816,110.953,0.851,0.222
4083.2,85.483,81.912,150.357,2.696,110.824,20.63,25.679,22.155,3.608,21.08,9.201,0.827,111.291,0.82,0.213
4083.3999,85.435,81.912,150.567,2.698,110.684,20.34,25.958,22.372,3.688,21.774,8.876,0.808,111.747,0.666,0.203
4083.5,85.429,81.912,150.718,2.7,110.794,20.044,26.033,22.417,3.728,22.002,8.771,0.808,111.905,0.574,0.191
4083.7,85.416,82.103,151.224,2.702,111.64,18.889,25.857,22.218,3.814,21.817,8.744,0.808,111.835,0.431,0.159
4084.0,85.382,82.56,152.037,2.691,114.22,18.872,24.998,21.453,3.884,20.279,9.039,0.808,111.108,0.35,0.176
4084.1001,85.357,82.56,152.268,2.689,114.482,19.324,24.719,21.095,3.878,19.797,9.157,0.808,110.949,0.417,0.19
4084.3,85.27,82.56,152.598,2.696,113.082,20.226,24.304,20.85,3.859,19.035,9.337,0.834,111.189,0.702,0.205
4084.3999,85.225,82.56,152.671,2.702,112.181,20.51,24.065,20.695,3.858,18.644,9.426,0.814,111.453,0.883,0.204
4084.7,85.196,82.56,153.026,2.713,112.178,19.963,23.571,20.192,3.906,17.247,9.809,0.808,110.812,1.193,0.177
4084.8,85.231,82.56,153.244,2.709,112.97,19.729,23.304,19.965,3.952,16.674,9.969,0.833,110.604,1.213,0.177
4084.8999,85.284,82.56,153.505,2.705,113.731,19.748,23.013,19.716,4.003,16.129,10.128,0.816,110.41,1.216,0.183
4085.0,85.338,82.56,153.832,2.703,114.244,19.862,22.721,19.465,4.047,15.651,10.279,0.817,110.277,1.19,0.188
4085.1001,85.379,82.56,154.071,2.705,114.702,19.917,22.444,19.225,4.072,15.316,10.404,0.832,110.22,1.139,0.184
4085.8,85.59,83.808,153.476,2.703,114.01,19.825,21.348,17.278,3.859,17.189,10.306,0.828,110.975,0.056,0.186
4085.8999,85.364,83.384,153.454,2.7,115.264,19.805,21.267,16.653,3.816,17.204,10.396,0.818,111.151,0.039,0.187
4086.0,84.991,82.958,153.438,2.7,116.552,19.581,21.128,16.325,3.773,17.155,10.502,0.812,111.243,0.053,0.18
4086.2,83.934,82.56,153.574,2.702,115.575,18.945,20.705,16.912,3.676,17.059,10.659,0.807,111.13,0.218,0.162
4086.3999,83.021,81.907,154.053,2.7,112.173,19.04,20.632,17.63,3.573,16.817,10.82,0.807,110.667,0.475,0.17
4086.6001,82.915,81.166,154.235,2.697,111.228,19.658,21.302,17.235,3.529,16.852,10.822,0.824,110.107,0.771,0.189
4086.7,83.129,80.715,153.752,2.696,111.271,19.899,21.571,16.996,3.53,16.964,10.75,0.823,109.854,0.898,0.196
4087.2,83.734,79.653,150.989,2.682,112.015,20.01,19.21,16.79,3.756,17.695,9.967,0.808,109.279,1.285,0.213
4087.3,83.534,79.996,151.341,2.68,111.796,19.744,19.218,16.787,3.81,17.96,9.76,0.823,109.276,1.319,0.206
4087.7,82.627,80.459,152.003,2.689,110.855,19.106,20.335,16.799,3.803,19.433,9.208,0.81,109.027,1.329,0.184
4087.8999,83.101,80.459,151.99,2.697,110.827,20.312,20.383,16.869,3.7,20.276,9.142,0.817,109.171,1.177,0.207
4088.0,83.561,80.451,151.991,2.698,110.49,20.498,20.419,16.958,3.666,20.758,9.089,0.812,109.309,1.075,0.208
4088.1001,84.039,80.441,151.994,2.698,110.485,20.373,20.504,17.234,3.649,21.183,9.033,0.812,109.441,0.953,0.204
4088.3999,84.522,80.418,151.997,2.698,113.533,19.914,20.829,17.563,3.785,21.735,8.77,0.794,109.438,0.59,0.193
4088.5,84.224,80.416,151.981,2.699,114.239,19.735,20.935,17.364,3.885,21.67,8.67,0.811,109.212,0.494,0.186
4088.7,83.231,80.425,151.934,2.703,112.168,19.454,21.25,17.279,4.112,20.477,8.621,0.81,108.564,0.419,0.175
4089.2,80.268,80.439,151.821,2.705,113.936,19.198,20.667,17.758,4.463,17.473,8.924,0.814,107.481,0.644,0.164
4089.8,79.582,80.503,151.837,2.709,115.102,17.213,21.324,18.136,4.328,17.615,9.263,0.777,107.265,0.655,0.111
4090.0,80.44,80.504,151.75,2.701,114.942,17.753,21.564,18.218,4.236,17.806,9.379,0.792,107.855,0.478,0.135
4090.2,81.172,80.505,151.65,2.696,115.596,18.323,22.137,18.279,4.157,17.963,9.461,0.791,108.923,0.394,0.155
4090.3999,81.338,80.48,151.562,2.696,115.042,19.133,22.324,17.84,4.154,17.807,9.498,0.777,109.581,0.388,0.175
4090.6001,80.986,80.45,151.484,2.697,113.678,18.842,21.855,17.357,4.172,17.113,9.656,0.753,109.189,0.306,0.163
4090.7,80.671,80.447,151.451,2.698,114.251,18.438,21.575,17.334,4.168,16.731,9.754,0.756,108.74,0.252,0.152
4090.8,80.341,80.455,151.423,2.698,115.265,18.259,21.308,17.532,4.158,16.411,9.834,0.806,108.225,0.213,0.149
4090.8999,80.07,80.475,151.4,2.698,115.798,18.45,21.198,17.737,4.138,16.228,9.891,0.758,107.826,0.192,0.157
4091.0,79.917,80.485,151.28,2.697,115.195,18.939,21.136,17.763,4.096,16.239,9.919,0.777,107.867,0.211,0.172
4091.5,80.012,80.415,148.097,2.698,112.423,19.34,21.757,17.412,3.834,17.913,9.706,0.764,109.208,0.583,0.175
4091.6001,80.085,80.338,147.451,2.705,113.534,19.218,22.101,17.847,3.804,18.359,9.631,0.758,109.418,0.588,0.167
4091.7,80.248,80.218,147.036,2.71,114.104,19.287,22.311,18.033,3.788,18.694,9.569,0.76,110.384,0.529,0.164
4092.0,81.227,79.851,146.576,2.712,112.919,19.628,22.032,17.969,3.768,18.85,9.57,0.778,113.028,0.21,0.17
4092.3,81.073,79.809,146.554,2.711,112.549,19.934,21.558,18.866,3.705,18.795,9.628,0.759,112.163,0.056,0.18
4092.3999,80.583,79.81,146.565,2.714,112.078,19.86,21.651,18.944,3.663,18.925,9.623,0.786,111.616,0.021,0.173
4092.5,80.012,79.812,146.577,2.719,111.37,19.525,21.791,18.756,3.618,19.09,9.615,0.762,111.675,0.002,0.157
4092.6001,79.495,79.815,146.593,2.724,110.754,19.114,21.622,18.511,3.576,19.227,9.614,0.798,111.684,0.008,0.142
4092.7,79.111,79.818,146.613,2.727,110.53,18.843,21.464,18.404,3.548,19.281,9.617,0.798,111.663,0.038,0.132
4093.0,78.67,79.819,146.681,2.721,111.745,18.874,21.745,18.947,3.555,18.887,9.646,0.763,111.403,0.448,0.142
4093.3999,78.063,79.824,146.702,2.711,108.175,19.025,24.062,20.082,3.713,17.01,9.978,0.771,111.062,0.828,0.156
4093.5,77.757,79.825,146.686,2.713,108.12,19.185,24.665,20.622,3.746,16.659,10.067,0.763,111.0,0.87,0.159
4093.7,77.289,79.823,146.662,2.712,110.851,19.35,25.731,21.47,3.81,16.404,10.182,0.715,110.783,0.968,0.164
4094.0,77.782,79.816,146.682,2.7,116.772,18.855,26.458,22.068,3.923,16.694,10.093,0.658,111.53,1.088,0.163
4094.5,79.156,79.82,146.752,2.689,113.519,18.474,26.9,22.492,3.927,16.493,9.988,0.658,109.864,0.97,0.166
4094.8999,79.022,79.824,146.813,2.671,115.942,17.648,26.719,22.384,3.86,17.22,10.169,0.658,110.325,0.788,0.158
4095.1001,79.038,79.822,146.82,2.68,117.971,17.367,26.677,22.358,3.897,17.743,10.114,0.63,111.081,0.527,0.148
4095.6001,79.696,79.827,146.836,2.698,114.455,21.755,25.531,21.381,4.062,17.908,9.703,0.659,111.154,0.426,0.24
4095.7,80.057,79.831,146.838,2.696,113.351,21.086,24.871,20.861,4.036,18.146,9.632,0.657,111.212,0.437,0.225
4095.8999,80.957,79.83,146.841,2.69,110.919,20.653,23.681,19.955,3.952,18.992,9.487,0.659,111.574,0.49,0.223
4096.1001,81.781,79.82,146.842,2.688,111.854,20.963,23.174,19.577,3.936,19.676,9.336,0.618,111.692,0.769,0.231
4096.2998,82.265,79.813,146.846,2.69,114.051,20.153,23.106,19.527,3.969,20.055,9.227,0.63,111.391,1.032,0.204
4096.6001,82.422,79.825,146.867,2.697,116.076,19.38,23.111,19.531,4.101,20.193,9.064,0.63,111.035,1.078,0.182
4096.7002,82.415,79.833,146.876,2.697,115.283,19.839,23.109,19.53,4.125,20.205,9.041,0.629,111.044,1.0,0.195
4097.1001,82.38,79.861,146.898,2.689,114.254,20.119,23.507,19.899,4.01,20.422,9.227,0.63,111.419,0.652,0.208
4097.2002,82.375,79.863,146.899,2.689,115.686,19.984,23.872,20.192,3.931,20.336,9.386,0.63,111.507,0.68,0.204
4097.3999,82.361,79.868,146.897,2.686,115.544,19.88,24.309,20.51,3.827,20.303,9.57,0.63,111.645,0.839,0.206
4097.6001,82.34,79.875,146.907,2.684,113.122,20.213,24.011,20.256,3.792,20.667,9.538,0.623,111.932,0.96,0.218
4097.7998,82.319,79.884,146.916,2.685,115.219,20.545,23.622,19.968,3.757,21.527,9.376,0.63,112.366,0.96,0.224
4098.1001,82.308,79.897,146.896,2.695,116.165,20.585,24.069,20.408,3.71,21.918,9.38,0.63,113.037,0.672,0.213
4098.2002,82.308,79.901,146.888,2.699,115.68,20.506,24.544,20.809,3.727,21.811,9.391,0.597,113.188,0.617,0.207
4098.5,82.303,79.905,146.884,2.695,117.497,20.775,25.326,21.445,3.863,20.622,9.493,0.595,113.249,0.773,0.221
4098.6001,82.295,79.905,146.888,2.694,117.348,20.945,25.235,21.369,3.899,20.098,9.586,0.594,113.148,0.834,0.225
4098.8999,82.098,79.897,146.888,2.694,115.902,20.536,24.792,20.992,3.932,18.658,10.003,0.594,112.402,0.956,0.213
4099.1001,81.635,79.891,146.867,2.69,115.917,19.793,24.513,20.744,3.921,17.91,10.272,0.6,111.175,0.818,0.197
4099.3999,81.327,79.882,146.836,2.694,116.288,19.281,23.861,20.181,3.826,17.228,10.735,0.604,111.397,0.548,0.18
4099.5,81.453,79.888,146.814,2.699,116.85,19.307,23.658,20.003,3.766,17.211,10.893,0.593,111.587,0.532,0.175
4099.7002,81.831,79.984,147.091,2.707,117.74,19.481,23.317,19.699,3.648,17.627,11.038,0.597,112.069,0.647,0.172
4100.1001,81.88,80.364,148.519,2.71,116.101,20.253,22.699,19.195,3.483,18.748,11.01,0.601,112.757,0.932,0.188
4100.2002,81.799,80.398,148.761,2.713,115.627,20.016,22.618,19.125,3.505,18.908,10.917,0.578,112.83,1.06,0.178
4101.0,80.806,78.672,146.616,2.708,113.032,21.201,22.536,19.076,3.643,15.627,11.724,0.58,112.386,0.526,0.217
4101.1001,80.796,78.459,146.32,2.706,113.561,21.108,22.56,19.091,3.622,15.749,11.744,0.58,112.313,0.53,0.217
4101.2002,80.782,78.46,146.363,2.703,115.573,21.006,22.592,19.113,3.597,16.301,11.65,0.569,112.242,0.55,0.218
4101.2998,80.657,78.87,147.067,2.697,117.933,20.916,22.646,19.146,3.572,17.16,11.475,0.58,112.189,0.592,0.222
4101.5,80.015,80.012,149.05,2.688,120.253,20.606,22.947,19.273,3.549,19.049,10.961,0.581,112.211,0.749,0.222
4101.6001,79.568,80.414,149.81,2.687,119.731,20.393,23.189,19.356,3.56,19.86,10.658,0.581,111.924,0.841,0.216
4101.7002,79.108,80.574,150.174,2.688,119.023,20.265,23.42,19.43,3.582,20.602,10.345,0.581,112.201,0.925,0.212
4101.7998,78.709,80.583,150.286,2.69,118.793,20.229,23.58,19.478,3.616,21.144,10.063,0.579,112.817,0.922,0.209
4101.8999,78.464,80.584,150.324,2.691,118.788,20.161,23.652,19.495,3.666,21.388,9.833,0.572,113.383,0.879,0.206
4102.0,78.394,80.583,150.365,2.691,118.392,19.933,23.67,19.495,3.736,21.299,9.667,0.58,113.861,0.799,0.199
4102.2002,78.498,80.579,150.452,2.69,116.859,19.351,23.67,19.484,3.931,20.432,9.461,0.574,114.407,0.659,0.186
4102.3999,78.464,80.58,150.556,2.691,116.719,20.083,23.667,19.48,4.142,19.498,9.326,0.559,114.315,0.592,0.21
4102.7998,78.323,80.582,150.819,2.677,118.312,20.583,23.657,19.471,4.372,18.887,9.266,0.559,113.073,0.72,0.232
4103.0,78.064,80.573,150.876,2.677,120.633,20.208,23.653,19.463,4.358,18.915,9.477,0.559,112.623,1.075,0.222
4103.1001,77.86,80.569,150.879,2.678,121.349,20.074,23.654,19.462,4.324,18.812,9.653,0.558,112.47,1.274,0.218
4103.2002,77.624,80.565,150.886,2.68,122.028,20.072,23.658,19.464,4.262,18.573,9.921,0.549,112.335,1.446,0.217
4103.7002,76.623,80.647,151.219,2.693,125.207,20.725,23.687,19.456,3.944,17.424,11.07,0.539,112.339,1.324,0.22
4103.7998,76.535,80.707,151.468,2.695,124.417,20.716,23.693,19.452,3.918,17.455,11.094,0.514,112.399,1.161,0.218
4103.8999,76.471,80.779,151.754,2.697,123.264,20.694,23.691,19.448,3.893,17.524,11.075,0.541,112.392,0.979,0.215
4104.0,76.43,80.851,152.066,2.699,122.048,20.593,23.681,19.446,3.867,17.618,11.021,0.498,112.477,0.793,0.21
4104.2002,76.398,80.985,152.823,2.702,120.046,20.502,23.659,19.448,3.824,17.978,10.816,0.481,112.116,0.497,0.205
4104.6001,76.318,81.168,154.902,2.702,117.842,20.915,23.657,19.455,3.852,19.657,10.025,0.418,111.462,0.41,0.216
4104.7002,76.299,81.188,155.34,2.703,117.894,20.937,23.662,19.453,3.886,20.021,9.83,0.426,111.433,0.506,0.214
4104.8999,76.281,81.197,155.597,2.707,118.102,20.513,23.678,19.442,4.013,20.247,9.532,0.417,111.691,0.724,0.197
4105.1001,76.284,81.201,155.492,2.713,118.782,19.916,23.689,19.433,4.175,19.994,9.369,0.417,112.258,0.959,0.176
4105.6001,76.315,78.75,148.943,2.715,120.915,20.526,23.709,19.422,4.166,20.122,9.518,0.323,114.236,1.11,0.193
4105.8999,76.991,77.747,145.143,2.709,121.177,20.816,23.723,19.413,3.886,21.001,9.76,0.323,114.357,1.121,0.205
4106.1001,77.947,78.191,144.203,2.712,119.591,20.422,23.738,19.403,3.775,20.802,9.955,0.323,113.751,0.946,0.19
4106.3999,78.949,78.439,143.33,2.712,119.554,20.457,23.751,19.389,3.814,19.666,10.104,0.321,112.937,0.721,0.195
4106.6001,78.757,78.435,143.28,2.705,118.63,21.194,23.652,19.269,3.902,18.974,10.059,0.32,112.557,0.768,0.223
4106.7998,78.524,78.429,143.253,2.696,117.85,21.348,23.104,18.817,3.94,18.716,9.979,0.283,112.191,0.841,0.234
4106.8999,78.489,78.416,143.242,2.69,117.172,21.029,22.79,18.59,3.922,18.779,9.952,0.316,112.1,0.838,0.23
4107.0,78.397,78.4,143.232,2.686,116.454,20.537,22.711,18.555,3.886,18.946,9.939,0.269,112.086,0.806,0.22
4107.1001,78.202,78.381,143.219,2.685,116.182,20.082,22.926,18.736,3.843,19.113,9.952,0.301,112.216,0.746,0.209
4107.5,76.789,78.351,143.169,2.685,119.285,20.117,24.4,19.916,3.688,19.228,10.22,0.264,113.349,0.447,0.214
4107.8999,77.285,78.38,143.124,2.682,115.209,20.131,22.74,20.549,3.869,17.759,10.151,0.54,113.568,0.041,0.216
4108.5,76.374,78.351,142.939,2.677,116.896,19.883,23.027,20.775,3.709,16.399,10.973,0.541,113.482,0.651,0.215
4108.6001,76.15,78.338,142.922,2.68,117.535,20.02,23.021,20.774,3.672,16.582,11.0,0.58,113.431,0.705,0.215
4108.7002,76.12,78.326,142.904,2.682,117.593,20.114,23.044,20.801,3.666,16.779,10.955,0.58,113.332,0.73,0.216
4108.7998,76.29,78.316,142.887,2.682,116.914,20.163,23.13,20.878,3.703,16.99,10.803,0.58,113.188,0.729,0.218
4108.8999,76.638,78.319,142.872,2.678,115.74,20.212,23.266,20.989,3.783,17.243,10.536,0.625,112.971,0.712,0.224
4109.1001,77.456,78.342,142.839,2.668,115.385,19.782,23.398,21.081,4.002,17.548,9.981,0.577,112.805,0.628,0.218
4109.2002,77.798,78.347,142.772,2.667,116.874,19.074,23.326,21.016,4.139,17.452,9.773,0.555,112.805,0.576,0.199
4109.5,78.549,78.402,142.4,2.678,119.345,18.406,23.14,20.861,4.368,16.774,9.616,0.584,113.573,0.434,0.179
4109.6001,78.738,78.43,142.203,2.675,118.815,19.033,23.136,20.86,4.381,16.625,9.629,0.562,113.897,0.387,0.198
4109.7002,78.875,78.454,141.977,2.67,118.09,19.534,23.131,20.858,4.384,16.512,9.637,0.536,114.132,0.32,0.217
4109.8999,78.926,78.429,141.591,2.665,116.706,19.776,23.129,20.849,4.358,16.383,9.647,0.607,114.365,0.201,0.224
4110.2998,78.689,78.273,141.392,2.681,115.82,19.302,23.107,20.843,4.277,17.344,9.381,0.559,114.859,0.12,0.195
4110.3999,78.607,78.269,141.41,2.679,116.214,19.264,23.104,20.847,4.253,17.636,9.311,0.541,114.921,0.156,0.197
4110.8999,78.485,78.061,141.491,2.689,111.208,19.536,23.103,20.847,3.954,17.773,9.471,0.596,114.214,0.736,0.191
4111.1001,78.575,78.193,143.506,2.696,110.64,18.812,23.097,20.848,3.875,16.89,9.809,0.54,113.8,0.756,0.162
4111.2998,78.589,78.719,146.689,2.693,112.638,17.052,23.093,20.853,3.866,15.862,10.144,0.54,113.524,0.615,0.118
4111.5,78.589,79.219,148.891,2.693,111.705,16.154,23.09,20.855,3.879,15.283,10.312,0.567,113.313,0.525,0.098
4111.6001,78.649,79.321,149.237,2.696,111.188,16.523,23.089,20.854,3.886,15.261,10.3,0.604,113.235,0.525,0.107
4111.7998,78.827,79.346,149.237,2.701,111.597,18.026,23.087,20.849,3.924,15.701,10.068,0.54,113.141,0.556,0.143
4111.8999,78.853,79.351,149.238,2.701,111.927,18.595,23.086,20.846,3.951,16.051,9.886,0.54,113.3,0.584,0.158
4112.0,78.807,79.352,149.239,2.699,112.107,18.935,23.086,20.844,3.969,16.432,9.715,0.54,113.643,0.623,0.168
4112.1001,78.689,79.351,149.245,2.697,112.029,19.136,23.086,20.844,3.97,16.884,9.549,0.534,113.751,0.654,0.175
4112.2002,78.535,79.351,149.25,2.697,111.473,19.356,23.086,20.843,3.956,17.405,9.382,0.531,113.953,0.673,0.181
4112.2998,78.375,79.353,149.256,2.699,110.476,19.644,23.086,20.843,3.928,17.898,9.245,0.54,114.269,0.622,0.186
4113.0,78.052,79.383,149.204,2.715,110.846,20.1,23.082,20.835,3.533,18.472,9.892,0.52,113.365,0.107,0.18
4113.2002,77.953,79.387,149.163,2.709,114.119,19.962,23.079,20.84,3.576,18.239,10.079,0.569,112.882,0.084,0.183
4113.2998,77.982,79.391,149.138,2.703,114.331,19.803,23.083,20.842,3.649,18.428,9.974,0.6,113.077,0.089,0.185
4113.6001,78.233,79.413,149.071,2.695,111.739,19.171,23.273,21.014,3.895,19.85,9.291,0.541,112.984,0.07,0.176
4113.7002,78.18,79.422,149.056,2.695,112.996,19.07,23.429,21.154,3.959,20.203,9.127,0.562,112.912,0.076,0.174
4113.7998,78.031,79.429,149.047,2.694,114.631,19.279,23.596,21.299,4.016,20.41,8.993,0.531,112.909,0.102,0.184
4114.1001,77.383,79.436,149.067,2.694,115.613,19.158,23.706,21.339,4.031,19.856,9.071,0.518,112.834,0.258,0.175
4114.2002,77.243,79.433,149.085,2.694,114.996,18.774,23.546,21.18,3.985,19.404,9.235,0.537,112.555,0.307,0.165
4114.2998,77.208,79.429,149.105,2.694,114.209,18.541,23.314,20.967,3.921,18.761,9.471,0.518,112.134,0.316,0.16
4114.5,77.428,79.422,149.129,2.695,112.677,18.605,22.815,20.534,3.775,17.401,10.023,0.54,110.966,0.299,0.161
4114.6001,77.613,79.421,149.127,2.696,112.713,18.693,22.649,20.396,3.709,16.943,10.26,0.538,110.776,0.462,0.163
4115.2998,78.086,79.469,149.145,2.689,113.98,19.303,22.958,20.644,3.621,16.681,10.559,0.57,111.08,0.934,0.185
4115.5,77.881,79.49,149.165,2.689,114.601,18.781,23.026,20.691,3.723,17.032,10.191,0.52,111.169,0.822,0.172
4115.6001,77.773,79.498,149.181,2.689,113.987,18.564,23.071,20.731,3.784,17.08,10.024,0.55,111.192,0.705,0.166
4115.7002,77.686,79.503,149.197,2.69,113.114,18.457,23.113,20.77,3.843,17.013,9.89,0.547,111.214,0.482,0.163
4115.8999,77.628,79.508,149.219,2.691,112.833,18.806,23.115,20.769,3.942,16.62,9.729,0.537,111.065,0.209,0.173
4116.0,77.677,79.508,149.219,2.69,113.282,19.073,23.044,20.704,3.989,16.427,9.66,0.529,110.885,0.01,0.18
4116.1001,77.762,79.509,149.212,2.691,113.297,19.224,22.953,20.624,4.043,16.32,9.559,0.541,110.734,,0.182
4116.2002,77.84,79.512,149.212,2.693,112.39,19.31,22.887,20.57,4.105,16.3,9.425,0.518,110.559,,0.182
4116.3999,77.705,79.528,149.243,2.698,109.898,19.407,22.967,20.658,4.218,16.445,9.178,0.512,110.153,,0.178
4116.7002,76.968,79.575,149.341,2.703,110.529,18.766,23.603,21.39,4.316,17.08,8.894,0.52,109.277,,0.157
4117.0,76.671,79.629,149.396,2.69,112.572,19.203,24.239,22.126,4.194,17.545,9.04,0.508,108.673,0.343,0.185
4117.1001,76.725,79.642,149.399,2.686,113.344,19.234,24.26,22.146,4.093,17.747,9.156,0.479,108.637,0.514,0.188
4117.2002,76.787,79.654,149.398,2.685,113.762,19.25,24.213,22.095,3.981,17.935,9.278,0.482,108.811,0.68,0.191
4117.3999,76.754,79.672,149.387,2.681,112.336,19.562,24.041,21.935,3.689,18.185,9.666,0.534,110.239,1.007,0.203
4117.5,76.699,79.686,149.38,2.679,110.597,19.715,23.934,21.846,3.49,18.352,9.941,0.5,110.265,1.134,0.209
4117.7998,76.764,79.777,149.336,2.682,109.223,19.96,23.911,21.888,3.183,19.1,10.232,0.501,110.537,1.158,0.21
4117.8999,76.731,79.804,149.335,2.685,110.992,19.879,24.148,22.125,3.21,19.309,10.139,0.537,110.687,1.057,0.204
4118.2002,76.052,79.862,149.621,2.694,112.306,19.021,25.308,23.16,3.466,19.542,9.684,0.541,111.305,0.767,0.172
4118.7998,78.91,80.269,153.109,2.708,114.42,19.463,21.479,19.59,4.183,19.576,8.753,0.533,112.024,1.34,0.172
4119.1001,80.945,80.442,153.417,2.704,113.665,19.945,20.405,18.677,4.225,19.819,8.666,0.511,111.016,1.634,0.186
4119.2002,81.041,80.465,153.433,2.701,112.62,19.596,20.481,18.734,4.179,19.889,8.724,0.565,110.647,1.611,0.18
4119.2998,80.927,80.458,153.508,2.699,112.01,19.317,20.56,18.791,4.094,19.873,8.868,0.516,110.326,1.551,0.175
4119.3999,80.692,80.424,153.704,2.698,112.67,19.272,20.607,18.816,3.981,19.644,9.122,0.507,110.097,1.477,0.178
4119.5,80.443,80.387,153.978,2.697,114.429,19.425,20.605,18.796,3.853,19.163,9.486,0.542,109.913,1.392,0.183
4119.8999,80.04,80.481,155.533,2.697,115.937,19.882,20.225,18.416,3.529,18.331,10.383,0.501,109.942,0.809,0.194
4120.0,80.151,80.604,155.751,2.692,116.431,19.87,20.157,18.343,3.445,18.14,10.66,0.501,110.035,0.626,0.199
4120.2998,82.226,80.865,155.84,2.683,117.921,19.99,19.831,17.996,3.293,17.052,11.444,0.534,110.237,0.809,0.211
4120.3999,83.59,80.833,155.655,2.685,117.647,19.956,19.656,17.834,3.259,16.46,11.736,0.539,110.346,0.873,0.207
4120.6001,86.025,80.448,154.639,2.69,116.96,19.438,19.664,17.85,3.24,15.434,12.135,0.552,110.937,0.748,0.187
4120.7998,86.067,79.814,152.876,2.693,116.429,19.587,20.203,18.317,3.326,15.185,12.009,0.542,111.917,0.699,0.192
4120.8999,85.08,79.404,151.763,2.693,116.893,20.065,20.446,18.505,3.399,15.454,11.737,0.591,112.494,0.7,0.206
4121.1001,82.072,78.341,149.091,2.686,118.458,20.552,20.834,18.778,3.565,16.49,10.947,0.567,113.658,0.808,0.223
4121.5,77.993,75.845,142.407,2.672,114.103,17.59,23.844,21.455,3.839,18.139,9.56,0.501,118.232,1.246,0.156
4121.6001,77.507,75.364,140.984,2.677,113.421,17.391,24.695,22.177,3.862,18.428,9.351,0.501,118.596,1.323,0.147
4121.7998,77.21,74.918,139.476,2.692,113.092,17.459,25.477,22.778,3.827,18.677,9.226,0.538,118.879,1.392,0.133
4122.0,78.002,74.863,139.117,2.698,110.646,17.545,25.596,22.824,3.7,19.302,9.168,0.499,118.812,1.163,0.13
4122.2998,79.679,74.893,139.45,2.701,111.871,17.507,25.827,22.903,3.438,20.623,9.197,0.51,118.222,0.751,0.126
4122.3999,79.936,74.873,139.681,2.698,113.222,17.321,25.768,22.803,3.341,20.918,9.255,0.552,117.866,0.619,0.124
4122.7998,79.974,75.398,141.904,2.686,110.758,17.762,25.1,22.12,3.123,21.617,9.399,0.499,114.484,,0.15
4122.8999,80.124,75.649,142.604,2.69,109.97,18.275,25.026,22.041,3.118,21.667,9.405,0.499,113.984,,0.16
4123.0,80.278,75.87,143.221,2.693,110.338,18.668,24.951,21.951,3.156,21.555,9.408,0.521,114.274,,0.165
4123.1001,80.349,75.999,143.625,2.697,111.699,18.712,24.772,21.765,3.233,21.347,9.406,0.521,115.786,,0.161
4123.3999,79.755,75.842,143.403,2.697,117.904,17.727,23.463,20.599,3.663,20.059,9.376,0.624,116.371,,0.136
4123.5,79.31,75.774,142.826,2.696,118.801,17.732,23.143,20.342,3.763,19.649,9.376,0.602,116.536,,0.138
4124.0,77.593,75.743,138.003,2.703,114.314,17.163,24.808,21.862,3.918,18.68,9.336,0.604,117.327,0.215,0.114
4124.1001,77.69,75.688,137.417,2.698,113.658,17.038,25.422,22.388,3.905,18.864,9.274,0.586,117.242,0.378,0.118
4124.3999,78.489,75.869,138.149,2.685,110.974,17.129,26.998,23.694,3.855,19.923,9.012,0.604,116.529,0.845,0.135
4124.7002,78.471,77.038,140.836,2.681,113.923,18.661,26.839,23.49,3.82,20.255,9.01,0.621,115.353,1.089,0.181
4124.7998,78.209,77.487,141.605,2.682,114.694,19.039,26.43,23.131,3.805,20.142,9.085,0.667,114.982,1.079,0.186
4125.2998,78.292,78.494,144.779,2.698,115.067,17.887,24.707,21.655,3.544,18.153,10.208,0.614,113.205,0.714,0.141
4125.5,78.735,78.707,145.056,2.687,111.893,18.288,24.132,21.157,3.336,16.753,11.032,0.581,113.071,0.626,0.164
4125.7002,78.678,78.77,144.936,2.682,112.959,18.688,23.758,20.851,3.267,16.12,11.388,0.605,113.013,0.675,0.179
4125.8999,78.549,78.411,145.093,2.683,114.478,18.853,23.746,20.863,3.307,16.115,11.318,0.64,112.979,0.79,0.182
4126.2002,79.182,77.801,145.842,2.685,113.887,18.74,24.201,21.213,3.55,17.813,10.371,0.603,113.39,0.727,0.174
4126.2998,79.526,77.751,146.022,2.687,115.118,18.431,24.308,21.277,3.646,18.667,9.948,0.603,114.547,0.669,0.163
4126.3999,79.769,77.693,145.962,2.689,116.003,18.202,24.378,21.309,3.724,19.323,9.6,0.664,114.965,0.62,0.156
4126.6001,79.468,77.404,145.422,2.688,114.123,18.373,24.479,21.367,3.811,19.891,9.246,0.603,115.036,0.547,0.164
4126.7002,79.026,77.152,145.132,2.685,112.504,18.467,24.522,21.407,3.834,19.885,9.214,0.603,114.89,0.499,0.169
4126.8999,78.199,76.735,145.069,2.682,110.907,18.291,24.528,21.423,3.848,19.354,9.368,0.603,113.241,0.379,0.166
4127.1001,78.051,76.841,146.099,2.693,111.745,18.518,24.255,21.172,3.795,18.551,9.688,0.602,112.663,0.347,0.161
4127.2998,78.758,77.462,147.193,2.706,114.203,18.984,23.563,20.6,3.727,18.201,9.938,0.602,112.569,0.389,0.159
4127.3999,79.233,77.794,147.508,2.708,114.851,18.995,23.199,20.294,3.715,18.217,9.982,0.607,112.513,0.41,0.157
4127.7002,80.131,78.351,147.823,2.706,114.433,18.651,22.777,19.925,3.725,18.094,9.966,0.641,112.413,0.428,0.151
4127.7998,80.215,78.399,147.902,2.705,114.959,18.537,22.879,20.075,3.739,17.807,9.972,0.66,112.422,0.492,0.148
4128.0,80.13,78.409,148.054,2.705,115.105,18.194,23.375,20.617,3.767,16.789,10.108,0.705,112.415,0.661,0.14
4128.2998,79.121,78.28,147.803,2.697,111.077,18.201,23.158,20.365,3.762,15.015,10.502,0.698,112.139,0.756,0.15
4128.3999,78.596,78.288,147.757,2.695,109.98,18.502,22.67,19.951,3.747,14.775,10.593,0.693,112.023,0.702,0.162
4128.5,78.115,78.334,147.793,2.691,109.422,18.861,22.251,19.612,3.719,14.714,10.654,0.673,111.96,0.612,0.176
4128.6001,77.756,78.431,147.946,2.685,109.627,19.171,22.007,19.42,3.671,14.889,10.672,0.737,111.977,0.359,0.19
4128.7002,77.574,78.57,148.26,2.68,110.786,19.363,21.927,19.357,3.61,15.399,10.601,0.679,112.168,0.115,0.199
4128.7998,77.582,78.731,148.628,2.679,112.522,19.485,21.917,19.348,3.555,16.088,10.459,0.662,112.423,,0.202
4129.1001,78.306,78.768,148.441,2.699,114.498,20.391,21.923,19.369,3.471,18.002,9.872,0.664,113.328,0.256,0.206
4129.3999,78.576,76.533,142.226,2.701,109.281,20.021,22.619,20.118,3.283,20.377,9.115,0.74,114.248,0.921,0.188
4129.7002,77.401,75.329,136.261,2.693,107.301,16.881,26.376,23.408,3.213,21.745,8.765,0.725,118.104,1.028,0.116
4129.7998,76.93,75.546,135.66,2.694,108.133,16.92,27.749,24.528,3.259,22.025,8.678,0.726,118.419,0.975,0.12
4130.0,76.195,75.982,135.313,2.701,108.765,18.799,29.392,25.768,3.403,22.312,8.512,0.712,118.615,0.782,0.165
4130.1001,75.981,75.997,135.232,2.707,108.873,19.694,29.544,25.799,3.486,22.304,8.438,0.718,118.49,0.641,0.18
4130.2998,75.838,76.061,135.132,2.717,108.816,19.843,28.709,24.924,3.672,22.198,8.285,0.716,117.969,0.275,0.168
4130.5,76.046,76.145,135.264,2.717,107.174,19.116,27.25,23.667,3.841,21.652,8.216,0.723,117.196,,0.151
4130.7998,76.963,76.615,137.153,2.708,110.125,18.824,26.447,23.029,3.821,20.245,8.46,0.752,116.539,,0.154
4131.0,77.33,77.238,138.972,2.707,111.565,19.116,26.433,23.013,3.744,19.351,8.716,0.752,116.531,,0.163
4131.2998,76.904,77.528,140.051,2.713,107.908,19.266,26.432,23.023,3.543,17.905,9.236,0.711,115.0,,0.159
4131.3999,76.737,77.389,139.959,2.713,107.999,19.167,26.398,23.005,3.503,17.867,9.282,0.712,114.87,,0.157
4131.5,76.655,77.185,139.754,2.711,108.997,19.032,26.349,22.977,3.477,18.098,9.253,0.713,114.741,0.08,0.155
4131.7002,76.721,76.911,139.245,2.704,110.873,18.521,26.36,23.028,3.436,18.685,9.149,0.714,115.976,0.491,0.149
4131.7998,76.744,76.833,138.977,2.7,110.668,18.279,26.501,23.167,3.411,18.844,9.123,0.714,114.712,0.729,0.147
4131.8999,76.66,76.685,138.843,2.697,109.677,18.132,26.737,23.381,3.379,18.92,9.116,0.772,114.514,0.952,0.147
4132.0,76.432,76.483,138.788,2.696,108.186,18.07,27.018,23.624,3.335,18.784,9.173,0.736,114.492,1.14,0.146
4132.1001,76.109,76.198,138.845,2.696,106.466,18.002,27.283,23.847,3.283,18.405,9.312,0.788,114.478,1.285,0.144
4132.2998,75.53,75.462,139.067,2.693,104.179,17.829,27.636,24.102,3.177,17.199,9.772,0.884,114.595,1.465,0.143
4132.3999,75.44,75.118,139.128,2.692,104.473,17.806,27.717,24.114,3.139,16.504,10.059,0.905,114.753,1.429,0.144
4132.7002,76.209,74.902,138.555,2.691,106.48,17.485,27.518,23.879,3.096,14.59,10.941,0.879,115.351,0.987,0.134
4132.7998,76.616,75.019,138.045,2.692,106.652,17.308,27.323,23.789,3.114,14.427,11.033,0.9,115.514,0.821,0.129
4132.8999,76.915,75.134,137.505,2.695,107.404,17.213,27.135,23.716,3.161,14.526,10.979,0.915,115.648,0.688,0.124
4133.0,77.04,75.183,137.026,2.697,108.65,17.155,27.041,23.7,3.238,14.757,10.832,0.925,115.714,0.582,0.119
4133.2002,76.734,75.04,136.574,2.697,110.236,16.447,27.39,24.015,3.408,15.458,10.345,0.856,115.706,0.408,0.098
4133.2998,76.327,74.916,136.669,2.694,109.982,15.748,27.806,24.316,3.488,15.824,10.068,0.92,115.686,0.324,0.084
4133.3999,75.803,74.832,136.822,2.691,109.437,15.322,28.251,24.614,3.577,16.203,9.766,0.873,115.716,0.245,0.079
4133.5,75.241,74.779,136.997,2.689,108.649,15.636,28.62,24.85,3.678,16.571,9.452,0.934,115.788,0.218,0.094
4133.6001,74.765,74.793,137.041,2.689,107.864,16.697,28.862,25.027,3.78,16.88,9.171,0.907,115.971,0.229,0.125
4133.8999,74.303,74.79,137.111,2.686,109.424,18.644,29.087,25.448,3.936,17.812,8.728,0.909,119.076,0.452,0.17
4134.0,74.402,74.789,137.106,2.686,110.359,18.123,29.064,25.484,3.929,18.144,8.683,0.871,119.201,0.535,0.156
4134.2002,74.746,74.791,136.941,2.688,109.876,17.576,28.834,25.276,3.824,18.487,8.74,0.855,118.944,0.556,0.141
4134.2998,74.912,74.79,136.779,2.69,108.924,17.539,28.63,25.082,3.729,18.547,8.836,0.884,118.146,0.548,0.137
4134.3999,75.055,74.787,136.581,2.693,108.03,17.425,28.409,24.887,3.618,18.565,8.959,0.897,116.741,0.551,0.131
4134.6001,75.413,74.776,136.264,2.697,107.627,17.073,28.085,24.593,3.433,18.362,9.216,0.925,116.415,0.548,0.118
4134.7002,75.685,74.771,136.174,2.698,108.19,16.972,27.98,24.477,3.36,18.165,9.347,0.915,116.299,0.511,0.115
4135.1001,76.753,74.756,136.197,2.69,109.455,16.644,27.914,24.545,3.192,17.778,9.601,0.856,115.622,0.829,0.115
4135.2998,76.282,74.548,136.501,2.685,107.567,16.663,29.211,25.782,3.172,17.771,9.559,0.87,115.486,0.764,0.121
4135.3999,75.79,74.343,136.408,2.687,105.931,16.823,30.044,26.526,3.172,17.716,9.519,0.861,115.547,0.665,0.123
4135.5,75.221,74.203,136.408,2.691,104.85,16.964,30.696,27.098,3.188,17.616,9.474,0.926,115.64,0.523,0.122
4135.7002,74.181,74.631,137.921,2.696,105.57,16.87,31.234,27.568,3.246,17.226,9.463,0.893,115.87,0.255,0.113
4135.7998,73.884,75.154,139.425,2.695,106.079,16.698,31.233,27.57,3.271,16.89,9.538,0.893,115.956,0.197,0.11
4136.1001,73.843,77.046,145.272,2.694,106.953,16.788,31.108,27.465,3.296,15.658,10.034,0.893,115.905,0.241,0.115
4136.2998,73.981,77.395,146.734,2.699,108.435,16.657,30.861,27.225,3.215,14.993,10.525,0.893,115.52,0.488,0.104
4136.3999,74.044,77.413,146.722,2.7,107.915,16.463,30.588,26.968,3.16,15.072,10.64,0.939,115.246,0.605,0.098
4136.5,74.126,77.436,146.69,2.7,106.572,16.426,30.196,26.61,3.108,15.402,10.666,0.911,114.921,0.686,0.099
4136.7002,74.414,77.487,146.602,2.691,105.129,17.062,29.162,25.701,3.088,16.325,10.488,0.884,114.331,0.772,0.13
4137.6001,76.618,77.451,146.636,2.705,113.946,19.146,26.194,23.162,3.562,16.23,10.347,0.888,114.16,,0.168
4137.8999,76.647,77.462,146.639,2.701,112.136,18.677,25.584,22.673,3.254,16.185,10.904,0.923,113.922,,0.154
4138.1001,76.742,77.485,146.63,2.704,109.498,17.728,25.524,22.608,3.098,16.492,11.002,0.946,114.064,0.139,0.126
4138.8999,77.88,77.58,146.673,2.709,114.634,17.302,24.049,21.183,3.169,16.733,11.159,0.927,114.021,1.371,0.113
4139.1001,79.168,77.575,146.631,2.701,118.103,18.089,23.509,20.872,3.232,17.091,11.063,0.931,113.391,1.385,0.147
4139.2998,80.013,77.595,146.597,2.691,116.163,19.728,23.264,20.786,3.119,17.462,11.164,0.962,112.83,1.233,0.199
4139.5,80.119,77.638,146.595,2.694,115.135,19.993,23.106,20.736,2.956,17.508,11.472,0.968,112.601,0.925,0.197
4140.0,80.563,77.723,146.526,2.697,115.988,18.549,23.384,21.091,2.923,15.217,12.363,0.946,112.927,0.484,0.158
4140.2998,79.725,77.741,146.547,2.68,115.258,18.17,23.235,20.828,3.235,14.486,11.739,0.93,113.237,0.596,0.165
4140.3999,79.17,77.745,146.567,2.675,113.444,17.819,23.276,20.79,3.366,14.603,11.301,0.93,113.398,0.694,0.161
4140.5,78.684,77.75,146.578,2.674,111.609,17.495,23.421,20.845,3.497,14.914,10.781,0.935,113.603,0.744,0.153
4140.7002,78.531,77.782,146.529,2.686,109.592,17.685,23.762,21.041,3.603,15.698,10.136,0.934,114.008,0.9,0.147
4140.7998,78.874,77.803,146.49,2.694,109.979,18.145,23.784,21.031,3.58,16.024,10.082,0.934,114.13,0.852,0.152
4140.8999,79.4,77.823,146.446,2.699,111.101,18.558,23.662,20.89,3.53,16.386,10.124,0.975,114.133,0.778,0.157
4141.5,82.381,78.026,146.177,2.71,111.277,17.875,23.04,20.244,3.519,17.367,10.11,0.984,113.463,1.265,0.127
4141.6001,82.539,78.182,145.852,2.711,110.719,18.084,23.1,20.288,3.563,17.514,9.986,0.945,113.363,1.343,0.132
4141.7002,82.316,78.382,145.391,2.712,111.57,18.404,23.1,20.241,3.58,17.663,9.933,0.973,113.319,1.345,0.139
4141.8999,80.688,78.773,144.646,2.712,114.697,18.573,22.982,20.007,3.499,17.672,10.193,0.974,113.328,1.215,0.142
4142.0,79.577,78.911,144.606,2.707,115.281,18.288,22.99,19.974,3.425,17.493,10.453,0.945,113.358,1.086,0.14
4142.2002,77.645,78.991,145.214,2.692,114.945,17.821,23.293,20.201,3.237,17.067,11.085,0.969,113.535,0.81,0.145
4142.2998,77.105,78.963,145.662,2.688,114.816,17.829,23.483,20.346,3.137,16.828,11.418,0.942,113.664,0.718,0.15
4142.3999,76.884,78.908,145.902,2.687,115.098,17.941,23.607,20.433,3.043,16.563,11.737,0.945,113.764,0.66,0.154
4142.5,76.907,78.838,146.025,2.688,115.741,18.115,23.625,20.436,2.969,16.351,11.976,1.02,113.833,0.675,0.157
4142.6001,77.0,78.742,146.011,2.689,116.327,18.299,23.573,20.394,2.927,16.285,12.075,1.009,113.823,0.711,0.16
4142.8999,77.626,78.482,146.158,2.692,114.568,18.016,23.558,20.428,3.047,17.444,11.3,0.996,113.515,0.816,0.147
4143.0,78.093,78.406,146.345,2.694,113.554,17.748,23.692,20.555,3.124,18.037,10.895,0.999,113.378,0.84,0.138
4143.3999,79.502,77.4,145.764,2.707,114.762,17.464,24.456,21.239,3.303,19.351,10.035,0.997,112.654,1.047,0.118
4143.7002,77.461,77.592,146.465,2.702,117.377,17.926,25.57,22.22,3.211,18.83,10.442,0.999,111.817,0.926,0.136
4143.7998,76.79,78.159,147.6,2.698,115.609,17.802,25.974,22.565,3.182,18.334,10.613,0.999,111.603,0.872,0.136
4144.0,76.285,79.272,149.803,2.698,111.418,17.63,26.409,22.916,3.19,17.3,10.847,0.998,111.433,0.822,0.133
4144.1001,76.364,79.524,150.313,2.702,111.129,18.079,26.425,22.909,3.242,16.905,10.868,0.98,111.522,0.8,0.143
4144.2998,76.602,79.722,150.516,2.705,113.143,19.532,26.038,22.512,3.391,16.193,10.859,0.999,111.747,0.719,0.179
4144.6001,76.337,79.761,150.582,2.694,116.32,18.945,23.943,20.682,3.532,16.271,10.752,0.978,111.931,0.511,0.169
4145.0,77.814,79.848,150.667,2.687,118.552,18.917,22.429,19.47,3.441,18.016,10.436,0.994,111.864,0.262,0.179
4145.1001,78.392,79.882,150.68,2.688,116.887,19.054,22.347,19.395,3.421,18.442,10.259,0.969,111.863,0.257,0.181
4145.2002,78.947,79.92,150.689,2.69,115.145,19.156,22.225,19.28,3.408,18.822,10.063,0.996,111.836,0.291,0.183
4145.2998,79.461,79.943,150.695,2.689,114.16,19.311,22.026,19.1,3.399,19.078,9.906,0.995,111.755,0.347,0.188
4145.5,80.188,79.939,150.7,2.682,113.616,19.008,21.495,18.676,3.402,19.131,9.762,0.953,111.56,0.513,0.184
4145.6001,80.291,79.884,150.656,2.679,112.774,18.237,21.38,18.611,3.406,19.075,9.722,0.993,111.52,0.586,0.165
4145.7998,79.686,79.478,150.019,2.674,111.082,17.043,21.811,19.031,3.343,18.969,9.832,0.973,111.648,0.64,0.142
4145.8999,79.036,78.956,148.831,2.671,111.47,17.188,22.239,19.417,3.27,18.933,9.986,1.009,111.92,0.655,0.152
4146.0,78.23,78.289,147.188,2.669,112.29,17.642,22.783,19.913,3.204,18.86,10.142,0.989,112.306,0.689,0.166
4146.1001,77.376,77.451,144.954,2.671,112.775,17.92,23.515,20.581,3.171,18.697,10.266,0.984,112.902,0.737,0.169
4146.3999,75.351,75.445,139.667,2.691,112.242,17.403,26.221,22.984,3.244,18.209,10.291,0.956,114.637,0.824,0.132
4146.6001,74.864,75.07,139.142,2.695,111.933,17.355,26.16,22.925,3.373,17.86,10.174,1.016,115.256,0.814,0.128
4146.7002,74.962,75.128,139.577,2.694,112.353,17.335,25.532,22.386,3.467,17.554,10.123,0.957,115.407,0.837,0.128
4147.1001,76.54,75.382,140.347,2.697,118.37,19.554,24.055,21.006,3.712,16.259,10.492,0.987,115.883,0.869,0.19
4147.2002,76.93,75.392,140.358,2.698,118.738,20.258,23.711,20.672,3.714,16.105,10.611,0.961,115.987,0.821,0.204
4147.3999,77.515,75.467,140.364,2.701,118.42,19.994,22.854,20.031,3.661,15.987,10.831,0.979,116.122,0.756,0.189
4147.7002,78.15,76.009,141.138,2.703,118.009,19.259,23.81,21.004,3.548,16.087,10.887,0.944,116.085,0.82,0.171
4148.1001,76.992,76.092,140.807,2.694,110.082,18.579,25.373,22.237,3.581,15.644,10.527,0.71,116.477,0.969,0.162
4148.2998,76.012,76.267,139.07,2.691,111.606,18.457,25.415,22.27,3.705,15.266,10.365,0.724,116.754,1.015,0.162
4148.5,75.375,76.672,137.722,2.693,113.842,18.19,25.392,22.24,3.785,15.08,10.285,0.724,116.789,0.962,0.153
4148.8999,75.139,76.737,137.018,2.674,110.768,18.345,24.772,21.646,3.693,16.059,10.196,0.71,116.26,0.876,0.177
4149.0,75.313,76.706,137.007,2.671,110.545,18.062,24.409,21.339,3.651,16.521,10.147,0.724,116.21,0.868,0.171
4149.1001,75.557,76.694,137.004,2.671,111.523,17.781,24.006,21.019,3.61,17.128,10.071,0.724,116.216,0.862,0.164
4149.2998,76.157,76.726,137.02,2.677,115.286,18.176,23.527,20.694,3.519,18.615,9.882,0.703,117.243,0.905,0.171
4149.3999,76.462,76.762,137.032,2.68,116.526,18.74,23.526,20.719,3.476,19.068,9.855,0.71,117.51,0.956,0.183
4149.5,76.72,76.801,137.045,2.683,116.782,19.169,23.594,20.787,3.438,19.235,9.898,0.724,117.335,0.97,0.189
4149.6001,76.874,76.833,137.062,2.685,116.1,19.156,23.64,20.827,3.394,19.207,10.008,0.716,116.8,0.929,0.185
4149.7998,76.777,76.873,137.121,2.685,113.754,18.54,23.66,20.844,3.31,18.804,10.314,0.724,116.624,0.932,0.17
4149.8999,76.542,76.875,137.163,2.683,113.354,18.438,23.664,20.846,3.306,18.489,10.417,0.717,116.658,1.011,0.171
4150.0,76.271,76.878,137.202,2.68,113.842,18.516,23.666,20.846,3.35,18.179,10.429,0.706,116.695,1.068,0.177
4150.1001,76.022,76.881,137.239,2.678,114.924,18.717,23.669,20.845,3.429,17.837,10.385,0.706,116.736,1.155,0.185
4150.2002,75.849,76.87,137.252,2.676,116.109,18.977,23.685,20.854,3.51,17.546,10.312,0.724,116.738,1.265,0.193
4150.2998,75.761,76.857,137.256,2.676,116.995,19.235,23.737,20.893,3.577,17.39,10.216,0.749,117.236,1.403,0.2
4150.3999,75.746,76.843,137.251,2.674,117.31,19.415,23.858,21.0,3.625,17.39,10.096,0.727,118.322,1.441,0.206
4150.7998,75.728,76.842,137.223,2.668,111.198,18.278,25.165,22.224,3.738,17.994,9.428,0.687,116.283,1.077,0.181
4151.1001,75.675,76.885,137.197,2.669,111.987,18.375,24.954,21.974,3.765,17.816,9.424,0.743,116.698,0.701,0.183
4151.2998,76.024,76.893,137.199,2.67,115.648,18.465,23.805,20.981,3.736,17.722,9.57,0.748,116.65,0.714,0.184
4151.5,76.644,76.89,137.224,2.674,117.292,18.851,22.935,20.344,3.678,17.63,9.764,0.665,117.381,0.622,0.191
4151.6001,76.948,76.891,137.242,2.675,115.984,18.834,22.967,20.425,3.617,17.744,9.85,0.634,117.279,0.582,0.188
4151.7998,77.269,76.905,137.272,2.676,112.527,18.358,23.535,20.951,3.453,18.1,10.06,0.599,118.047,0.537,0.174
4151.8999,77.261,76.915,137.28,2.678,112.72,18.292,23.751,21.146,3.387,18.236,10.17,0.575,118.434,0.496,0.171
4152.0,77.187,76.923,137.276,2.681,113.958,18.368,23.891,21.282,3.332,18.384,10.264,0.601,118.683,0.448,0.171
4152.2002,76.954,76.933,137.244,2.683,114.892,18.473,24.313,21.671,3.251,18.901,10.301,0.58,118.75,0.414,0.171
4152.2998,76.796,76.938,137.227,2.68,114.202,18.522,24.673,21.954,3.228,19.242,10.25,0.559,118.579,0.42,0.176
4152.5,76.342,76.948,137.215,2.674,113.683,18.67,25.46,22.505,3.238,19.844,10.058,0.559,118.173,0.512,0.185
4152.7998,75.377,76.955,137.234,2.686,115.272,18.641,25.822,22.885,3.302,20.447,9.769,0.559,118.419,0.674,0.172
4152.8999,75.014,76.94,137.28,2.686,115.571,18.792,25.667,22.826,3.317,20.493,9.747,0.559,117.949,0.726,0.177
4153.2002,74.802,76.626,137.831,2.675,117.098,18.719,24.614,21.962,3.345,20.308,9.789,0.558,116.716,0.957,0.186
4153.7002,77.435,75.865,142.106,2.677,114.01,18.593,23.342,20.643,3.511,17.947,10.086,0.39,115.098,0.895,0.179
4153.8999,78.103,76.059,145.099,2.681,113.11,18.161,23.045,20.408,3.618,16.386,10.381,0.311,114.944,0.755,0.164
4154.2998,78.314,76.502,146.703,2.677,115.359,18.85,21.787,19.496,3.659,14.504,11.211,0.301,114.602,0.612,0.19
4154.6001,78.153,77.786,146.089,2.683,118.743,19.799,21.597,19.328,3.627,15.166,11.398,0.332,114.132,0.43,0.205
4154.7002,78.284,78.404,147.006,2.689,120.043,19.771,21.566,19.258,3.626,15.657,11.309,0.279,113.922,0.407,0.197
4155.1001,79.291,79.471,154.398,2.685,119.829,19.629,21.487,19.109,3.658,17.762,10.455,0.327,114.475,0.284,0.201
4155.2002,79.338,79.38,155.026,2.68,118.403,19.696,21.456,19.134,3.69,18.406,10.091,0.327,114.589,0.227,0.208
4155.5,78.585,79.166,154.668,2.675,117.063,19.914,21.367,19.1,3.879,19.152,9.341,0.272,113.513,0.337,0.219
4155.6001,78.265,79.189,154.507,2.675,116.91,20.217,20.949,18.715,3.975,19.181,9.172,0.237,113.172,0.472,0.227
4156.0,78.293,79.218,154.097,2.679,119.426,20.756,18.856,17.001,4.45,19.023,8.757,0.268,112.628,0.868,0.237
4156.3999,80.609,79.209,153.789,2.663,122.334,21.011,18.735,16.937,4.345,19.035,9.145,0.264,113.008,0.854,0.262
4156.6001,83.171,79.209,153.573,2.659,122.427,20.847,18.723,16.929,4.141,19.085,9.463,0.27,112.858,0.803,0.258
4156.7002,84.502,79.209,153.473,2.66,122.447,20.621,18.716,16.921,4.049,19.121,9.569,0.265,112.537,0.738,0.252
4156.7998,85.423,79.209,153.377,2.659,122.429,20.496,18.706,16.909,3.962,19.17,9.656,0.234,112.087,0.629,0.251
4156.8999,85.653,79.211,153.281,2.657,121.881,20.518,18.689,16.891,3.892,19.319,9.681,0.269,111.635,0.528,0.254
4157.0,85.226,79.212,153.193,2.656,120.828,20.545,18.66,16.861,3.859,19.658,9.595,0.278,111.251,0.451,0.255
4157.3999,80.949,79.203,152.86,2.666,120.237,19.809,18.414,16.687,3.89,21.829,8.929,0.291,110.638,0.728,0.223
4157.8999,81.529,79.158,151.78,2.658,119.272,19.318,20.661,18.579,3.683,21.944,9.213,0.365,111.399,0.841,0.219
4158.0,82.09,79.139,151.581,2.662,118.876,19.205,21.011,18.782,3.592,21.318,9.524,0.516,111.619,0.812,0.211
4158.1001,82.69,79.149,151.486,2.667,118.284,19.064,21.165,18.829,3.506,20.4,9.916,0.654,111.239,0.767,0.203
4158.2002,83.203,79.179,151.469,2.671,118.063,19.126,21.183,18.781,3.448,19.358,10.313,0.784,110.791,0.711,0.201
4158.5,83.024,79.439,152.171,2.682,118.037,19.804,20.994,18.429,3.418,16.71,11.173,0.819,110.985,0.567,0.207
4158.6001,82.341,79.507,152.497,2.684,117.502,19.752,20.877,18.274,3.438,16.025,11.374,0.795,110.973,0.514,0.203
4158.7002,81.632,79.512,152.686,2.683,117.383,19.667,20.814,18.187,3.468,15.576,11.492,0.747,110.917,0.453,0.202
4158.8999,80.902,79.368,152.639,2.674,119.53,19.509,21.092,18.425,3.541,15.825,11.334,0.747,110.729,0.496,0.208
4159.0,80.974,79.238,152.388,2.669,120.578,19.115,21.434,18.727,3.565,16.332,11.151,0.747,110.699,0.556,0.201
4159.1001,81.255,79.091,152.053,2.666,120.554,18.422,21.868,19.093,3.568,16.882,10.982,0.753,110.734,0.663,0.183
4159.2002,81.606,78.95,151.715,2.668,119.653,17.803,22.291,19.425,3.559,17.405,10.829,0.785,110.969,0.743,0.166
4159.3999,81.96,78.641,151.211,2.682,118.521,18.485,22.51,19.489,3.55,18.214,10.548,0.809,111.643,0.833,0.179
4159.6001,81.749,78.697,151.366,2.688,118.876,21.314,21.386,18.467,3.56,18.678,10.347,0.761,112.77,0.935,0.248
4159.7998,81.98,79.508,152.553,2.691,119.248,21.775,20.204,17.499,3.595,18.68,10.306,0.747,112.327,1.156,0.246
4160.0,83.083,80.847,153.992,2.7,121.61,20.913,19.771,17.169,3.649,18.788,10.213,0.805,111.336,1.272,0.216
4160.3999,85.113,81.624,154.181,2.699,121.257,20.828,20.303,17.668,3.792,19.231,9.823,0.748,110.55,1.103,0.217
4160.5,85.068,81.713,154.024,2.701,120.844,20.944,20.706,17.976,3.845,19.34,9.671,0.777,110.647,1.017,0.218
4160.6001,84.779,82.99,153.994,2.702,120.947,21.01,21.048,18.196,3.912,19.512,9.488,0.762,110.784,0.888,0.217
4160.7002,84.313,83.208,153.989,2.702,120.974,20.946,21.174,18.221,3.98,19.777,9.293,0.784,110.845,0.745,0.216
4160.7998,83.819,83.08,153.992,2.7,120.465,20.855,21.017,18.028,4.045,20.023,9.142,0.883,110.84,0.597,0.217
4161.0,83.28,81.897,154.015,2.692,120.128,20.989,20.383,17.475,4.117,19.957,9.148,0.945,110.444,0.304,0.229
4161.1001,83.403,81.264,154.019,2.691,121.293,20.962,20.184,17.331,4.115,19.62,9.329,0.953,110.09,0.186,0.228
4161.5,85.0,79.968,153.998,2.694,124.355,21.91,19.907,17.25,3.969,17.819,10.354,0.976,108.874,0.106,0.253
4161.8999,85.94,82.452,153.975,2.699,122.442,21.107,20.08,17.294,3.835,17.587,10.481,1.002,110.451,0.286,0.223
4162.1001,85.627,83.681,153.956,2.697,122.724,21.4,20.48,17.605,3.815,18.303,10.124,0.953,111.092,0.564,0.236
4162.2998,84.399,83.856,153.938,2.692,121.009,21.519,20.812,17.885,3.792,19.265,9.71,0.954,111.347,0.822,0.242
4162.5,82.684,83.625,153.801,2.693,117.582,20.937,20.956,18.001,3.722,20.05,9.509,1.033,111.248,0.886,0.224
4162.7998,81.732,81.704,153.408,2.685,118.629,20.343,21.343,18.347,3.506,20.007,10.025,1.069,110.917,1.043,0.219
4162.8999,81.889,81.278,153.403,2.681,119.058,20.344,21.636,18.585,3.438,19.855,10.254,1.091,110.883,1.165,0.223
4163.5,84.603,79.523,150.357,2.685,122.928,21.255,21.545,18.489,3.508,17.84,10.955,1.032,111.747,1.247,0.244
4163.6001,84.512,79.432,149.355,2.689,124.177,21.482,21.574,18.549,3.592,17.732,10.8,1.088,111.995,1.181,0.243
4163.7002,84.123,79.304,148.452,2.695,124.064,21.353,21.769,18.746,3.661,17.726,10.601,1.033,112.306,1.079,0.232
4164.0,82.183,78.583,146.897,2.704,117.011,20.33,23.068,19.944,3.787,18.072,9.69,1.051,113.118,0.697,0.196
4164.1001,81.609,78.384,146.846,2.704,115.328,20.071,23.673,20.474,3.813,17.915,9.553,1.035,113.335,0.608,0.19
4164.2002,81.115,78.294,146.891,2.703,114.196,19.686,24.219,20.938,3.835,17.569,9.54,1.036,112.992,0.55,0.18
4164.8999,78.767,78.23,146.54,2.696,112.287,18.636,24.58,21.237,3.598,14.691,10.784,1.255,113.221,0.782,0.159
4165.0,78.701,78.209,145.451,2.704,111.193,18.609,24.571,21.232,3.522,14.492,11.029,1.272,113.281,0.77,0.15
4165.1001,78.78,78.182,144.17,2.712,110.299,18.512,24.562,21.229,3.465,14.308,11.234,1.245,113.301,0.754,0.139
4165.2002,79.002,78.15,142.808,2.718,110.331,18.274,24.565,21.242,3.452,14.172,11.335,1.255,113.29,0.743,0.125
4165.2998,79.333,78.116,141.692,2.721,111.371,17.786,24.608,21.301,3.514,14.134,11.266,1.278,113.207,0.719,0.108
4165.5,80.177,78.073,140.491,2.713,114.032,16.316,24.968,21.658,3.744,14.445,10.793,1.249,112.975,0.623,0.08
4165.7002,80.866,78.093,141.817,2.7,114.583,16.242,25.619,22.213,3.914,15.229,10.206,1.252,112.629,0.482,0.097
4165.8999,80.903,78.035,143.953,2.703,114.263,18.014,25.966,22.483,3.978,16.653,9.543,1.255,112.22,0.446,0.141
4166.1001,80.301,77.664,145.781,2.707,113.879,18.991,25.944,22.488,3.934,18.274,8.987,1.259,112.375,0.578,0.16
4166.2002,79.798,77.379,146.161,2.703,113.557,18.973,25.91,22.523,3.884,18.824,8.839,1.303,112.593,0.662,0.164
4166.5,77.901,76.723,146.392,2.69,112.221,18.786,25.935,22.775,3.701,19.475,8.782,1.315,113.38,0.887,0.172
4166.6001,77.325,76.608,146.163,2.688,112.9,18.776,25.94,22.752,3.663,19.396,8.818,1.273,113.576,0.932,0.173
4166.7002,76.864,76.529,145.729,2.688,113.78,18.797,25.903,22.667,3.649,19.184,8.851,1.276,113.686,0.996,0.174
4167.6001,79.133,76.629,146.74,2.685,111.802,19.077,24.852,21.812,4.011,16.48,8.934,1.369,112.29,0.467,0.181
4167.7998,79.466,76.181,146.962,2.69,110.493,18.13,24.461,21.473,4.129,16.279,8.88,1.35,113.377,0.423,0.153
4167.8999,79.209,75.85,147.043,2.692,110.865,18.03,24.365,21.397,4.16,16.401,8.834,1.361,113.882,0.422,0.149
4168.0,78.724,75.585,147.1,2.691,111.798,18.007,24.35,21.392,4.181,16.637,8.77,1.429,114.217,0.424,0.15
4168.1001,78.122,75.378,147.146,2.69,112.329,17.982,24.416,21.455,4.184,16.936,8.705,1.388,114.44,0.435,0.15
4168.2002,77.568,75.313,147.184,2.69,111.781,18.02,24.536,21.557,4.152,17.332,8.653,1.436,114.485,0.474,0.151
4168.2998,77.165,75.315,147.258,2.693,110.388,18.191,24.675,21.669,4.079,17.772,8.632,1.433,114.448,0.537,0.153
4168.5,76.948,75.419,147.617,2.697,108.102,18.628,24.884,21.817,3.934,18.349,8.668,1.462,114.193,0.883,0.16
4168.6001,77.033,75.479,147.893,2.694,108.514,18.504,24.922,21.834,3.907,18.393,8.695,1.486,114.034,1.103,0.159
4168.7002,77.151,75.537,148.17,2.688,109.812,18.144,24.921,21.82,3.905,18.388,8.715,1.518,113.882,1.253,0.156
4169.1001,77.771,75.779,146.182,2.679,112.684,18.36,24.656,21.545,3.967,18.63,8.69,1.592,114.321,1.632,0.174
4169.2002,78.077,75.959,144.812,2.683,113.198,18.699,24.482,21.395,3.952,18.933,8.665,1.622,114.662,1.655,0.178
4169.2998,78.372,76.205,143.251,2.685,114.184,18.803,24.333,21.275,3.917,19.39,8.628,1.691,115.037,1.617,0.177
4169.5,78.659,76.797,140.556,2.686,114.598,18.372,24.442,21.37,3.799,20.407,8.564,1.997,115.681,1.366,0.164
4169.7002,78.478,77.185,139.13,2.692,112.551,18.106,24.855,21.687,3.667,20.975,8.585,1.349,115.973,0.87,0.151
4169.7998,78.337,77.259,138.855,2.697,112.336,18.172,24.981,21.778,3.631,21.052,8.596,1.349,115.962,0.643,0.147
4170.2002,78.245,77.209,138.784,2.704,112.0,18.791,25.172,21.944,3.669,20.796,8.557,1.349,115.376,0.494,0.156
4170.3999,77.743,77.212,138.737,2.706,110.871,17.049,25.385,22.16,3.737,20.641,8.483,1.349,115.323,0.631,0.102
4170.5,77.307,77.223,138.704,2.709,110.716,16.267,25.681,22.432,3.771,20.616,8.44,1.349,115.353,0.729,0.081
4170.6001,76.822,77.236,138.673,2.711,110.379,16.439,26.134,22.821,3.805,20.599,8.401,1.393,115.425,0.836,0.093
4170.7002,76.385,77.248,138.643,2.713,109.518,17.802,26.617,23.207,3.829,20.517,8.384,1.349,115.539,0.942,0.131
4171.0,75.973,77.249,138.591,2.717,107.013,21.277,26.57,23.075,3.825,19.898,8.491,1.35,116.319,1.031,0.207
4171.6001,77.658,77.39,138.848,2.726,113.285,19.973,25.541,22.23,3.398,18.824,9.419,1.378,115.053,0.129,0.165
4171.7002,77.797,77.516,138.984,2.726,113.428,20.109,25.528,22.212,3.328,18.982,9.478,1.364,114.961,0.004,0.17
4171.7998,77.9,77.599,139.075,2.725,113.275,20.374,25.499,22.181,3.272,19.196,9.488,1.358,114.827,,0.179
4172.0,78.096,77.575,139.073,2.723,112.669,20.917,25.338,22.028,3.211,19.757,9.365,1.362,115.748,,0.194
4172.1001,78.234,77.472,138.984,2.722,112.358,20.841,25.185,21.887,3.22,20.124,9.227,1.359,116.164,,0.192
4172.3999,78.782,77.189,138.735,2.725,112.152,19.717,24.749,21.427,3.431,21.292,8.643,1.37,116.006,,0.157
4172.7998,79.296,77.189,138.701,2.736,113.774,19.974,25.074,21.574,3.829,21.436,8.257,1.355,116.115,,0.154
4173.1001,78.884,77.12,137.767,2.728,112.407,19.529,25.514,21.992,3.767,20.485,8.497,1.376,116.193,,0.152
4173.2998,78.064,77.15,136.265,2.717,109.758,19.451,25.837,22.339,3.487,19.839,8.827,1.35,114.696,-0.0,0.161
4173.5,77.44,77.274,134.559,2.715,108.152,19.415,26.143,22.649,3.264,19.651,9.034,1.349,114.893,,0.163
4173.6001,77.407,77.373,134.007,2.715,108.312,19.607,26.13,22.626,3.219,19.73,9.051,1.349,114.976,,0.168
4173.7002,77.577,77.521,133.948,2.715,108.902,19.844,25.889,22.426,3.204,19.85,9.035,1.349,115.062,,0.174
4173.7998,77.924,77.698,134.609,2.715,109.475,19.939,25.494,22.134,3.218,19.931,8.998,1.349,115.154,,0.175
4173.8999,78.388,77.89,135.619,2.714,109.409,19.825,25.184,21.945,3.273,19.862,8.95,1.372,115.241,,0.173
4174.0,78.835,78.101,137.026,2.711,108.853,19.655,25.153,21.967,3.347,19.678,8.911,1.35,115.304,,0.172
4174.1001,79.177,78.288,138.128,2.708,108.167,19.582,25.409,22.177,3.422,19.441,8.886,1.349,115.343,,0.175
4174.2002,79.354,78.448,138.936,2.704,108.188,19.727,25.796,22.454,3.474,19.182,8.9,1.35,115.592,,0.184
4174.2998,79.406,78.537,139.031,2.701,109.17,19.995,26.099,22.657,3.498,18.924,8.948,1.369,116.748,,0.195
4174.3999,79.376,78.533,138.734,2.7,110.494,20.211,26.269,22.768,3.497,18.69,9.022,1.383,117.078,,0.2
4174.7002,78.92,78.077,138.499,2.706,110.346,20.017,26.409,22.959,3.393,18.728,9.138,1.37,115.735,0.117,0.187
4174.7998,78.661,77.856,139.123,2.704,109.891,20.003,26.341,22.965,3.351,18.831,9.147,1.351,115.699,0.24,0.19
4175.1001,77.924,77.776,142.849,2.693,107.68,20.058,25.444,22.259,3.309,18.958,9.089,1.351,115.479,0.552,0.202
4176.2002,78.803,77.87,147.206,2.686,113.16,20.528,23.91,20.929,3.032,18.392,10.185,1.356,113.729,1.326,0.224
4176.2998,79.081,78.007,147.734,2.688,112.927,20.804,23.856,20.888,3.086,18.267,10.128,1.367,113.617,1.379,0.228
4176.5,79.37,78.244,148.829,2.691,113.112,20.28,23.887,20.929,3.27,18.16,9.853,1.399,113.219,1.46,0.207
4176.7002,79.413,78.452,149.823,2.693,113.312,19.44,23.925,20.96,3.474,18.39,9.504,1.368,113.803,1.376,0.186
4176.7998,79.436,78.569,150.31,2.693,112.935,19.445,23.84,20.881,3.555,18.612,9.35,1.371,114.549,1.269,0.187
4176.8999,79.48,78.723,150.824,2.693,112.872,19.721,23.668,20.724,3.625,18.94,9.195,1.401,114.229,1.12,0.195
4177.3999,80.092,79.51,152.586,2.68,116.58,20.065,21.711,19.065,3.763,19.549,8.956,1.388,113.214,0.701,0.218
4177.6001,80.064,79.379,152.421,2.679,111.783,20.321,21.565,19.017,3.764,18.102,9.172,1.365,112.178,0.709,0.225
4177.7002,79.885,79.224,152.257,2.682,110.833,20.398,21.799,19.249,3.781,17.778,9.196,1.379,111.089,0.81,0.222
4178.0,79.27,78.846,152.518,2.692,114.218,20.003,23.002,20.288,3.89,19.441,8.776,1.35,112.553,0.696,0.201
4178.1001,79.26,78.888,153.011,2.692,114.339,19.791,23.243,20.483,3.89,20.133,8.655,1.351,112.308,0.52,0.195
4178.2998,79.658,79.104,154.15,2.687,114.212,19.284,23.252,20.484,3.814,21.114,8.566,1.378,112.05,0.34,0.189
4178.3999,80.01,79.243,154.617,2.682,115.001,19.144,23.069,20.326,3.75,21.487,8.573,1.368,112.051,0.43,0.191
4178.6001,80.678,79.435,155.238,2.673,115.137,19.216,22.562,19.881,3.582,21.382,8.798,1.353,111.966,0.712,0.202
4178.7002,80.909,79.46,155.38,2.671,113.21,19.275,22.27,19.621,3.479,20.619,9.079,1.358,110.794,0.838,0.205
4178.7998,81.079,79.481,155.606,2.671,110.923,19.329,21.971,19.356,3.392,19.698,9.377,1.396,110.075,0.997,0.207
4178.8999,81.206,79.499,155.928,2.671,109.488,19.442,21.679,19.101,3.338,18.884,9.615,1.351,109.857,1.033,0.21
4179.0,81.289,79.558,156.158,2.671,110.097,19.64,21.444,18.899,3.359,18.309,9.737,1.378,109.649,1.046,0.216
4179.1001,81.333,79.641,156.286,2.671,112.333,19.864,21.318,18.789,3.463,17.82,9.772,1.349,109.534,1.046,0.222
4179.2998,81.372,79.812,156.076,2.67,117.358,19.794,21.351,18.807,3.715,17.45,9.644,1.35,109.294,1.046,0.218
4179.3999,81.505,79.823,155.832,2.67,118.272,19.484,21.378,18.821,3.771,17.702,9.525,1.382,109.084,1.046,0.211
4179.5,81.827,79.762,155.568,2.669,117.996,19.286,21.341,18.783,3.804,18.127,9.377,1.363,108.99,0.947,0.208
4179.6001,82.336,79.619,155.383,2.668,116.798,19.396,21.25,18.704,3.831,18.783,9.165,1.354,109.001,0.833,0.213
4179.7002,82.895,79.462,155.284,2.669,115.151,19.809,21.157,18.628,3.838,19.657,8.913,1.364,109.064,0.74,0.224
4179.8999,83.577,79.256,155.423,2.673,112.288,20.72,21.062,18.555,3.798,20.83,8.63,1.375,109.366,0.6,0.242
4180.5,82.01,80.116,156.888,2.669,116.54,20.103,20.456,17.97,3.447,19.757,9.32,1.336,110.318,,0.229
4180.7998,82.092,80.061,158.929,2.67,113.611,19.884,20.047,17.646,3.4,20.224,9.131,1.338,109.77,,0.223
4181.0,82.094,79.889,159.121,2.671,112.722,19.608,20.15,17.751,3.374,19.881,9.164,1.343,108.994,,0.212
4181.3999,82.123,79.294,157.703,2.677,113.446,17.994,20.977,18.48,3.332,17.612,9.729,1.335,110.523,0.094,0.165
4181.7002,82.245,78.425,155.73,2.667,111.424,18.425,22.117,19.474,3.326,16.864,9.874,1.348,110.603,0.67,0.187
4181.7998,82.287,78.166,155.026,2.662,110.685,18.255,22.378,19.678,3.322,17.086,9.808,1.374,110.714,0.82,0.187
4182.0,82.317,77.979,153.491,2.661,110.997,18.001,22.592,19.768,3.279,18.045,9.576,1.367,111.3,0.968,0.181
4182.1001,82.302,77.986,152.788,2.664,111.912,17.985,22.667,19.78,3.228,18.563,9.492,1.363,111.67,0.984,0.177
4182.2002,82.271,78.061,152.01,2.669,112.653,17.947,22.766,19.832,3.159,18.978,9.474,1.365,111.987,0.991,0.17
4182.2998,82.236,78.134,151.279,2.674,112.832,17.868,22.885,19.926,3.083,19.128,9.541,1.372,112.235,0.989,0.163
4182.3999,82.209,78.199,150.607,2.678,112.315,17.801,23.019,20.057,3.007,19.02,9.684,1.368,112.395,0.981,0.158
4182.7998,82.183,78.254,149.787,2.678,108.165,18.362,23.041,20.173,2.912,16.741,10.497,1.368,112.57,0.828,0.174
4182.8999,82.178,78.253,149.764,2.681,108.698,18.657,22.797,19.939,2.966,16.186,10.577,1.366,112.574,0.783,0.179
4183.0,82.17,78.246,149.664,2.685,109.62,19.097,22.564,19.696,3.037,15.786,10.586,1.356,112.532,0.756,0.187
4183.1001,82.159,78.196,149.528,2.687,110.504,19.565,22.42,19.523,3.104,15.557,10.546,1.351,112.432,0.739,0.198
4183.2002,82.129,78.123,149.444,2.686,111.077,19.822,22.426,19.492,3.158,15.552,10.45,1.339,112.33,0.733,0.204
4183.6001,81.378,77.818,150.404,2.694,110.77,19.881,23.602,20.481,3.257,16.648,9.816,1.36,112.513,0.363,0.195
4183.7002,81.038,77.809,150.662,2.697,109.068,19.679,23.919,20.738,3.235,17.084,9.693,1.37,112.658,0.213,0.185
4183.7998,80.722,77.819,150.87,2.698,108.182,19.081,24.083,20.862,3.225,17.459,9.603,1.362,112.789,0.104,0.166
4183.8999,80.485,77.87,151.011,2.698,108.858,18.353,24.074,20.839,3.252,17.695,9.548,1.368,112.873,0.033,0.147
4184.0,80.366,77.964,151.164,2.698,110.629,17.928,23.88,20.659,3.312,17.749,9.539,1.365,112.925,,0.14
4184.1001,80.388,78.091,151.319,2.698,112.507,18.145,23.499,20.326,3.386,17.64,9.555,1.371,112.958,,0.15
4184.2002,80.515,78.286,151.458,2.697,113.665,18.918,23.02,19.924,3.459,17.424,9.58,1.352,112.974,,0.173
4184.2998,80.686,78.474,151.635,2.697,114.158,19.853,22.558,19.546,3.538,17.192,9.578,1.378,113.375,,0.198
4184.3999,80.856,78.652,151.834,2.696,114.604,20.549,22.189,19.244,3.619,17.063,9.54,1.376,113.984,,0.214
4184.5,80.989,78.754,151.987,2.697,115.5,20.794,21.94,19.026,3.696,17.076,9.469,1.332,114.122,0.019,0.218
4184.6001,81.073,78.789,152.161,2.698,116.389,20.787,21.769,18.854,3.754,17.234,9.379,1.344,114.119,0.116,0.216
4184.7998,81.053,78.713,152.597,2.694,116.399,20.454,21.577,18.634,3.805,17.948,9.165,1.388,113.701,0.485,0.211
4185.0,80.806,78.616,152.707,2.687,115.038,19.387,21.545,18.599,3.779,18.985,8.906,1.383,113.208,0.775,0.188
4185.2002,80.365,78.505,151.76,2.687,113.87,18.657,21.612,18.681,3.697,19.804,8.729,1.321,113.325,1.02,0.171
4185.2998,80.07,78.426,151.121,2.687,112.966,18.739,21.771,18.846,3.651,20.021,8.69,1.345,113.534,1.127,0.174
4185.3999,79.733,78.27,150.332,2.687,111.598,18.985,22.109,19.174,3.598,20.047,8.688,1.332,113.829,1.21,0.181
4185.6001,79.028,77.66,148.81,2.688,108.778,19.197,23.086,20.062,3.495,20.018,8.693,1.333,114.438,1.23,0.184
4185.7002,78.688,77.286,148.23,2.691,108.361,19.15,23.492,20.395,3.465,20.149,8.663,1.33,114.708,1.182,0.179
4185.7998,78.383,76.969,147.717,2.696,108.651,19.183,23.741,20.571,3.46,20.34,8.616,1.313,114.944,1.117,0.176
4186.2002,77.999,76.882,146.299,2.691,108.588,19.106,24.015,20.724,3.566,20.394,8.49,1.313,115.413,1.112,0.179
4186.7002,78.681,76.57,144.428,2.685,103.228,17.426,23.966,20.673,3.38,16.245,9.75,1.311,114.77,1.286,0.139
4187.0,77.331,75.879,143.807,2.699,104.448,18.86,23.985,20.727,3.147,13.539,10.94,1.308,115.452,1.263,0.167
4187.1001,76.592,75.763,143.839,2.695,105.993,19.26,24.118,20.891,3.13,13.16,11.144,1.309,115.527,1.206,0.181
4187.2002,75.896,75.751,143.984,2.689,107.087,19.377,24.417,21.212,3.122,13.109,11.201,1.31,115.544,1.129,0.19
4187.3999,75.255,75.976,144.479,2.678,108.042,19.116,25.295,22.058,3.138,13.926,10.927,1.285,115.513,0.93,0.193
4187.5,75.427,76.17,144.754,2.677,107.927,18.806,25.528,22.264,3.157,14.831,10.621,1.298,115.523,0.841,0.183
4188.0,77.946,77.233,146.009,2.683,107.719,18.815,24.986,21.777,3.41,19.437,8.874,1.336,115.894,0.833,0.184
4188.1001,78.107,77.453,146.242,2.674,108.583,19.122,24.986,21.783,3.477,19.644,8.737,1.317,115.779,0.875,0.201
4188.2998,78.07,77.856,146.846,2.662,107.132,19.148,24.985,21.789,3.581,19.138,8.751,1.324,115.153,0.943,0.21
4188.5,77.886,78.155,147.867,2.665,103.91,18.755,24.982,21.786,3.575,17.919,9.106,1.321,115.428,1.002,0.196
4188.7002,77.668,78.477,148.942,2.674,102.698,18.688,24.98,21.783,3.49,17.397,9.428,1.314,115.848,1.047,0.185
4188.8999,77.599,79.022,148.597,2.678,104.21,18.5,24.978,21.78,3.412,17.51,9.647,1.294,116.189,1.099,0.176
4189.2002,78.263,79.381,145.384,2.671,111.55,17.827,24.978,21.766,3.512,18.294,9.564,1.328,117.12,1.164,0.166
4190.0,77.479,75.505,137.004,2.677,99.54,16.784,24.978,21.771,3.008,18.549,9.67,1.347,117.439,0.512,0.13
4190.3999,74.425,75.197,137.914,2.661,102.302,17.883,24.978,21.764,2.783,18.828,9.954,1.333,116.666,0.647,0.182
4190.5,73.844,75.466,139.856,2.66,101.865,18.328,24.978,21.762,2.797,18.816,9.969,1.334,116.429,0.835,0.193
4190.7002,73.839,76.228,144.097,2.663,102.022,18.756,24.978,21.758,2.888,18.728,9.945,1.33,115.918,1.214,0.2
4191.1001,77.35,77.611,148.072,2.684,109.323,18.805,24.919,21.676,3.243,19.318,9.559,1.341,114.705,1.467,0.177
4191.7998,79.388,80.305,152.395,2.682,112.009,19.284,23.017,20.038,3.352,17.239,10.466,1.292,112.797,0.882,0.195
4191.8999,79.766,80.513,152.6,2.683,111.974,19.411,22.752,19.813,3.346,17.242,10.523,1.296,112.756,0.939,0.195
4192.0,80.052,80.631,152.786,2.684,111.308,18.965,22.576,19.672,3.351,17.464,10.471,1.295,112.761,1.08,0.178
4192.1001,80.117,80.561,152.565,2.686,110.726,18.236,22.519,19.642,3.362,17.879,10.337,1.311,112.787,1.211,0.158
4193.0,78.581,79.255,151.455,2.682,107.716,15.638,23.578,20.537,3.465,19.935,9.213,1.288,112.859,0.872,0.101
4193.1001,78.888,79.297,151.472,2.681,107.027,16.521,23.244,20.252,3.497,19.724,9.188,1.288,112.898,0.811,0.129
4193.2998,79.311,79.345,149.93,2.683,106.906,19.134,22.619,19.757,3.586,19.122,9.136,1.309,113.177,0.709,0.19
4193.6001,78.977,78.532,146.082,2.689,107.333,17.839,22.851,20.054,3.656,17.789,9.309,1.285,114.048,0.438,0.145
4193.8999,77.411,77.029,143.491,2.691,104.291,17.645,24.763,21.763,3.525,16.401,9.857,1.275,114.977,0.009,0.14
4194.0,76.915,76.66,143.039,2.692,104.801,17.607,25.478,22.37,3.485,16.448,9.918,1.299,115.16,0.123,0.138
4194.1001,76.529,76.546,142.84,2.691,105.724,17.56,25.976,22.778,3.443,16.725,9.939,1.301,115.203,0.211,0.138
4194.2998,76.124,76.679,142.817,2.685,107.284,17.98,26.179,22.917,3.38,17.344,9.96,1.31,115.099,0.494,0.158
4194.6001,76.583,77.273,144.72,2.676,109.658,18.116,25.741,22.549,3.373,18.579,9.764,1.272,114.569,0.757,0.168
4194.7998,77.439,77.563,147.093,2.675,109.763,17.871,25.574,22.419,3.39,19.035,9.687,1.281,114.119,0.878,0.163
4195.1001,78.762,78.236,149.93,2.683,111.074,17.903,25.275,22.214,3.432,19.496,9.604,1.279,113.411,1.02,0.155
4195.3999,79.271,78.878,150.86,2.676,113.043,18.063,24.878,21.982,3.573,19.811,9.355,1.281,112.752,0.619,0.169
4195.6001,79.431,78.901,150.819,2.673,112.439,18.18,24.625,21.873,3.67,19.849,9.168,1.284,112.383,0.501,0.172
4195.7002,79.51,78.85,150.855,2.675,111.437,18.053,24.554,21.869,3.703,19.868,9.08,1.265,112.267,0.451,0.167
4195.7998,79.566,78.794,150.97,2.676,110.001,17.931,24.523,21.897,3.724,19.904,8.982,1.289,112.191,0.438,0.163
4196.0,79.539,78.816,151.356,2.674,107.233,18.107,24.542,21.994,3.684,19.834,8.917,1.279,111.759,0.438,0.173
4196.2002,79.384,78.841,151.644,2.668,106.863,18.517,24.535,21.997,3.578,19.649,9.061,1.274,111.796,0.463,0.188
4196.5,79.232,78.689,151.365,2.666,108.427,17.829,24.444,21.818,3.466,20.014,9.157,1.275,112.223,0.661,0.171
4196.7002,79.238,78.594,150.897,2.664,110.922,17.583,24.447,21.729,3.497,20.837,9.007,1.283,112.552,0.921,0.167
4196.7998,79.246,78.687,150.88,2.665,111.414,17.583,24.496,21.719,3.516,21.184,8.932,1.278,112.678,1.046,0.167
4196.8999,79.266,78.854,150.986,2.666,111.34,17.673,24.522,21.682,3.53,21.493,8.853,1.288,112.846,1.046,0.169
4197.1001,79.447,79.399,151.462,2.664,110.968,18.267,24.243,21.331,3.52,22.121,8.727,1.28,113.378,1.046,0.188
4197.2002,79.607,79.66,151.641,2.662,110.848,18.694,23.904,21.007,3.488,22.313,8.731,1.266,113.709,1.032,0.201
4197.2998,79.766,79.731,151.252,2.662,110.768,18.994,23.482,20.637,3.447,22.29,8.791,1.275,114.085,0.996,0.208
4197.3999,79.881,79.626,150.496,2.664,110.94,19.053,23.065,20.295,3.41,22.076,8.88,1.308,114.426,0.938,0.205
4197.5,79.911,79.37,149.433,2.667,111.367,18.836,22.748,20.058,3.376,21.77,8.976,1.268,114.731,0.865,0.195
4197.6001,79.784,78.912,148.41,2.669,111.51,18.477,22.653,20.025,3.361,21.46,9.038,1.272,114.849,0.773,0.184
4197.7002,79.502,78.447,147.637,2.67,110.76,18.231,22.8,20.198,3.391,21.09,9.053,1.272,114.562,0.657,0.178
4197.7998,79.097,77.976,147.122,2.67,109.11,18.169,23.174,20.558,3.476,20.562,9.022,1.291,113.868,0.558,0.177
4197.8999,78.656,77.673,147.06,2.67,107.205,18.172,23.733,21.057,3.575,20.032,8.97,1.257,113.703,0.444,0.176
4198.0,78.297,77.495,147.215,2.672,106.242,18.082,24.339,21.574,3.629,19.741,8.94,1.275,113.746,0.307,0.171
4198.2002,78.067,77.639,148.087,2.676,108.219,17.925,25.212,22.26,3.534,20.197,8.966,1.272,113.792,,0.164
4198.3999,78.545,78.15,149.108,2.68,110.496,18.966,25.135,22.131,3.366,20.943,9.036,1.246,113.288,,0.191
4198.6001,79.57,78.672,150.155,2.68,110.524,20.04,24.405,21.499,3.196,21.644,9.13,1.239,112.938,0.022,0.217
4199.0,80.91,79.065,149.922,2.68,110.204,19.057,23.062,20.364,3.104,22.166,9.103,1.223,113.017,0.211,0.189
4199.2002,80.492,78.989,149.321,2.686,107.606,19.489,22.875,20.224,3.218,21.852,8.978,1.239,112.833,0.341,0.196
4199.5,79.233,78.42,149.157,2.693,106.529,19.525,24.374,21.522,3.32,20.867,9.049,1.24,113.255,0.357,0.185
4199.8999,78.711,77.774,149.32,2.694,108.356,17.912,25.647,22.532,3.301,19.65,9.438,1.235,113.911,,0.144
4200.1001,78.805,77.793,150.167,2.699,110.478,18.105,25.44,22.306,3.22,19.238,9.737,1.253,114.242,,0.145
4200.2002,78.863,77.838,150.79,2.701,110.292,18.409,25.168,22.049,3.189,18.889,9.891,1.271,114.371,,0.151
4200.6001,78.652,77.194,148.693,2.696,104.594,18.854,24.148,21.287,3.304,17.092,10.086,1.247,114.737,0.316,0.167
4200.7002,78.467,76.823,147.206,2.696,104.678,18.701,24.486,21.625,3.394,17.067,9.921,1.264,114.776,0.505,0.162
4200.7998,78.248,76.492,145.904,2.696,105.081,18.524,25.161,22.233,3.491,17.157,9.705,1.239,114.731,0.687,0.158
4200.8999,78.033,76.258,145.186,2.695,105.408,18.455,26.016,22.974,3.576,17.334,9.482,1.238,114.645,0.862,0.159
4201.0,77.869,76.125,145.082,2.692,105.624,18.571,26.901,23.719,3.637,17.55,9.295,1.247,114.517,0.975,0.166
4201.2998,78.142,76.825,146.743,2.688,107.035,19.232,27.938,24.499,3.592,17.754,9.355,1.247,113.75,1.053,0.186
4201.3999,78.457,77.285,147.88,2.687,107.48,19.239,27.502,24.092,3.496,17.564,9.617,1.242,113.369,0.998,0.188
4201.6001,79.18,78.159,150.2,2.685,107.756,19.191,26.1,22.865,3.261,17.028,10.293,1.247,112.618,0.798,0.189
4201.7998,79.8,78.714,151.628,2.683,108.532,19.199,24.939,21.911,3.014,16.365,11.073,1.247,112.05,0.678,0.191
4201.8999,80.08,78.858,151.946,2.681,108.891,19.044,24.531,21.603,2.91,16.076,11.411,1.228,111.835,0.705,0.187
4202.0,80.354,78.917,151.825,2.681,108.772,18.712,24.246,21.411,2.832,15.904,11.647,1.245,111.652,0.762,0.177
4202.1001,80.565,78.942,151.538,2.682,108.069,18.3,24.159,21.387,2.794,15.868,11.744,1.233,111.478,0.853,0.165
4202.2998,80.474,78.879,150.708,2.684,106.157,17.782,24.606,21.8,2.825,15.932,11.648,1.224,111.166,1.037,0.152
4202.5,79.574,78.737,150.366,2.685,106.107,17.993,25.335,22.35,2.97,16.003,11.321,1.232,110.946,1.262,0.157
4202.7998,78.812,78.825,151.351,2.685,109.253,18.636,25.58,22.451,3.281,16.398,10.593,1.233,110.858,1.594,0.173
4203.0,79.375,79.232,152.292,2.684,109.474,18.899,25.298,22.181,3.419,16.833,10.229,1.136,110.873,1.706,0.183
4203.2998,80.608,79.83,153.486,2.672,110.174,19.312,24.939,21.849,3.511,16.828,10.158,1.167,110.931,1.46,0.205
4203.3999,80.838,79.908,153.681,2.67,111.677,19.077,24.758,21.679,3.528,16.702,10.197,1.135,110.964,1.309,0.198
4203.5,80.967,79.922,153.771,2.67,112.565,18.678,24.505,21.461,3.546,16.637,10.206,1.164,110.996,1.151,0.187
4203.7002,80.949,79.777,153.805,2.67,111.18,17.996,24.078,21.144,3.586,16.493,10.204,1.15,111.085,0.858,0.171
4203.7998,80.804,79.681,153.954,2.67,110.193,17.844,24.086,21.195,3.603,16.41,10.207,1.172,111.16,0.738,0.168
4203.8999,80.588,79.594,154.221,2.671,109.724,17.874,24.305,21.428,3.601,16.403,10.216,1.171,111.252,0.615,0.168
4204.1001,80.186,79.613,155.34,2.68,110.757,18.799,25.275,22.326,3.549,16.788,10.179,1.172,111.353,0.417,0.186
4204.2998,80.192,79.844,156.476,2.685,111.578,20.009,26.262,23.164,3.476,17.181,10.18,1.172,111.205,0.384,0.212
4204.7002,80.977,80.314,155.837,2.675,110.252,20.371,26.284,23.058,3.335,17.359,10.441,1.153,110.325,0.435,0.231
4204.7998,81.121,80.518,155.513,2.673,110.693,20.336,25.687,22.524,3.339,17.376,10.453,1.166,110.056,0.428,0.231
4205.2002,80.998,81.424,156.585,2.678,110.668,19.383,23.563,20.448,3.479,16.971,10.449,1.172,109.582,0.448,0.198
4205.8999,82.063,80.939,155.359,2.672,115.497,19.88,23.825,20.859,3.513,17.744,10.142,1.163,110.699,0.582,0.222
4206.1001,81.833,81.031,154.03,2.665,111.771,20.13,24.231,21.302,3.425,18.471,9.958,1.14,110.972,0.56,0.235
4206.2002,81.468,81.06,153.394,2.66,109.931,20.024,24.656,21.649,3.38,18.816,9.88,1.143,111.095,0.568,0.237
4206.7002,80.52,79.915,151.502,2.654,115.563,19.483,25.342,21.91,3.365,20.188,9.571,1.172,111.603,1.107,0.226
4206.8999,80.461,79.369,151.044,2.661,113.735,19.433,25.193,21.798,3.381,20.399,9.482,1.135,111.775,1.292,0.221
4207.0,80.263,79.226,151.112,2.663,112.339,19.793,25.146,21.762,3.393,20.452,9.438,1.161,111.774,1.387,0.23
4207.2002,79.558,79.169,152.036,2.661,110.795,20.841,25.064,21.712,3.417,20.429,9.397,1.172,111.701,1.569,0.261
4207.3999,78.982,79.233,153.3,2.656,111.177,21.333,24.956,21.709,3.441,20.094,9.502,1.17,111.687,1.522,0.275
4207.5,78.982,79.28,153.566,2.657,111.309,21.096,24.829,21.645,3.45,19.895,9.586,1.163,111.72,1.403,0.266
4207.6001,79.182,79.279,153.499,2.659,111.663,20.629,24.605,21.474,3.453,19.808,9.661,1.135,111.775,1.239,0.25
4207.7002,79.537,79.215,153.019,2.662,112.751,20.177,24.282,21.195,3.454,19.905,9.693,1.168,111.857,1.073,0.237
4208.1001,80.69,79.091,152.832,2.667,116.497,20.843,23.691,20.752,3.484,20.809,9.529,1.212,111.618,0.547,0.249
4208.3999,79.878,79.462,154.885,2.67,105.971,19.831,25.199,22.096,3.488,21.296,8.949,1.17,111.42,0.947,0.221
4208.5,79.617,79.648,155.238,2.663,104.977,19.697,25.611,22.442,3.442,21.156,9.006,1.149,111.187,1.166,0.227
4208.7002,79.459,80.187,155.765,2.642,108.025,19.674,25.911,22.672,3.241,20.44,9.598,1.172,110.74,1.29,0.248
4208.7998,79.699,80.556,156.134,2.635,110.192,19.632,25.792,22.557,3.122,20.015,9.988,1.172,110.59,1.237,0.254
4208.8999,80.171,80.987,156.482,2.63,111.76,19.502,25.564,22.356,3.038,19.629,10.316,1.172,110.518,1.216,0.255
4209.0,80.829,81.352,156.661,2.626,112.887,19.211,25.286,22.123,2.997,19.27,10.551,1.172,110.545,1.203,0.25
4209.1001,81.555,81.641,156.665,2.622,113.771,18.794,25.035,21.927,2.996,18.971,10.677,1.172,110.632,1.145,0.243
4209.2002,82.165,81.72,156.225,2.619,114.233,18.458,24.866,21.804,3.015,18.743,10.733,1.171,110.806,1.096,0.238
4209.5,82.078,80.537,154.346,2.62,110.734,18.826,24.825,21.796,3.379,18.585,10.013,1.171,111.164,1.345,0.249
4209.7002,80.731,79.13,153.771,2.624,106.908,19.417,25.013,21.92,3.706,18.889,9.209,1.134,111.063,1.724,0.26
4209.7998,80.172,78.687,153.916,2.626,106.941,19.553,25.059,21.938,3.765,19.123,9.006,1.15,111.072,1.859,0.261
4209.8999,79.831,78.468,154.209,2.627,108.489,19.659,25.045,21.918,3.751,19.46,8.939,1.166,110.922,2.002,0.262
4210.0,79.703,78.431,154.606,2.628,110.851,19.787,25.022,21.905,3.705,19.825,8.95,1.17,110.654,1.992,0.266
4210.1001,79.685,78.652,154.927,2.626,112.63,19.913,25.078,21.965,3.649,19.933,9.063,1.17,110.402,1.954,0.27
4210.2002,79.625,78.903,155.293,2.626,112.982,19.997,25.229,22.098,3.609,19.746,9.23,1.144,110.29,1.885,0.273
4210.3999,79.119,79.387,156.256,2.629,111.175,20.084,25.587,22.383,3.556,19.073,9.591,1.171,110.252,1.652,0.272
4210.6001,78.563,79.781,157.416,2.627,112.285,19.94,25.68,22.447,3.572,18.683,9.816,1.17,110.139,1.367,0.269
4210.7002,78.592,79.984,158.054,2.624,114.007,19.558,25.643,22.412,3.609,18.514,9.905,1.169,109.625,1.224,0.261
4210.7998,78.864,80.205,158.651,2.622,115.79,19.111,25.591,22.359,3.635,18.367,10.021,1.149,109.334,1.109,0.25
4210.8999,79.341,80.452,159.198,2.624,117.387,18.782,25.513,22.275,3.639,18.264,10.155,1.134,109.36,0.996,0.241
4211.0,79.978,80.688,160.209,2.626,118.523,18.685,25.344,22.11,3.623,18.214,10.297,1.164,109.944,0.899,0.238
4211.2002,81.316,80.954,162.336,2.627,118.538,19.006,24.571,21.426,3.553,18.08,10.561,1.129,110.406,0.847,0.247
4211.2998,81.775,80.91,162.969,2.627,117.293,19.311,24.045,20.982,3.502,17.932,10.697,1.155,110.421,0.883,0.255
4211.6001,81.798,80.429,164.216,2.635,112.815,20.136,22.9,19.991,3.411,17.802,10.792,1.083,110.37,1.034,0.265
4212.1001,80.924,80.514,165.206,2.641,116.121,18.971,22.897,19.867,3.58,19.355,9.825,1.086,109.513,1.722,0.229
4212.3999,81.021,81.013,170.303,2.642,114.696,19.651,23.073,20.221,3.614,19.324,9.759,1.094,109.864,1.927,0.248
4212.7002,80.862,80.878,170.779,2.627,116.502,19.144,23.358,20.393,3.489,18.357,10.296,1.086,110.97,1.926,0.247
4212.7998,80.901,80.777,169.924,2.626,116.862,19.03,23.537,20.479,3.444,17.886,10.522,1.056,111.058,1.84,0.247
4213.2002,81.196,80.783,165.624,2.642,112.971,19.154,24.189,20.929,3.379,15.998,11.105,1.113,111.418,0.974,0.233
4213.3999,80.83,80.783,164.296,2.643,111.173,19.34,23.69,20.536,3.429,15.742,10.995,1.113,111.438,0.678,0.238
4213.8999,80.307,79.83,158.31,2.641,115.019,19.266,22.173,19.248,3.511,17.302,10.382,1.113,111.756,0.278,0.235
4214.0,80.386,79.618,157.263,2.644,115.671,18.978,22.183,19.263,3.494,17.556,10.364,1.113,111.923,0.33,0.222
4214.1001,80.433,79.429,156.597,2.647,115.389,18.351,22.26,19.342,3.469,17.66,10.403,1.113,112.117,0.448,0.201
4214.2002,80.388,79.286,156.534,2.648,114.584,17.548,22.427,19.497,3.444,17.739,10.446,1.081,112.335,0.578,0.18
4214.3999,80.041,79.008,158.623,2.647,113.201,16.338,22.972,19.968,3.417,17.992,10.471,1.081,112.811,0.794,0.15
4214.5,79.826,78.882,159.484,2.649,112.568,16.089,23.238,20.182,3.426,18.073,10.471,1.079,113.037,0.86,0.143
4214.7002,79.434,78.695,160.804,2.653,112.634,16.101,23.458,20.309,3.455,18.258,10.447,1.074,113.354,0.941,0.14
4214.7998,79.256,78.693,161.019,2.653,115.961,16.189,23.413,20.236,3.528,18.732,10.413,1.11,113.292,0.997,0.143
4215.0,79.061,78.923,160.715,2.651,129.362,16.266,23.29,20.104,3.852,21.724,10.305,1.111,112.937,1.174,0.146
4215.2002,79.172,79.571,161.695,2.653,139.297,16.117,23.356,20.185,3.906,23.621,10.426,1.068,112.522,1.291,0.139
4215.5,80.342,80.738,162.553,2.666,145.271,16.491,21.623,18.589,3.733,24.174,10.918,1.082,112.416,1.215,0.137
4215.6001,81.234,80.83,162.517,2.669,146.573,16.806,20.069,17.297,3.656,24.261,11.147,1.086,112.564,1.194,0.143
4215.7002,82.176,80.694,160.881,2.668,145.423,17.071,18.729,16.269,3.58,24.088,11.371,1.099,112.778,1.174,0.151
4215.8999,83.087,79.903,154.92,2.663,132.819,16.952,19.71,17.375,3.351,21.857,11.372,1.107,112.804,1.097,0.151
4216.3999,79.782,77.027,146.665,2.679,111.14,17.119,27.591,24.193,3.17,18.707,10.528,1.068,112.853,0.722,0.141
4216.7002,79.842,76.64,145.866,2.684,110.267,18.34,27.835,24.329,3.162,17.808,10.606,1.066,112.905,0.161,0.17
4216.8999,79.988,76.842,146.932,2.695,110.658,19.955,27.714,24.184,3.179,17.513,10.678,1.111,113.062,0.282,0.2
4217.0,79.918,76.966,147.799,2.699,111.997,20.593,27.563,24.043,3.187,17.491,10.705,1.026,113.113,0.396,0.212
4217.1001,79.889,77.158,148.826,2.698,113.408,20.866,27.32,23.836,3.201,17.544,10.684,1.111,113.081,0.496,0.22
4217.2002,79.982,77.375,149.76,2.693,114.0,20.838,27.03,23.602,3.224,17.671,10.594,1.111,113.031,0.573,0.224
4217.2998,80.238,77.618,150.551,2.687,113.552,20.646,26.75,23.389,3.258,17.877,10.441,1.071,112.96,0.633,0.225
4217.5,81.314,78.123,151.52,2.684,111.458,20.169,26.454,23.208,3.327,18.498,10.051,1.111,112.753,0.622,0.214
4217.7002,82.669,78.508,152.339,2.687,110.068,19.94,26.485,23.291,3.355,19.141,9.772,1.107,112.326,0.745,0.205
4217.7998,83.21,78.615,152.838,2.687,110.45,19.92,26.53,23.34,3.338,19.449,9.747,1.087,112.044,0.782,0.205
4217.8999,83.598,78.619,153.374,2.687,111.609,19.842,26.558,23.364,3.291,19.763,9.822,1.095,111.741,0.741,0.202
4218.0,83.832,78.608,153.904,2.689,112.976,19.662,26.549,23.347,3.223,20.061,9.976,1.07,111.49,0.669,0.195
4218.2002,84.068,78.691,154.543,2.696,114.644,19.385,26.307,23.115,3.117,20.324,10.274,1.1,111.12,0.481,0.18
4218.2998,84.247,78.833,154.587,2.699,115.401,19.477,26.062,22.897,3.08,20.31,10.413,1.115,110.992,0.392,0.182
4218.3999,84.548,78.997,154.589,2.697,116.416,19.706,25.745,22.622,3.041,20.207,10.578,1.115,110.879,0.283,0.191
4218.6001,85.301,79.27,154.715,2.687,116.54,20.058,25.133,22.095,3.014,19.654,10.842,1.115,110.733,0.099,0.21
4219.0,85.091,79.193,156.432,2.675,113.091,19.003,25.072,22.063,3.121,17.811,11.153,1.102,110.658,0.421,0.192
4219.1001,84.645,79.175,158.048,2.676,113.685,18.691,25.176,22.145,3.14,17.539,11.227,1.063,110.705,0.583,0.183
4219.2998,84.053,79.153,161.278,2.681,114.045,18.704,25.186,22.133,3.205,17.291,11.285,1.111,110.84,0.898,0.179
4219.5,84.44,79.125,162.099,2.684,114.411,19.084,24.915,21.895,3.325,17.238,11.209,1.077,110.997,1.179,0.187
4219.7002,85.431,79.034,160.594,2.686,116.812,19.542,24.665,21.695,3.484,17.243,11.058,1.067,111.138,1.304,0.197
4220.0,85.646,78.876,159.495,2.691,121.077,19.728,24.626,21.666,3.634,17.409,10.846,1.081,111.205,1.14,0.194
4220.1001,85.128,78.903,159.612,2.692,120.251,19.521,24.657,21.687,3.61,17.791,10.722,1.085,111.195,1.047,0.188
4220.2002,84.429,78.976,159.686,2.693,118.488,19.386,24.692,21.715,3.551,18.269,10.606,1.067,111.173,1.003,0.185
4220.6001,82.759,79.545,158.936,2.691,113.585,19.343,24.597,21.648,3.394,19.479,10.278,1.067,110.761,0.786,0.186
4220.7002,83.087,79.687,158.89,2.692,113.994,19.383,24.36,21.446,3.421,19.558,10.171,1.068,110.327,0.719,0.186
4221.0,84.735,80.363,159.961,2.691,117.247,18.813,23.066,20.297,3.623,19.536,9.817,1.116,108.526,0.592,0.171
4221.5,85.759,81.993,161.325,2.685,118.343,21.781,20.899,18.368,3.811,20.097,9.403,1.067,107.73,0.337,0.256
4222.2002,85.163,80.439,157.4,2.709,119.396,19.686,20.87,18.392,3.702,19.4,9.803,1.065,108.635,1.019,0.172
4222.2998,84.846,80.378,157.42,2.709,117.111,19.163,21.065,18.529,3.665,19.605,9.756,1.067,108.756,1.089,0.159
4222.5,84.104,80.274,157.39,2.709,115.316,18.63,21.436,18.729,3.683,20.163,9.516,1.109,109.068,1.176,0.149
4222.8999,83.503,79.958,156.392,2.706,113.928,19.767,21.76,18.94,3.798,21.615,8.872,1.098,109.885,1.209,0.182
4223.1001,82.783,79.872,155.976,2.709,115.244,20.119,22.003,19.17,3.666,21.602,9.113,1.111,110.185,1.087,0.188
4223.2998,82.055,79.895,155.767,2.703,115.687,20.309,22.256,19.381,3.497,21.164,9.584,1.11,110.374,0.857,0.2
4223.5,82.045,79.98,155.811,2.697,117.305,20.115,22.224,19.328,3.266,20.408,10.269,1.111,110.799,0.652,0.199
4223.7998,83.075,79.913,155.846,2.686,115.474,19.515,21.859,18.989,3.081,19.428,10.987,1.113,110.802,0.429,0.196
4223.8999,83.464,79.825,155.713,2.684,113.883,19.551,21.755,18.9,3.11,19.421,10.942,1.087,110.683,0.444,0.199
4224.0,83.788,79.725,155.514,2.684,113.653,19.756,21.672,18.83,3.193,19.662,10.728,1.062,110.568,0.558,0.205
4224.5,83.289,80.21,157.292,2.686,117.842,19.203,21.534,18.699,3.651,21.43,9.305,1.063,109.78,1.479,0.186
4224.6001,82.786,80.312,157.292,2.685,116.487,19.233,21.492,18.662,3.701,21.548,9.128,1.094,109.851,1.636,0.19
4224.8999,82.068,80.505,157.292,2.694,113.91,20.085,21.139,18.365,3.765,21.479,8.949,1.081,110.237,1.772,0.201
4225.0,82.204,80.613,156.955,2.702,115.315,20.13,20.999,18.247,3.785,21.242,9.002,1.104,110.301,1.708,0.193
4225.1001,82.478,80.747,156.559,2.706,117.086,20.003,20.886,18.159,3.794,20.91,9.103,1.118,110.315,1.598,0.185
4225.2002,82.808,80.921,156.559,2.707,118.377,19.833,20.826,18.124,3.792,20.59,9.218,1.128,110.243,1.404,0.181
4225.5,83.486,81.316,156.559,2.699,117.321,19.299,21.121,18.45,3.693,19.732,9.632,1.132,109.888,0.909,0.175
4225.6001,83.488,81.281,156.559,2.699,115.777,19.182,21.354,18.669,3.624,19.384,9.802,1.147,110.112,0.786,0.172
4225.8999,83.018,80.779,157.292,2.705,111.677,19.258,21.909,19.148,3.452,19.019,10.026,1.111,110.144,0.81,0.169
4226.1001,82.988,80.574,157.292,2.707,112.114,19.787,21.277,18.629,3.457,18.966,10.028,1.127,109.811,0.871,0.183
4226.2002,83.266,80.634,157.047,2.705,113.29,20.243,20.668,18.13,3.512,18.932,9.982,1.126,109.229,0.858,0.198
4226.3999,84.139,80.993,156.086,2.696,116.294,20.781,19.714,17.314,3.66,18.887,9.844,1.156,108.075,0.729,0.22
4226.5,84.456,81.205,155.604,2.692,117.851,20.874,19.532,17.138,3.745,18.803,9.787,1.156,107.983,0.676,0.227
4226.7002,84.462,81.535,154.64,2.69,119.459,21.231,19.463,17.051,3.897,18.659,9.665,1.145,108.096,0.623,0.237
4227.0,83.54,81.492,154.358,2.701,116.646,20.771,19.593,17.173,4.063,19.065,9.272,1.149,108.684,0.467,0.211
4227.2002,83.228,81.278,154.358,2.699,116.943,20.33,19.967,17.597,4.108,19.336,9.117,1.111,109.087,0.342,0.204
4227.3999,83.057,81.051,154.358,2.694,117.788,20.134,20.814,18.38,4.095,19.374,9.135,1.155,109.592,0.222,0.203
4227.5,82.867,80.887,154.358,2.694,118.019,19.86,21.389,18.854,4.077,19.302,9.182,1.158,109.906,0.182,0.194
4228.1001,80.487,78.97,153.624,2.708,110.866,19.348,22.774,20.133,3.54,18.761,9.765,1.137,110.843,0.704,0.167
4228.2002,80.076,78.795,153.288,2.707,108.773,19.154,22.927,20.26,3.453,18.93,9.775,1.156,110.817,0.797,0.161
4228.3999,79.696,78.638,152.327,2.702,109.106,18.548,22.979,20.177,3.465,19.656,9.556,1.155,110.728,0.909,0.152
4228.8999,81.363,79.703,152.927,2.696,115.046,20.02,21.21,18.52,3.577,21.494,9.163,1.116,109.885,1.045,0.198
4229.3999,83.242,81.827,154.887,2.691,114.463,19.333,21.07,18.427,3.293,20.124,10.194,1.127,111.806,1.014,0.185
4229.6001,84.107,82.716,155.371,2.693,116.913,19.048,21.047,18.442,3.175,19.341,10.712,1.159,111.825,1.012,0.175
4229.7002,84.495,83.119,155.443,2.694,116.759,19.121,21.15,18.564,3.109,19.133,10.923,1.158,111.706,0.999,0.178
4229.8999,84.96,83.822,155.151,2.689,115.42,19.63,21.917,19.26,2.992,19.026,11.202,1.122,111.248,0.932,0.198
4230.2002,84.949,85.1,154.404,2.674,114.644,19.678,23.244,20.301,2.874,19.12,11.476,1.11,110.62,0.954,0.212
4230.5,86.411,86.997,154.463,2.658,118.812,18.895,23.43,20.427,3.008,19.72,11.321,1.111,110.606,1.294,0.21
4230.7002,88.366,88.085,155.029,2.632,123.538,18.586,23.582,20.582,3.208,20.429,10.968,1.144,110.834,1.167,0.231
4230.7998,89.344,88.288,155.189,2.622,124.736,18.794,23.718,20.71,3.265,20.661,10.841,1.157,111.137,1.074,0.248
4230.8999,90.2,88.306,155.234,2.619,125.141,19.255,23.882,20.853,3.291,20.802,10.759,1.141,111.523,0.97,0.263
4231.0,90.855,88.006,155.07,2.621,125.147,19.741,24.046,20.989,3.303,20.897,10.706,1.141,111.91,0.882,0.273
4231.2998,90.56,86.036,153.536,2.648,117.337,19.84,24.413,21.256,3.169,21.261,10.323,1.13,112.01,1.204,0.241
4231.7002,85.115,82.081,151.388,2.668,106.017,19.419,22.996,19.986,2.934,20.964,9.871,1.152,112.069,0.943,0.212
4231.8999,82.923,80.845,151.083,2.675,109.357,19.889,21.926,19.088,2.92,20.335,10.196,1.138,112.021,0.605,0.217
4232.0,82.388,80.754,151.207,2.68,110.984,19.97,21.551,18.759,2.923,19.798,10.462,1.149,111.906,0.551,0.214
4232.1001,82.165,80.903,151.457,2.684,112.378,19.957,21.326,18.54,2.943,19.213,10.712,1.116,111.796,0.61,0.208
4232.2002,82.159,81.306,151.832,2.688,113.381,19.91,21.244,18.436,2.972,18.717,10.888,1.14,111.736,0.636,0.202
4232.6001,83.429,83.357,154.523,2.672,112.017,19.742,21.225,18.395,3.147,17.698,10.956,1.161,111.541,0.324,0.22
4232.7002,84.026,83.958,155.462,2.663,111.162,20.388,21.262,18.462,3.188,17.589,10.902,1.121,111.474,0.376,0.25
4232.8999,85.332,85.263,157.157,2.654,110.749,22.133,21.617,18.835,3.206,17.607,10.865,1.1,111.338,0.735,0.304
4233.0,85.987,85.921,157.877,2.652,111.341,22.493,21.93,19.098,3.178,17.828,10.866,1.074,111.268,0.895,0.311
4233.2002,87.094,87.089,158.338,2.652,113.258,21.835,22.759,19.73,3.068,18.663,10.892,1.118,111.039,1.016,0.291
4233.7998,89.697,89.754,156.148,2.643,117.915,20.082,25.062,21.95,2.88,20.022,11.219,1.068,109.592,1.304,0.257
4234.0,90.238,90.581,156.054,2.636,118.852,20.019,26.058,22.843,2.878,19.641,11.511,1.118,109.024,1.303,0.262
4234.2002,90.889,91.222,156.238,2.631,118.698,19.461,26.655,23.284,2.873,18.883,11.913,1.098,108.598,1.342,0.251
4234.2998,91.286,91.398,156.281,2.627,118.727,18.984,26.593,23.201,2.88,18.474,12.101,1.162,108.455,1.462,0.244
4234.5,92.263,91.521,156.238,2.617,118.713,18.866,25.959,22.66,2.939,17.762,12.34,1.166,108.298,1.908,0.255
4234.6001,92.686,91.53,156.187,2.615,119.355,19.577,25.606,22.364,2.999,17.461,12.393,1.079,108.307,2.094,0.277
4234.8999,92.474,91.629,156.158,2.627,123.227,21.306,24.111,21.07,3.231,16.864,12.285,1.112,108.442,1.955,0.303
4235.1001,92.108,91.654,156.184,2.623,123.127,19.748,23.04,20.218,3.31,17.024,12.003,1.093,108.415,1.388,0.266
4235.2002,92.286,91.56,156.19,2.613,123.123,18.95,22.811,20.056,3.332,17.166,11.854,1.156,108.366,1.072,0.257
4235.3999,93.3,91.065,156.26,2.591,121.155,18.695,22.939,20.216,3.295,17.381,11.636,1.1,108.354,0.788,0.278
4235.5,93.781,90.671,156.362,2.588,117.724,19.199,23.209,20.461,3.192,17.476,11.505,1.07,108.475,0.828,0.296
4235.7002,93.713,89.764,156.654,2.608,110.388,20.373,23.712,20.849,2.953,17.595,11.245,1.136,108.951,1.322,0.3
4235.7998,93.125,89.331,156.786,2.626,108.907,20.673,23.605,20.712,2.916,17.651,11.153,1.135,109.202,1.586,0.288
4235.8999,92.355,88.924,156.895,2.642,108.655,20.821,23.187,20.323,2.925,17.714,11.065,1.136,109.422,1.731,0.274
4236.0,91.623,88.636,156.998,2.654,108.676,20.862,22.61,19.829,2.943,17.739,10.993,1.121,109.492,1.816,0.264
4236.2002,90.878,88.359,157.347,2.66,108.61,20.657,21.89,19.247,3.02,17.689,10.871,1.099,109.373,1.861,0.254
4236.3999,90.976,88.67,157.867,2.65,110.829,20.801,21.911,19.289,3.182,17.59,10.771,1.072,108.982,1.936,0.271
4236.7002,91.157,89.732,158.452,2.645,115.618,21.635,22.226,19.581,3.337,17.175,11.135,1.073,108.45,1.813,0.295
4237.0,92.342,90.876,158.901,2.645,119.997,20.995,22.263,19.626,3.257,16.531,11.985,1.082,107.888,1.385,0.277
4237.2002,93.722,91.484,158.847,2.645,122.981,20.435,22.459,19.839,3.129,16.082,12.584,1.082,107.528,1.227,0.262
4237.3999,94.795,91.805,158.436,2.639,119.718,19.491,23.317,20.623,3.121,15.719,12.699,1.016,107.165,1.218,0.243
4237.5,95.121,91.831,158.256,2.635,116.641,19.083,23.959,21.183,3.155,15.521,12.611,0.953,107.01,1.291,0.238
4238.1001,98.435,92.254,159.364,2.624,125.586,20.321,25.742,22.663,3.33,17.903,11.791,0.947,106.945,2.96,0.286
4238.2002,99.262,92.522,159.703,2.621,125.174,20.625,25.765,22.697,3.31,18.163,11.75,0.952,107.035,2.749,0.296
4238.5,101.104,95.519,160.268,2.618,123.481,21.046,26.072,22.992,3.211,18.662,11.724,0.931,107.326,1.514,0.309
4238.7002,101.396,95.289,160.362,2.624,122.151,20.934,25.861,22.787,3.167,18.622,11.713,0.921,107.462,1.132,0.298
4238.7998,101.173,94.865,160.399,2.624,121.375,20.584,25.583,22.535,3.165,18.491,11.705,0.953,107.493,1.411,0.288
4238.8999,100.647,94.44,160.264,2.622,120.531,20.147,25.278,22.269,3.184,18.333,11.68,0.92,107.499,1.775,0.279
4239.1001,99.222,93.589,159.888,2.62,119.679,19.868,24.901,21.963,3.238,18.303,11.562,0.933,107.527,2.609,0.275
4239.2998,98.22,92.927,159.667,2.627,120.567,19.84,25.025,22.111,3.285,18.537,11.46,0.914,107.483,3.131,0.265
4239.3999,98.05,92.927,159.741,2.628,122.113,19.447,25.236,22.314,3.317,18.681,11.444,0.915,107.401,3.226,0.253
4239.5,98.127,92.145,159.909,2.625,124.195,18.815,25.518,22.575,3.35,18.813,11.471,0.915,107.251,3.271,0.234
4239.6001,98.381,91.463,160.108,2.619,125.947,18.185,25.827,22.857,3.385,18.932,11.522,0.915,107.088,3.252,0.233
4239.7002,98.734,91.037,160.343,2.612,126.743,17.74,26.125,23.135,3.418,18.972,11.58,0.915,106.913,3.156,0.232
4239.7998,99.146,90.984,160.431,2.606,126.499,17.64,26.381,23.387,3.448,18.916,11.653,0.918,106.759,3.045,0.231
4240.0,100.172,90.984,160.519,2.596,126.959,18.3,26.856,23.903,3.538,18.671,11.872,0.947,107.232,2.255,0.241
4240.2002,101.352,91.888,160.565,2.591,131.379,18.469,27.813,24.858,3.704,18.703,12.03,0.966,107.306,2.358,0.256
4240.2998,101.809,92.735,160.735,2.589,134.133,18.193,28.632,25.592,3.758,18.814,12.123,1.003,107.306,2.42,0.259
4240.5,101.907,94.331,161.37,2.581,140.115,17.736,29.751,26.317,3.751,19.265,12.687,1.013,106.718,2.521,0.258
4240.8999,99.188,94.871,161.411,2.587,145.816,17.706,18.968,16.425,3.633,19.35,13.543,1.131,106.718,2.367,0.247
4241.0,98.48,94.871,160.961,2.596,145.315,17.632,16.398,14.3,3.605,19.247,13.614,1.154,106.718,2.264,0.243
4241.1001,97.886,94.871,160.397,2.603,144.431,17.527,15.229,13.413,3.586,19.133,13.636,1.17,106.779,2.173,0.239
4241.2998,97.126,94.871,158.897,2.606,140.888,17.633,15.989,14.271,3.563,18.722,13.487,1.173,107.306,2.076,0.238
4241.3999,96.97,94.871,158.022,2.604,138.082,17.833,17.405,15.541,3.55,18.402,13.316,1.191,107.318,2.054,0.24
4241.5,96.999,94.871,157.14,2.605,135.057,18.032,19.09,16.996,3.521,18.12,13.191,1.233,107.425,2.039,0.244
4241.6001,97.255,94.871,156.513,2.607,132.68,18.265,20.659,18.325,3.484,17.937,13.171,1.202,107.457,2.024,0.25
4241.7002,97.775,94.845,156.096,2.61,131.646,18.594,21.978,19.439,3.449,17.825,13.219,1.227,107.432,2.019,0.256
4241.7998,98.475,94.422,156.126,2.611,132.275,18.985,23.335,20.591,3.409,17.738,13.309,1.241,107.341,2.04,0.264
4241.8999,99.142,94.223,156.301,2.608,134.062,19.307,25.135,22.111,3.346,17.677,13.463,1.203,107.205,2.102,0.274
4242.2002,99.394,93.159,158.048,2.586,137.105,19.939,31.086,26.972,3.207,18.261,13.544,1.293,106.664,2.349,0.304
4242.2998,98.801,92.312,158.842,2.583,135.865,20.498,31.506,27.234,3.221,18.709,13.299,1.289,106.523,2.386,0.311
4242.5,97.086,91.632,160.261,2.592,133.734,21.151,29.305,25.158,3.228,19.204,12.979,1.33,106.429,2.269,0.317
4242.6001,96.309,91.632,160.844,2.6,133.135,20.998,27.381,23.441,3.214,19.261,12.921,1.314,106.413,2.166,0.316
4243.1001,95.313,90.262,162.132,2.618,129.524,21.887,20.29,17.63,3.285,18.444,12.765,1.342,106.565,1.834,0.313
4243.2002,95.402,90.05,162.269,2.619,129.537,21.905,20.555,17.914,3.331,18.342,12.672,1.355,106.676,1.827,0.311
4244.2002,96.544,90.336,163.079,2.605,127.259,19.858,22.315,19.313,3.26,19.094,12.306,1.427,107.894,1.995,0.281
4244.2998,96.568,90.399,162.729,2.601,127.928,19.491,22.029,19.091,3.28,19.144,12.248,1.41,107.894,2.021,0.277
4244.6001,96.571,91.676,161.685,2.616,129.169,19.362,22.731,19.805,3.396,19.539,11.897,1.408,107.306,1.909,0.271
4244.7002,97.007,92.102,161.294,2.619,129.17,19.372,23.557,20.522,3.425,19.808,11.763,1.482,107.306,1.886,0.272
4244.7998,97.812,92.525,160.971,2.617,128.804,19.522,24.474,21.287,3.437,20.112,11.664,1.437,107.306,1.909,0.276
4244.8999,98.926,92.951,160.706,2.613,128.648,19.838,25.266,21.916,3.434,20.469,11.59,1.421,107.306,1.955,0.282
4245.1001,101.028,93.349,160.613,2.602,131.445,20.371,25.588,22.079,3.424,21.523,11.443,1.456,107.306,2.074,0.294
4245.2998,101.396,92.927,160.445,2.6,135.432,20.526,24.147,20.803,3.401,22.215,11.435,1.448,107.306,2.108,0.301
4245.5,100.11,92.927,159.696,2.607,134.829,20.701,22.065,19.085,3.338,21.802,11.759,1.44,107.306,2.069,0.301
4245.6001,99.428,92.927,159.131,2.609,132.836,20.683,21.437,18.614,3.304,21.213,12.04,1.44,107.306,2.071,0.299
4245.7002,98.977,93.114,158.626,2.607,130.68,20.532,21.333,18.595,3.272,20.566,12.329,1.465,107.475,2.097,0.298
4246.0,98.998,94.223,157.908,2.595,131.097,19.653,23.568,20.59,3.346,19.727,12.47,1.417,107.894,2.21,0.296
4246.2998,100.767,94.08,158.22,2.6,134.717,20.541,25.404,22.075,3.605,19.609,11.898,1.451,107.894,2.144,0.301
4246.7998,107.438,96.167,158.514,2.605,127.923,19.578,24.001,20.821,3.739,17.826,11.771,1.442,107.894,2.041,0.284
4247.0,106.274,96.167,158.135,2.605,128.126,19.436,22.791,19.815,3.626,17.411,12.126,1.437,107.871,2.021,0.278
4247.1001,104.782,96.167,158.005,2.609,128.643,19.666,22.489,19.574,3.531,17.424,12.325,1.436,107.89,1.989,0.277
4247.3999,100.815,95.882,157.537,2.613,130.774,19.848,23.142,20.272,3.129,18.266,12.898,1.478,108.087,1.883,0.27
4247.7002,101.354,94.605,156.431,2.621,125.776,19.162,24.85,21.893,2.835,19.485,12.998,1.443,108.471,1.808,0.258
4247.7998,101.684,94.223,156.035,2.623,125.198,18.8,25.247,22.285,2.801,19.763,12.939,1.442,108.56,1.818,0.257
4247.8999,101.673,94.223,155.661,2.619,126.259,18.613,25.492,22.522,2.805,19.993,12.831,1.462,108.591,1.864,0.259
4248.2002,100.538,95.071,154.706,2.604,128.747,19.83,25.21,22.25,2.937,20.088,12.541,1.439,108.927,1.991,0.275
4248.7002,101.578,93.593,154.283,2.62,128.151,19.509,25.18,22.309,3.022,17.91,13.116,1.445,110.218,1.841,0.272
4248.8999,100.102,92.744,154.353,2.613,128.739,19.559,25.478,22.552,2.983,16.919,13.503,1.467,110.583,1.922,0.272
4249.1001,97.573,91.893,153.529,2.606,127.014,19.74,25.467,22.557,2.941,16.497,13.648,1.444,110.826,1.993,0.273
4249.2002,96.378,91.632,152.821,2.606,124.544,19.649,25.51,22.618,2.908,16.573,13.586,1.466,110.876,1.988,0.271
4249.7998,93.44,89.566,151.916,2.626,126.417,18.402,24.171,21.334,3.102,18.587,12.661,1.453,109.93,1.67,0.246
4250.0,94.932,89.04,153.535,2.629,130.205,19.09,22.114,19.66,3.147,18.728,12.681,1.453,109.576,1.641,0.256
4250.1001,95.763,89.32,154.331,2.629,130.617,19.839,21.743,19.361,3.158,18.726,12.677,1.48,109.422,1.66,0.263
4250.2002,96.381,90.486,154.989,2.626,129.924,20.416,21.659,19.282,3.178,18.766,12.598,1.453,109.289,1.704,0.269
4250.2998,96.632,90.827,155.332,2.621,128.407,20.619,21.733,19.328,3.208,18.825,12.44,1.491,109.213,1.765,0.273
4250.5,95.665,90.582,155.444,2.612,126.423,20.036,22.42,19.918,3.252,19.091,12.034,1.496,109.265,1.844,0.268
4250.8999,90.757,88.989,152.465,2.631,123.122,18.513,25.365,22.436,3.014,20.083,11.683,1.468,109.863,1.605,0.236
4251.0,89.756,88.559,151.583,2.635,121.106,18.351,25.747,22.736,2.909,20.204,11.762,1.419,109.922,1.557,0.232
4251.1001,89.207,88.279,151.324,2.636,119.765,18.345,25.9,22.842,2.838,20.161,11.884,1.439,109.866,1.557,0.231
4251.5,91.222,88.639,153.236,2.619,124.674,18.846,25.567,22.482,3.002,18.591,12.396,1.421,109.573,1.752,0.245
4251.6001,92.269,89.077,153.85,2.62,125.739,18.85,25.328,22.254,3.112,18.138,12.473,1.426,109.556,1.786,0.25
4251.7002,93.232,89.596,154.091,2.62,125.947,18.841,24.98,21.934,3.194,17.84,12.551,1.439,109.498,1.818,0.256
4251.7998,94.033,90.096,154.508,2.618,126.358,18.936,24.557,21.557,3.27,17.575,12.65,1.441,109.755,1.869,0.263
4252.2998,95.464,91.783,156.092,2.598,143.393,21.041,23.695,20.974,3.337,17.467,14.208,1.444,110.393,2.184,0.304
4252.8999,93.733,90.374,156.156,2.586,131.842,18.64,24.243,21.352,3.305,19.985,12.991,1.443,110.393,2.348,0.277
4253.2002,94.464,90.487,158.731,2.601,134.206,18.945,19.064,16.847,3.344,18.856,13.254,1.459,110.393,2.2,0.267
4253.2998,95.022,90.701,159.261,2.604,136.849,19.154,18.217,16.212,3.353,18.333,13.502,1.459,110.393,2.161,0.263
4253.5,96.008,91.741,159.983,2.601,138.437,18.774,19.024,17.158,3.341,17.919,13.854,1.432,110.393,2.162,0.254
4253.7002,96.441,93.444,160.873,2.597,138.915,17.603,22.72,20.493,3.318,17.821,14.179,1.444,110.393,2.205,0.247
4254.2002,99.409,97.679,165.801,2.587,156.936,19.693,24.757,22.031,3.902,19.624,14.161,1.427,110.393,2.473,0.305
4254.3999,101.304,98.837,167.301,2.572,158.248,21.46,23.948,21.266,3.883,20.043,14.259,1.435,110.393,2.686,0.335
4254.8999,101.538,99.18,166.711,2.564,159.095,20.221,22.962,20.34,3.535,21.373,15.398,1.407,110.393,2.899,0.337
4255.2998,102.761,98.72,167.356,2.56,182.807,20.275,20.137,17.71,3.609,24.943,16.747,1.415,110.393,2.962,0.342
4255.6001,105.212,98.746,167.679,2.56,194.85,20.928,17.722,15.765,3.635,25.117,17.885,1.406,110.51,3.002,0.342
4255.7998,104.048,98.494,166.623,2.556,196.474,19.898,18.404,16.468,3.542,24.779,18.354,1.406,111.129,3.087,0.338
4255.8999,102.924,98.372,166.063,2.551,196.655,19.504,19.259,17.201,3.488,24.685,18.552,1.397,111.298,3.136,0.337
4256.0,101.952,98.32,165.657,2.547,196.186,19.425,20.006,17.787,3.437,24.722,18.67,1.383,111.175,3.182,0.339
4256.2002,101.571,98.684,165.653,2.547,194.03,19.803,19.697,17.343,3.375,25.113,18.61,1.392,111.151,3.206,0.348
4256.3999,102.499,98.606,165.156,2.551,195.607,20.607,17.308,15.274,3.381,25.502,18.181,1.385,111.151,3.227,0.36
4256.5,102.743,97.675,164.251,2.548,198.183,21.258,16.375,14.588,3.417,25.663,17.85,1.42,111.229,3.247,0.363
4257.3999,80.429,80.272,137.353,2.642,80.508,8.312,72.6,63.55,2.093,15.799,11.67,1.412,112.456,2.081,0.195
4257.5,83.401,81.873,140.324,2.633,90.288,9.825,66.172,57.514,2.166,15.501,12.298,1.429,112.625,2.098,0.205
4257.8999,99.54,90.011,154.12,2.56,151.878,23.357,29.772,26.025,3.079,18.568,16.184,1.379,113.389,2.789,0.356
4258.1001,100.586,91.082,154.403,2.555,170.431,23.661,24.683,21.814,3.021,19.859,17.908,1.388,113.731,2.971,0.374
4258.2002,99.21,90.877,153.335,2.558,176.525,22.359,23.799,21.115,2.939,20.414,18.573,1.375,113.731,2.965,0.361
4258.5,92.53,89.254,150.628,2.567,184.815,18.949,23.518,21.029,2.886,21.55,19.551,1.378,113.731,2.757,0.297
4258.6001,90.627,88.763,150.279,2.573,183.843,18.086,23.922,21.394,2.945,21.712,19.503,1.368,113.731,2.649,0.28
4258.7002,89.318,88.556,150.723,2.581,182.949,17.472,24.304,21.695,3.018,21.888,19.419,1.373,113.731,2.528,0.269
4258.8999,88.785,88.933,153.069,2.595,185.937,17.417,23.783,21.078,3.275,22.416,18.996,1.369,113.267,2.331,0.273
4259.1001,90.87,90.566,157.278,2.595,193.411,19.239,20.866,18.399,3.634,23.52,18.375,1.379,113.215,2.252,0.303
4259.2002,92.589,91.56,159.564,2.595,196.122,20.643,19.085,16.866,3.715,24.113,18.196,1.383,113.215,2.233,0.321
4259.5,96.296,93.883,165.226,2.599,196.327,23.493,18.014,16.308,3.551,25.219,18.282,1.386,112.183,2.317,0.349
4259.6001,96.217,94.416,166.447,2.592,194.193,22.828,19.44,17.656,3.39,25.513,18.525,1.411,112.183,2.439,0.347
4259.7998,95.03,95.135,167.786,2.57,189.877,20.507,22.905,20.614,2.98,26.042,19.192,1.379,111.352,2.72,0.338
4260.1001,95.84,95.139,167.682,2.56,196.714,20.028,22.636,19.933,2.713,25.141,20.659,1.387,111.151,2.954,0.332
4260.2998,97.443,94.361,166.833,2.559,206.005,20.412,20.208,17.782,2.691,23.999,22.043,1.37,111.151,2.99,0.322
4260.5,96.785,92.609,164.219,2.557,212.318,19.303,18.702,16.449,2.775,24.078,22.195,1.357,111.151,2.961,0.299
4260.6001,95.641,91.531,162.388,2.559,212.963,18.458,17.917,15.773,2.81,24.214,22.102,1.353,111.151,2.911,0.283
4260.7002,94.213,90.336,160.059,2.564,211.251,17.773,17.276,15.265,2.862,24.448,21.807,1.352,111.151,2.829,0.266
4260.7998,92.665,89.258,157.662,2.571,207.252,17.273,17.065,15.166,2.932,24.822,21.224,1.352,111.151,2.743,0.25
4260.8999,91.076,88.277,155.199,2.578,201.092,16.797,17.528,15.683,3.003,25.165,20.38,1.352,111.151,2.667,0.237
4261.2002,87.487,86.809,148.596,2.576,177.703,14.792,24.98,22.443,2.986,23.859,17.704,1.349,111.151,2.706,0.245
4261.3999,86.495,86.341,145.367,2.562,162.374,14.81,30.83,27.394,2.855,22.16,16.822,1.364,111.151,2.842,0.269
4261.6001,86.137,85.951,143.675,2.562,148.736,15.917,32.901,28.997,2.697,19.987,16.19,1.355,111.151,2.858,0.278
4261.8999,85.427,85.992,143.862,2.575,142.072,15.545,30.15,26.347,2.686,19.532,15.836,1.359,110.849,2.611,0.271
4262.0,85.35,86.174,144.261,2.581,144.126,15.402,28.171,24.655,2.712,19.838,15.63,1.373,110.635,2.487,0.267
4262.3999,86.887,86.752,145.397,2.608,147.661,16.489,25.552,22.594,2.867,21.472,14.442,1.387,110.635,2.045,0.257
4262.5,87.071,86.794,145.35,2.609,143.19,16.497,26.347,23.315,2.86,21.317,14.109,1.385,110.904,1.995,0.254
4262.7002,86.707,86.94,145.212,2.612,136.002,16.174,28.501,25.121,2.88,21.047,13.536,1.386,111.366,1.923,0.249
4262.8999,86.431,87.184,145.26,2.616,132.817,15.998,28.342,24.991,2.968,20.892,13.194,1.366,111.667,1.905,0.248
4263.1001,87.16,87.453,145.29,2.611,129.613,16.22,27.621,24.544,3.102,20.861,12.745,1.385,111.667,1.925,0.25
4263.2002,87.758,87.511,145.152,2.608,129.566,16.286,28.047,24.978,3.15,20.903,12.612,1.382,111.667,1.911,0.25
4263.2998,88.259,87.377,144.781,2.608,131.497,16.378,28.788,25.664,3.172,21.05,12.589,1.377,111.667,1.856,0.248
4263.6001,87.584,86.024,142.941,2.639,138.748,16.695,31.526,28.118,3.109,21.483,12.863,1.376,112.049,1.558,0.233
4263.8999,85.002,84.373,140.98,2.62,134.651,15.259,33.496,29.805,3.043,20.9,13.149,1.376,113.064,1.926,0.232
4264.0,84.616,84.045,140.579,2.601,134.206,14.939,33.669,29.989,3.051,20.636,13.192,1.372,113.215,2.169,0.239
4264.2002,85.019,83.677,140.127,2.571,135.306,14.925,34.606,30.898,3.107,20.378,13.108,1.367,113.565,2.618,0.261
4264.2998,85.517,83.571,139.992,2.563,135.429,15.175,35.431,31.592,3.128,20.403,13.05,1.352,113.731,2.755,0.27
4264.3999,85.954,83.499,139.892,2.56,135.142,15.516,35.915,31.926,3.121,20.509,13.038,1.348,113.731,2.848,0.277
4264.6001,86.282,83.552,139.807,2.564,136.652,15.929,33.967,30.06,2.933,21.05,13.295,1.348,113.887,2.858,0.283
4264.7002,86.327,83.633,139.74,2.567,138.286,15.916,32.204,28.521,2.788,21.427,13.496,1.385,114.226,2.836,0.283
4264.8999,86.563,83.971,139.663,2.572,136.896,15.872,29.819,26.559,2.5,21.308,14.217,1.369,114.247,2.86,0.282
4265.1001,86.814,84.636,140.505,2.561,130.892,15.58,30.025,26.746,2.247,19.901,15.533,1.378,114.247,3.028,0.283
4265.2998,86.571,85.76,142.827,2.542,130.51,14.706,29.656,26.074,2.183,19.164,16.23,1.34,113.786,3.278,0.292
4265.5,86.167,86.826,145.33,2.534,144.291,14.83,23.735,20.939,2.283,18.592,17.745,1.354,113.215,3.8,0.31
4265.6001,86.304,86.939,145.543,2.533,163.265,15.62,20.576,18.425,2.422,18.991,19.603,1.382,113.215,4.136,0.316
4265.7998,87.329,85.992,143.054,2.524,228.507,16.91,19.204,17.814,2.467,19.03,25.908,1.383,113.215,4.957,0.313
4265.8999,87.675,85.152,140.856,2.511,255.805,15.998,22.675,21.362,2.368,18.09,28.653,1.356,113.215,5.316,0.304
4266.1001,86.476,83.299,136.481,2.476,243.531,11.272,58.357,54.345,2.135,15.714,28.871,1.372,112.699,5.237,0.283
4266.3999,82.465,82.548,135.913,2.454,150.018,10.025,140.722,125.076,2.079,12.992,20.955,1.347,112.635,4.733,0.296
4266.7998,88.851,89.057,147.691,2.469,140.686,19.149,65.816,55.782,2.291,15.515,17.956,1.348,110.812,4.0,0.37
4266.8999,92.083,90.166,148.812,2.477,146.012,20.012,49.119,41.482,2.373,17.168,16.97,1.364,110.931,3.814,0.363
4267.0,94.961,90.713,148.461,2.482,149.674,19.91,38.229,32.441,2.435,18.526,16.229,1.332,111.327,3.675,0.344
4267.1001,96.989,90.117,145.948,2.484,148.483,18.858,32.638,28.02,2.447,18.946,15.953,1.378,112.236,3.587,0.325
4267.3999,97.074,86.089,136.414,2.483,118.316,12.293,36.17,31.732,2.076,15.661,15.154,1.367,116.098,3.432,0.302
4267.6001,92.756,82.622,131.234,2.491,108.507,9.6,49.46,42.327,1.869,14.204,15.031,1.328,118.677,3.281,0.292
4267.7002,90.01,80.954,129.201,2.497,110.532,9.578,52.043,43.682,1.808,13.854,15.197,1.334,119.603,3.154,0.286
4268.1001,81.605,77.416,122.577,2.531,96.081,10.835,20.935,17.575,1.896,14.041,12.815,1.315,122.125,2.58,0.262
4268.2002,80.751,77.215,121.854,2.542,91.243,10.768,17.848,15.48,1.95,14.281,12.134,1.324,122.493,2.477,0.255
4268.6001,80.748,77.326,120.211,2.526,80.227,10.244,71.82,62.149,1.91,14.238,11.011,1.349,121.956,2.848,0.251
4268.7998,81.359,77.719,120.703,2.513,73.532,9.6,108.451,91.089,1.792,13.985,10.68,1.311,121.25,3.593,0.267
4268.8999,81.797,78.206,122.054,2.512,71.57,9.779,103.393,85.939,1.755,13.928,10.625,1.327,121.017,3.786,0.281
4269.0,82.47,78.824,123.959,2.516,71.816,10.378,84.036,69.379,1.752,13.99,10.645,1.347,120.878,3.864,0.298
4269.2002,84.921,80.179,129.695,2.53,78.08,12.078,45.023,37.091,1.796,14.502,10.867,1.344,121.235,3.645,0.336
4269.3999,88.127,79.871,133.648,2.551,92.311,14.307,27.733,23.158,1.872,15.786,11.484,1.347,122.996,3.235,0.354
4269.5,88.752,78.388,133.223,2.567,101.182,15.991,23.786,20.157,1.895,16.596,11.861,1.31,124.87,3.067,0.347
4269.6001,87.761,76.366,131.742,2.59,107.291,17.828,22.643,19.548,1.904,17.248,12.083,1.332,127.182,2.865,0.317
4269.7002,84.995,73.699,128.904,2.621,106.866,18.592,24.191,21.261,1.897,17.319,12.082,1.35,130.127,2.584,0.281
4269.7998,80.707,70.942,126.092,2.656,98.642,16.964,29.314,26.108,1.841,16.682,11.788,1.331,133.078,2.104,0.256
4269.8999,75.244,68.12,123.408,2.688,84.207,12.919,41.485,36.967,1.678,15.113,11.244,1.328,135.974,1.518,0.112
4270.0,69.492,65.356,121.731,2.709,69.087,8.634,62.699,55.266,1.47,13.296,10.655,1.327,138.285,1.496,0.029
4270.2998,58.568,58.464,105.844,2.723,51.482,4.229,135.9,116.257,1.268,11.226,9.894,1.336,142.13,0.668,0.006
4270.3999,57.868,57.066,104.616,2.724,51.759,4.972,148.767,126.945,1.285,11.136,9.74,1.351,142.545,0.476,0.004
4270.6001,58.596,55.739,104.439,2.729,50.238,6.587,176.656,150.99,1.388,11.033,9.304,1.336,142.51,0.387,0.003
4270.7002,59.037,55.548,104.285,2.731,48.794,6.692,198.286,169.176,1.457,11.092,9.091,1.336,142.144,0.311,0.003
4270.7998,59.202,55.498,104.321,2.733,47.769,6.331,218.03,185.232,1.507,11.217,8.945,1.35,141.619,0.264,0.003
4270.8999,59.048,55.576,104.605,2.732,47.65,5.779,225.104,190.193,1.525,11.388,8.887,1.326,140.83,0.204,0.004
4271.2002,58.333,56.535,106.598,2.711,50.785,5.851,169.842,142.093,1.55,12.082,8.838,1.326,138.336,,0.022
4271.6001,59.138,58.256,110.221,2.702,59.888,9.365,105.37,89.136,1.945,12.428,8.707,1.297,137.849,0.059,0.034
4271.7002,59.228,58.461,110.694,2.709,59.402,9.462,101.432,86.189,2.027,12.343,8.631,1.285,138.35,0.098,0.024
4272.0,58.614,57.965,109.785,2.725,55.428,8.57,106.313,91.014,2.225,11.989,8.404,1.289,140.212,0.251,0.003
4272.5,57.397,55.5,106.498,2.714,49.323,6.636,166.413,142.795,1.821,11.449,8.647,1.295,140.786,0.662,0.017
4272.6001,56.853,55.328,106.465,2.715,48.532,5.952,184.413,157.924,1.756,11.526,8.682,1.266,140.619,0.636,0.016
4272.7998,55.865,55.39,106.962,2.721,50.093,5.453,200.515,170.3,1.708,12.036,8.672,1.267,140.36,0.456,0.01
4273.2002,56.928,56.023,108.014,2.713,53.435,8.684,119.952,103.534,1.678,12.84,8.609,1.276,140.868,0.014,0.02
4273.3999,57.407,55.914,107.7,2.709,51.155,8.955,115.414,101.033,1.624,12.289,8.704,1.264,141.934,,0.026
4273.5,57.23,55.666,107.281,2.711,49.493,8.227,124.535,109.096,1.57,11.719,8.817,1.277,142.658,,0.026
4273.7002,56.676,54.964,105.985,2.715,47.877,6.843,153.466,133.827,1.465,10.806,9.037,1.287,143.981,,0.028
4273.7998,56.382,54.586,105.073,2.713,47.895,6.702,166.952,145.098,1.422,10.488,9.122,1.263,144.42,,0.032
4274.1001,55.785,53.861,102.794,2.7,46.19,6.629,191.023,166.698,1.318,9.578,9.306,1.289,145.302,,0.048
4274.3999,54.975,53.538,101.643,2.703,42.375,5.417,266.16,233.705,1.388,9.131,9.155,1.222,145.432,,0.049
4274.5,54.617,53.447,101.493,2.702,42.477,5.144,280.93,246.837,1.426,9.136,9.096,1.233,145.305,,0.049
4274.6001,54.361,53.37,101.493,2.701,43.215,5.042,282.664,248.729,1.461,9.117,9.06,1.241,145.141,,0.049
4275.0,54.483,53.667,102.368,2.708,44.976,6.353,222.864,197.546,1.489,8.745,9.109,1.264,145.07,,0.037
4275.1001,54.817,53.772,102.4,2.712,44.384,6.727,217.822,194.471,1.466,8.609,9.146,1.256,145.16,,0.034
4275.2002,55.109,53.825,102.25,2.712,43.322,6.935,230.052,207.493,1.42,8.41,9.198,1.259,145.288,0.07,0.034
4275.5,54.698,53.735,102.612,2.704,38.822,5.612,427.721,389.048,1.229,8.1,9.207,1.225,146.718,0.281,0.045
4275.7002,53.461,53.189,101.884,2.703,36.824,4.038,656.811,590.336,1.159,8.249,9.099,1.239,148.33,0.316,0.049
4275.8999,52.144,52.347,99.959,2.702,35.612,3.361,840.167,749.187,1.1,8.24,9.069,1.24,149.736,0.488,0.046
4276.0,51.691,51.891,98.871,2.704,34.956,3.325,923.535,822.237,1.058,8.122,9.109,1.224,150.323,0.583,0.043
4276.3999,51.201,50.734,97.224,2.71,32.698,3.161,1440.107,1271.612,0.893,7.541,9.417,1.224,150.921,0.721,0.039
4276.6001,51.339,50.446,97.181,2.706,34.031,3.192,1413.188,1243.755,0.836,7.53,9.55,1.183,150.154,0.626,0.044
4276.7998,51.308,50.526,97.803,2.704,35.484,3.646,1138.172,1000.673,0.805,7.555,9.661,1.207,148.953,0.538,0.048
4277.1001,51.177,50.747,99.304,2.704,35.568,4.19,787.83,690.452,0.806,7.339,9.775,1.225,147.534,0.458,0.047
4277.2002,51.263,50.777,99.875,2.706,35.846,4.13,744.682,652.186,0.803,7.176,9.831,1.198,147.253,0.423,0.045
4277.7002,51.728,50.934,101.626,2.713,34.359,3.081,734.247,635.615,0.86,6.27,9.871,1.209,148.318,0.317,0.03
4277.8999,51.53,50.979,100.755,2.718,33.836,3.026,601.823,517.456,0.907,6.176,9.757,1.194,149.237,0.117,0.022
4278.0,51.452,50.982,100.134,2.72,34.359,3.215,541.437,465.432,0.937,6.296,9.663,1.187,149.619,0.045,0.017
4278.1001,51.415,50.976,99.527,2.721,34.878,3.454,508.484,438.339,0.966,6.495,9.552,1.188,149.925,0.003,0.013
4278.2002,51.414,50.973,99.019,2.723,35.114,3.646,526.961,456.526,0.989,6.753,9.443,1.188,150.113,,0.01
4278.7002,51.247,51.229,97.694,2.711,33.14,3.281,1495.353,1280.034,1.064,9.329,8.757,1.15,149.379,,0.029
4278.8999,51.326,52.193,97.335,2.709,35.03,3.152,1724.755,1470.482,1.113,9.681,8.644,1.161,149.352,,0.03
4279.0,51.42,52.619,97.2,2.713,35.497,3.114,1749.887,1491.483,1.132,9.721,8.62,1.144,149.389,,0.026
4279.1001,51.524,52.755,97.114,2.718,35.308,3.074,1713.137,1459.718,1.148,9.695,8.61,1.116,149.333,,0.023
4279.2998,51.764,52.264,97.132,2.718,34.302,3.083,1404.387,1193.729,1.159,9.522,8.625,1.114,149.014,,0.025
4279.7002,52.342,51.21,97.297,2.696,33.941,3.817,770.352,654.579,1.034,9.477,8.731,1.115,148.54,0.035,0.059
4280.1001,52.221,51.459,96.9,2.693,32.137,3.451,1035.032,882.351,0.94,8.923,8.906,1.082,148.856,0.22,0.073
4280.2002,52.126,51.459,96.784,2.691,32.816,3.302,1159.002,987.343,0.97,8.753,8.906,1.106,148.897,0.267,0.076
4280.2998,52.034,51.872,96.668,2.687,33.451,3.189,1281.046,1090.638,1.002,8.609,8.897,1.083,148.976,0.315,0.08
4280.7998,51.388,53.014,97.194,2.705,31.053,2.84,2585.847,2177.764,1.167,7.99,8.786,1.089,149.834,0.402,0.048
4281.2998,51.272,50.446,97.95,2.704,32.482,3.196,2038.205,1683.728,1.217,7.692,8.815,0.999,149.458,0.331,0.045
4281.6001,51.778,50.962,98.003,2.703,34.404,3.373,1339.372,1109.604,1.18,7.892,8.885,1.042,149.177,0.023,0.046
4281.7002,51.999,51.038,98.136,2.705,34.793,3.406,1292.291,1071.826,1.141,7.958,8.936,1.054,149.119,,0.044
4282.0,52.551,51.037,98.855,2.71,35.554,3.851,1365.086,1130.991,0.977,8.059,9.143,1.013,148.964,,0.036
4282.2002,52.597,51.085,99.35,2.711,33.734,4.102,1393.763,1153.356,0.855,7.975,9.328,1.024,149.025,,0.033
4282.2998,52.514,51.121,99.42,2.713,32.851,4.12,1392.438,1152.353,0.81,7.915,9.408,1.016,149.172,,0.031
4282.3999,52.359,51.147,99.385,2.715,32.703,4.066,1405.371,1163.24,0.796,7.901,9.442,1.008,149.358,,0.03
4282.5,52.146,51.161,99.175,2.715,33.268,3.971,1440.013,1191.594,0.809,7.957,9.428,0.986,149.571,,0.03
4282.6001,51.896,51.16,98.944,2.713,34.155,3.864,1484.839,1227.687,0.84,8.065,9.382,0.998,149.783,,0.032
4282.7002,51.63,51.148,98.691,2.71,34.931,3.793,1520.223,1255.664,0.878,8.193,9.322,0.981,149.989,,0.033
4282.7998,51.376,51.135,98.368,2.709,35.209,3.786,1530.727,1263.32,0.917,8.279,9.269,0.974,150.142,,0.033
4282.8999,51.156,51.128,98.144,2.71,35.131,3.828,1508.997,1244.411,0.961,8.357,9.209,0.977,150.218,,0.031
4283.2002,50.954,51.141,98.214,2.719,36.228,4.209,1114.791,915.962,1.134,8.7,8.953,0.944,149.951,,0.017
4283.2998,51.068,51.154,98.426,2.722,36.941,4.431,924.767,760.179,1.191,8.789,8.875,0.965,149.762,,0.012
4283.5,51.387,51.187,98.757,2.725,37.127,4.669,726.442,602.042,1.249,8.969,8.787,0.946,149.38,,0.006
4283.6001,51.484,51.197,98.962,2.725,36.765,4.536,753.22,627.054,1.264,9.06,8.761,0.952,149.241,,0.005
4283.7998,51.434,51.2,99.161,2.726,36.583,3.916,1125.65,937.404,1.255,9.124,8.772,0.953,149.265,,0.003
4283.8999,51.307,51.188,99.28,2.727,36.83,3.599,1407.046,1167.252,1.227,9.062,8.821,0.944,149.366,0.022,0.003
4284.5,51.038,50.864,98.655,2.723,34.772,3.856,1504.951,1232.964,1.043,8.315,9.128,0.862,149.442,0.247,0.012
4284.8999,51.419,50.823,99.221,2.713,33.633,3.787,1714.844,1406.877,1.072,8.334,8.983,0.834,149.493,0.417,0.029
4285.2002,51.383,50.832,99.31,2.709,33.199,3.807,1872.197,1528.94,1.092,8.025,8.995,0.788,148.952,0.473,0.038
4285.2998,51.371,50.858,99.357,2.706,33.029,3.727,1883.533,1537.797,1.102,7.954,9.003,0.839,148.762,0.473,0.041
4285.7002,51.405,51.221,99.711,2.707,36.463,3.89,1941.396,1574.335,1.179,8.574,8.869,0.8,148.201,0.543,0.046
4285.7998,51.436,51.38,100.031,2.703,36.838,4.034,1823.022,1473.52,1.191,8.698,8.846,0.794,148.015,0.543,0.05
4285.8999,51.496,51.55,100.371,2.698,36.419,4.167,1604.775,1291.939,1.195,8.723,8.846,0.754,147.841,0.543,0.054
4286.2002,52.221,51.924,100.877,2.701,34.733,4.944,687.013,548.268,1.15,8.469,8.968,0.764,147.691,0.537,0.049
4286.2998,52.68,51.976,100.852,2.707,34.999,5.254,501.506,402.359,1.13,8.292,9.018,0.77,147.54,0.522,0.043
4286.3999,53.15,52.024,100.854,2.711,35.159,5.4,411.332,333.184,1.117,8.15,9.042,0.778,147.334,0.499,0.037
4286.7002,53.985,52.108,101.459,2.709,33.76,4.836,510.047,418.307,1.082,8.153,8.972,0.726,146.736,0.343,0.037
4287.0,53.693,52.097,101.621,2.706,32.977,4.727,696.562,566.746,1.057,8.274,8.885,0.749,146.587,,0.045
4287.2002,53.254,52.178,101.523,2.702,34.349,4.897,695.046,565.027,1.011,8.207,8.916,0.725,146.284,,0.05
4287.3999,52.736,52.426,101.727,2.7,35.091,5.139,694.748,564.485,0.967,8.142,8.943,0.642,145.773,,0.053
4287.6001,52.405,52.842,102.403,2.701,34.083,5.536,648.978,524.709,0.959,8.205,8.9,0.663,145.26,,0.052
4287.7998,52.745,53.323,103.058,2.702,33.876,6.141,507.154,408.674,0.961,8.159,8.893,0.598,145.012,,0.048
4288.0,53.712,53.719,103.464,2.707,34.545,6.87,375.064,304.564,0.961,7.967,8.949,0.61,145.197,,0.041
4288.2002,54.399,53.861,103.371,2.71,34.012,6.945,355.829,293.097,0.959,7.708,9.04,0.624,145.497,0.007,0.043
4288.2998,54.433,53.832,103.02,2.706,33.553,6.484,396.047,327.552,0.959,7.574,9.084,0.628,145.595,0.072,0.047
4288.3999,54.271,53.741,102.49,2.701,33.354,5.843,466.17,385.851,0.963,7.472,9.111,0.606,145.693,0.148,0.052
4288.5,53.963,53.623,101.883,2.698,33.512,5.266,555.034,458.466,0.969,7.444,9.108,0.55,145.781,0.196,0.056
4289.0,54.277,53.376,100.536,2.703,34.094,5.35,609.727,497.737,0.98,7.73,8.981,0.566,145.567,0.34,0.05
4289.1001,55.052,53.428,100.812,2.704,34.02,5.566,570.164,466.0,0.974,7.767,8.984,0.559,145.452,0.355,0.047
4289.2002,55.982,53.489,101.008,2.705,34.026,5.735,546.806,447.901,0.97,7.796,8.987,0.558,145.327,0.37,0.045
4289.2998,56.977,53.536,101.189,2.705,34.116,5.845,541.275,444.6,0.969,7.817,8.989,0.558,145.232,0.386,0.042
4289.3999,57.952,53.571,101.358,2.706,34.275,5.901,556.113,458.134,0.971,7.828,8.987,0.53,145.162,0.397,0.039
4289.7998,59.655,53.481,101.979,2.719,35.2,5.691,771.4,637.526,,,,0.581,145.383,0.383,0.02
4290.1001,59.422,53.387,102.32,2.712,34.386,5.597,897.602,738.872,,,,0.572,145.652,0.313,0.036
4290.2002,59.404,53.378,102.313,2.709,34.371,5.751,904.665,743.514,,,,0.592,145.699,0.29,0.041
4290.5,59.705,53.374,102.314,2.71,,6.254,824.726,673.978,,,,0.617,145.57,0.262,0.038
4290.7002,60.283,53.363,102.314,2.717,,6.438,686.576,558.935,,,,0.604,145.349,0.295,0.024
4290.7998,60.792,53.357,102.311,2.721,,6.478,610.175,496.857,,,,0.622,145.253,0.341,0.017
4291.0,62.061,53.351,102.302,2.723,,6.599,502.861,411.897,,,,0.602,145.144,0.433,0.015
4291.2002,63.236,53.35,102.298,2.719,,6.71,477.742,396.141,,,,0.63,145.269,0.531,0.022
4291.3999,64.056,53.355,102.306,2.717,,6.356,523.71,441.005,,,,0.618,145.568,0.656,0.025
4291.5,64.359,53.361,102.311,2.717,,5.979,570.729,483.396,,,,0.638,145.684,0.712,0.026
4291.6001,64.638,53.366,102.315,2.716,,5.565,627.184,533.254,,,,0.655,145.773,0.753,0.027
4291.7002,64.9,53.37,102.32,2.717,,5.166,690.273,588.148,,,,0.661,145.848,0.739,0.024
4291.7998,65.117,53.37,102.325,2.72,,4.84,756.076,644.733,,,,0.669,145.908,0.706,0.018
4291.8999,65.262,53.367,102.333,2.723,,4.64,818.286,697.407,,,,0.65,145.914,0.66,0.014
4292.0,65.327,53.362,102.343,2.723,,4.62,858.097,729.874,,,,0.652,145.889,0.66,0.014
