DEPTH,AC,DTC,DTS,DEN,GR,CNL,LLD,LLS,K,TH,U,DEVI,SHMAX,TOC,PERM
4150.0,186.8906,70.756,127.602,2.3617,82.6817,29.121,,,1.4205,8.8248,5.7739,0.488,119.419,,
4150.6,188.9429,70.7947,129.2342,2.3405,82.9615,29.7633,,,1.5297,7.7647,6.1411,0.5259,120.6095,,
4150.7,189.1948,70.8496,129.5279,2.333,85.2058,30.8477,,,1.5294,7.9086,6.1746,0.5259,120.8265,,
4150.8,189.5406,70.8808,129.7949,2.3343,87.5734,31.576,,,1.5131,8.1427,6.2034,0.5259,120.828,,
4151.2,191.5321,70.9584,130.1208,2.3397,85.5223,31.3275,,,1.4459,8.3776,6.0586,0.5258,121.0162,,
4151.4,191.9867,71.0068,129.7083,2.327,81.5214,31.4625,,49364.8438,1.5167,8.2834,5.6459,0.5257,120.7311,,
4151.7,191.4348,70.8995,128.7031,2.4734,82.2723,31.3266,,28139.8262,1.698,7.9832,5.2365,0.5257,120.1749,,
4152.2,191.9468,70.9416,127.6319,2.0637,81.5818,32.6036,6.5636,3.3318,1.7073,6.7236,5.7041,0.5315,118.867,,
4152.3,192.2747,70.5657,127.6662,2.2105,81.5182,32.5701,9.1526,4.6263,1.6492,6.5398,5.9006,0.5258,119.7307,,
4152.5,193.2081,70.3206,128.1369,2.4985,82.6698,33.3685,9.659,4.8795,1.5092,6.4538,6.2176,0.4964,120.249,,
4152.6,193.9221,70.2712,128.4888,2.5433,82.6453,33.7188,7.34,3.72,1.4427,6.6194,6.2879,0.5248,120.8052,,
4152.9,193.8354,70.8351,129.8024,2.5088,80.6086,32.5743,2.0519,1.0759,1.2624,7.9026,6.1791,0.5259,121.0026,,
4153.0,192.609,70.9088,130.1419,2.5227,81.1711,32.358,1.7352,0.9176,1.206,8.4805,6.0841,0.5259,121.2342,,
4153.1,191.3702,71.0069,130.4049,2.5692,81.8675,32.6446,1.6182,0.8591,1.1538,9.0982,5.973,0.502,121.2458,,
4153.2,190.7133,71.1291,130.5979,2.6216,82.0764,33.2622,1.5491,0.8246,1.1071,9.6689,5.8768,0.5192,121.2092,,
4153.3,190.6192,71.2258,130.633,2.6584,81.6825,33.7019,1.4804,0.7902,1.0734,10.0839,5.8161,0.5258,121.0591,,
4154.1,193.2972,71.1779,128.5675,2.6533,83.1611,32.3736,1.6731,0.8866,1.1732,12.5294,4.9415,0.4526,119.6453,,
4154.3,195.2163,71.1522,128.1662,2.6453,82.9712,29.6283,1.4713,0.7856,1.2421,12.9692,4.6148,0.4378,119.4222,,
4154.4,196.6569,71.0956,128.0863,2.6485,82.172,30.2442,1.2973,0.6986,1.2754,12.8722,4.5624,0.4378,119.4445,,
4154.5,198.158,70.966,128.1164,2.6532,81.5396,31.7799,1.1509,0.6255,1.3091,12.6523,4.5604,0.4378,119.446,,
4154.8,201.3247,70.6473,128.4305,2.6604,82.8317,33.5484,0.9655,0.5327,1.4001,11.4633,4.8409,0.4404,120.173,,
4154.9,201.9177,70.6478,128.5302,2.6592,83.8412,33.6376,0.951,0.5255,1.4194,10.9215,5.0169,0.4545,120.465,,
4155.1,203.0961,71.097,128.6028,2.6498,84.5996,34.7208,0.9832,0.5416,1.4366,10.1228,5.2936,0.4128,119.9087,,
4155.2,203.9687,71.1846,128.5727,2.6452,83.6953,34.8679,1.0546,0.5773,1.4304,9.8225,5.3996,0.4128,119.7649,,
4155.6,211.2399,71.1921,128.3219,2.6442,79.2413,34.9407,1.7252,0.9126,1.3623,8.5184,5.7035,0.4129,119.5166,,
4155.7,214.0064,71.1609,128.3587,2.6444,79.6989,35.6359,1.629,0.8645,1.3463,8.3246,5.7262,0.4129,119.5217,,
4155.8,217.2333,71.1138,128.4401,2.6452,79.7756,35.2826,1.3501,0.725,1.3352,8.1949,5.7238,0.4128,119.7085,,
4155.9,220.9129,71.1242,128.5937,2.6463,78.248,33.9304,0.9658,0.5329,1.3531,7.9415,5.681,0.3721,119.863,,
4156.1,229.4341,71.4684,128.9709,2.6477,71.4366,31.3357,0.3528,0.2264,1.4685,6.8374,5.4871,0.372,119.6573,,
4156.3,237.4845,71.6979,129.4468,2.6529,71.911,32.3417,0.1342,0.1171,1.5776,6.5764,5.382,0.3721,119.6306,,
4156.5,242.5261,72.074,129.9269,2.6605,86.229,34.0425,0.1105,0.1098,1.9679,8.4903,5.4278,0.3328,119.3943,,
4156.7,244.9802,72.7971,130.3075,2.6579,101.0456,32.0042,0.8905,0.7448,2.4072,10.122,5.6497,0.3329,118.8772,,
4156.9,246.0937,72.7741,130.3416,2.6526,104.703,27.3423,14.3398,11.1226,2.4535,9.884,6.0287,0.3329,118.459,,
4157.0,246.2532,71.8277,130.192,2.6523,103.8273,25.7697,25.727,20.0476,2.4512,9.6487,6.247,0.3329,120.1787,,
4157.2,245.5468,68.9371,129.3757,2.6475,103.6141,25.5673,33.7295,27.0247,2.4471,9.3298,6.6762,0.2956,122.5861,,
4157.3,244.7143,67.1767,128.7941,2.6409,105.5083,26.0902,27.5251,22.6809,2.424,9.2286,6.9816,0.2957,125.5219,,
4157.6,240.7414,64.1249,127.2809,2.6263,112.8563,21.5619,15.1365,13.8521,2.3272,9.7691,7.8967,0.2956,128.4568,,
4157.8,237.4704,64.0944,127.247,2.6167,113.723,20.006,16.7092,15.5744,2.2985,10.0862,8.121,0.2953,128.4599,,
4158.1,232.8553,66.7329,128.8391,2.5874,113.4242,24.6462,18.3307,17.0495,2.2046,10.2421,8.6627,0.2608,126.2948,0.01,10.0
4158.5,231.0407,71.2166,131.3545,2.5842,115.8343,25.3598,18.8451,17.4242,2.1149,9.7445,9.235,0.1957,121.6042,0.01,10.0
4158.7,232.6393,71.8832,131.9659,2.5797,115.5945,24.2326,18.4929,17.2357,2.1521,10.0742,8.9347,0.1957,121.3619,0.01,10.0
4158.8,233.6089,71.9348,132.1075,2.5773,115.2885,23.9023,18.2418,17.1025,2.2106,10.4395,8.5936,0.1957,121.4098,0.01,10.0
4158.9,234.496,71.9034,132.1882,2.5764,114.815,23.8256,18.0353,17.0068,2.2911,10.8747,8.1573,0.1957,121.416,0.01,10.0
4159.2,236.7661,71.8498,132.1523,2.5791,115.0032,25.5794,17.6778,16.6768,2.4346,12.081,7.1709,0.1664,121.547,0.01,10.0
4159.4,238.5463,71.7543,131.9472,2.5908,113.7172,27.4747,17.4131,16.2164,2.3361,12.7297,7.0861,0.1664,121.5257,0.01,10.0
4159.6,240.2116,71.5057,131.6463,2.6216,111.4765,28.0424,17.168,15.7536,2.1744,13.1889,7.2803,0.1664,121.6469,0.01,10.0
4159.7,240.7739,71.4955,131.4558,2.6344,111.5916,27.3859,17.0986,15.637,2.1007,13.3437,7.4067,0.1633,121.4631,0.01,10.0
4160.0,241.0027,71.3126,130.6937,2.6413,113.9928,26.0451,17.2737,15.8663,1.9334,13.7372,7.7355,0.0653,121.213,0.01,10.0
4160.1,240.6525,71.1461,130.36,2.6449,114.6499,26.3544,17.4641,16.1222,1.9408,13.6679,7.7628,0.0977,121.2134,0.01,10.0
4160.3,239.4134,70.6787,129.6338,2.6529,113.9252,26.0838,17.9012,16.659,2.0003,12.9408,7.8821,0.0648,121.2314,0.01,10.0
4160.5,237.4695,70.1611,129.0275,2.659,110.8284,25.4967,18.2848,17.0432,2.0561,11.2292,8.2486,0.0462,121.5834,0.01,10.0
4160.9,233.4755,70.1517,128.9903,2.694,112.0391,25.8437,18.3444,17.2997,2.0054,9.0771,8.8881,0.0633,121.652,0.01,10.0
4161.0,233.2141,70.3535,129.2173,2.7012,111.6648,25.55,18.1153,17.1801,1.9786,9.0463,8.9608,0.0461,121.4927,0.01,10.0
4161.2,233.8791,70.7252,129.8171,2.7054,110.9385,24.5015,17.3653,16.6245,1.9113,9.4392,9.0351,0.0621,121.3949,0.01,10.0
4161.4,235.3957,70.9102,130.3189,2.6984,112.033,23.1628,16.572,15.7649,1.8518,10.2176,8.9946,0.0652,121.5583,0.01,10.0
4161.6,236.3681,70.8443,130.7292,2.6873,113.8229,24.3917,16.1437,14.9993,1.8081,11.0312,8.9004,0.0654,121.8639,0.01,10.0
4161.9,236.5728,70.1932,131.0869,2.6843,112.954,26.1553,16.1675,14.6856,1.6797,12.0719,8.802,0.0461,122.956,0.01,10.0
4162.1,235.7871,69.785,131.5721,2.689,111.7611,24.0842,16.3601,14.8265,1.5614,13.125,8.6551,0.0585,123.7892,0.01,10.0
4162.2,235.3793,69.756,131.956,2.6885,111.8999,23.4664,16.4863,14.9364,1.5222,13.6162,8.5545,0.1426,124.2071,0.01,10.0
4162.4,234.8428,70.0403,132.7306,2.6803,112.9475,22.6766,16.7048,15.1136,1.5158,14.3906,8.2886,0.1458,124.4,0.01,10.0
4162.5,234.7754,70.1648,133.0049,2.677,113.5711,22.4002,16.7337,15.1262,1.5561,14.6122,8.1321,0.1642,124.4254,0.01,10.0
4163.3,230.7397,70.2152,134.6409,2.6976,114.9331,27.0936,17.7701,16.1211,2.5584,13.8605,6.7095,0.1663,125.5032,0.01,10.0
4163.5,231.0375,71.052,136.4554,2.6915,116.069,25.4421,17.4511,15.8183,2.641,14.3081,6.4655,0.1663,125.457,0.01,10.0
4163.6,231.3737,71.4407,137.6124,2.6841,116.0483,24.6212,17.1287,15.5286,2.6411,14.5499,6.3999,0.1663,125.7638,0.01,10.0
4164.0,232.8458,73.9609,141.5372,2.678,118.6375,24.5738,16.7079,15.166,2.4532,14.9152,6.7691,0.1664,125.2455,0.01,10.0
4164.1,233.9121,75.1241,141.8545,2.6842,119.2921,24.6175,16.6768,15.1354,2.3963,14.9039,6.9954,0.1664,125.1064,0.01,10.0
4164.2,235.3,76.3023,141.8129,2.6906,119.6628,24.4478,16.5234,14.9933,2.3454,14.8982,7.2252,0.1664,123.1942,0.01,10.0
4164.5,238.8112,78.6494,138.3484,2.6863,123.2051,21.8132,16.0665,14.5927,2.2637,15.3383,7.7058,0.1914,117.8663,0.01,10.0
4165.0,231.3449,74.3402,129.2118,2.6958,143.1503,14.0642,20.3414,18.5065,2.909,19.6768,6.3728,0.1749,115.57,0.01,10.0
4165.1,229.2942,72.5951,127.8141,2.6988,144.5533,13.4875,21.3376,19.4016,3.0432,19.4168,6.2587,0.23,117.2014,0.01,10.0
4165.2,227.9086,70.7984,126.7758,2.6981,144.4749,13.5444,21.9415,19.9405,3.1616,19.0757,6.1709,0.1957,119.7174,0.01,10.0
4165.3,227.3615,69.4151,126.0687,2.6958,143.8013,14.2199,22.2025,20.1715,3.2777,18.6856,6.0752,0.2181,120.1211,0.01,10.0
4165.6,229.9256,67.4959,125.4684,2.6888,141.1003,17.3336,22.018,20.008,3.4421,17.7351,5.8965,0.1957,122.7691,0.01,10.0
4165.7,231.23,67.4868,125.5417,2.6872,139.4133,17.7241,21.9176,19.9206,3.3959,17.812,5.834,0.1957,122.8054,0.01,10.0
4165.8,232.4005,67.6419,125.6173,2.6862,137.7875,17.7302,21.8025,19.8177,3.3235,17.9966,5.7914,0.2029,122.5686,0.01,10.0
4166.3,234.9847,68.4952,125.0845,2.6875,138.5204,18.3372,20.5677,18.6999,3.162,17.8716,5.9281,0.1958,121.084,0.01,10.0
4166.4,234.9933,68.4357,124.9087,2.689,138.3416,18.6871,20.3204,18.4863,3.1751,17.72,5.9872,0.2307,120.992,0.01,10.0
4166.7,234.464,68.2518,124.4994,2.6985,139.3224,17.9223,19.8815,18.1609,3.1435,16.9068,6.5138,0.2308,121.2982,0.01,10.0
4166.9,233.5257,68.2799,124.4891,2.6981,140.0049,17.0515,19.8261,18.2593,3.0631,16.4229,6.9655,0.2308,120.9609,0.01,10.0
4167.1,231.8223,68.4016,124.1904,2.7092,137.827,16.7958,19.9861,18.5547,2.9301,15.4969,7.5569,0.241,120.6066,0.01,10.0
4167.4,228.813,68.0487,123.5032,2.7363,133.0897,16.7091,20.8204,19.311,2.7271,14.1818,8.2126,0.2692,120.4449,0.01,10.0
4167.5,228.1591,67.7031,123.3275,2.7332,133.2549,16.5392,21.1292,19.5829,2.7198,14.3211,8.1741,0.2692,120.9461,0.01,10.0
4167.6,227.8004,67.528,123.1801,2.7255,133.8098,16.3851,21.3444,19.778,2.7276,14.5041,8.1108,0.2693,121.0599,0.01,10.0
4167.7,227.6726,67.4861,123.0677,2.7161,134.5466,16.2912,21.4525,19.8768,2.7415,14.6944,8.0536,0.2692,121.0108,0.01,10.0
4167.8,227.7159,67.5206,123.0465,2.7077,135.8644,16.3124,21.4658,19.8856,2.7602,15.0522,8.0072,0.2875,120.9137,0.01,10.0
4167.9,227.9364,67.7006,123.1256,2.702,138.1719,16.5737,21.3815,19.8005,2.7832,15.6844,7.9853,0.3097,120.895,0.01,10.0
4168.0,228.3613,67.9701,123.2898,2.6997,141.0841,17.1046,21.1709,19.5968,2.7996,16.3159,8.0165,0.2723,120.5407,0.01,10.0
4168.4,232.1548,68.8925,124.7148,2.7144,143.4269,18.2548,19.4082,17.9486,2.6781,16.1186,8.528,0.3098,120.305,0.01,10.0
4168.5,233.2982,68.9747,125.0065,2.7145,141.6878,18.2106,18.9227,17.5018,2.5932,15.6431,8.7376,0.3097,120.3,0.01,10.0
4168.8,234.3443,69.0775,125.805,2.7059,138.5504,17.7674,18.4946,17.1242,2.5729,15.4447,8.5391,0.3097,120.914,0.01,10.0
4168.9,233.8521,69.0603,125.7834,2.7035,138.468,17.4421,18.73,17.3444,2.653,15.7718,8.237,0.3097,120.9067,0.01,10.0
4169.2,232.3369,68.9892,125.8155,2.7048,139.8938,17.5877,19.3877,17.9429,3.1327,17.2747,6.8819,0.3094,121.0323,0.01,10.0
4169.3,232.3216,69.0518,125.9337,2.7058,141.1848,17.8451,19.3697,17.9267,3.3271,17.6389,6.4775,0.3093,121.0378,0.01,10.0
4169.5,233.0793,69.6337,125.7294,2.7031,144.2159,17.3746,18.9917,17.5779,3.5823,17.6368,6.2129,0.3092,120.1117,0.01,10.0
4169.6,233.5908,69.7606,125.4996,2.7003,145.4335,16.7681,18.7733,17.3703,3.6214,17.4168,6.2948,0.3092,119.6268,0.01,10.0
4169.7,233.9651,69.7029,125.2173,2.6968,145.9502,16.3301,18.6406,17.2384,3.5989,17.1963,6.4405,0.3089,119.5678,0.01,10.0
4169.9,233.8391,69.0314,124.3364,2.6925,145.2795,16.4302,18.7034,17.2773,3.4348,16.7791,6.8452,0.309,119.65,0.01,10.0
4170.0,233.2612,68.6073,123.7275,2.6958,144.1866,16.7385,18.9015,17.451,3.3181,16.5499,7.0883,0.3089,120.0309,0.01,10.0
4170.4,228.8025,68.071,121.7659,2.7076,135.2224,17.1585,20.5762,18.9636,2.7855,15.3343,7.8834,0.3096,119.2049,0.01,10.0
4170.6,227.498,67.9425,121.4759,2.703,134.2507,16.7978,21.2057,19.5309,2.7255,15.1677,8.0203,0.3095,119.127,0.01,10.0
4170.9,228.0535,68.4436,122.0921,2.7003,139.9296,17.0258,20.8834,19.2114,2.9495,15.8902,7.591,0.3152,118.9989,0.01,10.0
4171.0,228.662,68.5448,122.3035,2.6989,142.4348,17.3672,20.5661,18.9134,3.0393,16.2549,7.4152,0.3323,119.0055,0.01,10.0
4171.1,229.3449,68.5998,122.5076,2.6968,143.5383,17.5336,20.2627,18.63,3.0695,16.2945,7.3947,0.3095,119.0467,0.01,10.0
4171.2,230.0158,68.6152,122.6998,2.694,142.984,17.4713,20.0242,18.4081,3.057,16.1323,7.4629,0.348,119.126,0.01,10.0
4171.3,230.5959,68.3822,122.8675,2.6924,141.4302,17.3426,19.8702,18.2666,3.0247,15.9424,7.5474,0.3092,119.8106,0.01,10.0
4171.5,231.0926,68.3262,122.8148,2.6985,138.9771,17.4437,19.7386,18.1503,2.9409,15.8125,7.6508,0.3093,119.7572,0.01,10.0
4171.8,229.659,68.6203,122.8106,2.7154,141.4373,17.455,19.85,18.2557,2.8519,17.3292,7.1854,0.3515,119.3185,0.01,10.0
4171.9,228.9018,68.6285,122.7555,2.7155,143.3005,17.2134,19.8884,18.2896,2.8754,18.3588,6.7525,0.3516,119.2333,0.01,10.0
4172.0,228.2278,68.5966,122.6128,2.712,144.4996,17.1558,19.8879,18.2873,2.9293,19.3911,6.2676,0.3518,119.2227,0.01,10.0
4172.1,227.7544,68.5381,122.3923,2.7067,144.6895,17.3658,19.8367,18.2385,2.9882,20.0948,5.9144,0.3521,119.1133,0.01,10.0
4172.2,227.4981,68.5372,122.2124,2.7008,143.8067,17.6636,19.7331,18.1435,3.0397,20.6071,5.6685,0.3519,118.8976,0.01,10.0
4172.3,227.4476,68.5542,122.0524,2.6961,142.7756,17.8598,19.6088,18.0327,3.0883,21.0004,5.4752,0.3517,118.8489,0.01,10.0
4172.7,228.4488,68.3344,121.6601,2.6996,146.5424,18.2648,19.5825,18.0187,3.2439,20.9964,5.2377,0.3515,118.8148,0.01,10.0
4172.8,228.7731,68.3017,121.7803,2.6995,146.9372,18.0011,19.6802,18.1013,3.2696,20.835,5.2073,0.3515,119.035,0.01,10.0
4173.0,229.5895,68.0914,122.0474,2.6958,146.7434,17.2844,19.5371,17.9506,3.3606,20.438,4.9991,0.3811,119.486,0.01,10.0
4173.1,230.1824,68.0341,122.1758,2.6947,146.3363,17.372,19.2246,17.6602,3.4354,20.0844,4.8427,0.3941,119.6096,0.01,10.0
4173.2,230.9243,68.1611,122.26,2.6945,145.5555,17.7442,18.7972,17.2732,3.5204,19.6304,4.7032,0.3651,119.7393,0.01,10.0
4173.4,232.6494,68.7471,122.0728,2.6974,143.8386,18.556,18.0493,16.6061,3.6438,18.7856,4.6728,0.3917,118.6575,0.01,10.0
4173.8,231.8677,68.767,121.1666,2.7171,142.1629,18.596,18.5691,17.1016,3.7075,18.2039,5.2141,0.394,117.906,0.01,10.0
4173.9,230.2088,68.767,120.9155,2.721,142.8373,18.3758,18.9345,17.4451,3.6892,18.3248,5.354,0.394,117.5905,0.01,10.0
4174.0,228.2453,68.4971,120.7526,2.7233,143.3896,18.2146,19.2432,17.7378,3.6743,18.454,5.4596,0.3759,117.5198,0.01,10.0
4174.1,226.3055,68.0536,120.6752,2.7249,143.1887,18.2587,19.4751,17.9582,3.6702,18.5583,5.5187,0.394,118.2491,0.01,10.0
4174.4,222.9383,67.3225,121.1029,2.7336,140.2657,19.0058,19.8745,18.3158,3.7628,18.6992,5.3429,0.3942,119.8317,0.01,10.0
4174.7,223.8788,66.8717,121.5499,2.7197,141.5847,18.454,19.8636,18.3066,3.8313,17.627,5.7008,0.3721,120.7464,0.01,10.0
4174.8,224.5153,66.8083,121.9507,2.7109,143.2649,18.6331,19.7716,18.2285,3.8187,17.1622,5.9373,0.4034,121.3831,0.01,10.0
4175.2,226.2574,67.6477,124.7485,2.7032,143.6767,18.684,19.6016,18.0812,3.74,17.2413,5.8945,0.4179,122.0715,0.01,10.0
4175.3,226.6189,67.8869,125.7195,2.709,143.5231,18.7237,19.6624,18.1388,3.7386,17.4486,5.7694,0.4179,122.607,0.01,10.0
4175.5,227.7691,68.6215,127.4654,2.7147,146.0978,19.4716,19.6193,18.1017,3.7812,17.8244,5.4358,0.4279,122.979,0.01,10.0
4175.7,229.9034,69.5817,128.9847,2.7085,148.0977,19.9161,19.0924,17.6071,3.8105,17.6335,5.4236,0.4178,122.6694,0.01,10.0
4175.8,231.2918,70.0327,129.572,2.7019,148.0672,19.9672,18.6617,17.207,3.7867,17.2485,5.5998,0.4179,122.567,0.01,10.0
4175.9,232.7643,70.3765,130.143,2.696,147.9171,19.9679,18.2145,16.7979,3.7562,16.8207,5.7859,0.4178,122.5544,0.01,10.0
4176.0,234.1884,70.629,130.6453,2.6927,147.7667,19.8574,17.8193,16.4427,3.7309,16.4352,5.9286,0.4178,122.6026,0.01,10.0
4176.2,236.6944,70.9834,131.6207,2.6927,145.7673,19.1804,17.2721,15.954,3.716,16.0228,5.8571,0.4637,122.8167,0.01,10.0
4176.4,238.8729,71.3407,132.6158,2.693,142.8396,18.6653,16.7921,15.5103,3.7623,16.3797,5.3126,0.4637,123.0387,0.01,10.0
4176.7,241.8924,72.0854,133.7812,2.6993,139.1443,20.041,15.8744,14.6711,3.9116,17.761,4.201,0.4637,122.9476,0.01,10.0
4177.1,243.9482,72.7054,134.6733,2.6956,142.665,19.9287,14.9767,14.004,3.8141,18.0978,4.4418,0.5096,122.7291,0.01,10.0
4177.3,243.6712,72.7761,134.4475,2.6978,142.5362,19.2885,14.647,13.8635,3.7293,17.6497,4.924,0.5097,122.5357,0.01,10.0
4177.5,242.7135,72.5451,134.054,2.7069,140.6271,18.3626,14.4054,13.8019,3.695,17.0612,5.3316,0.5081,122.448,0.01,10.0
4177.7,241.4389,72.1557,133.6504,2.7186,142.3638,17.9191,14.3586,13.8598,3.7523,16.6861,5.4229,0.5075,122.7792,0.01,10.0
4177.9,240.4824,72.0703,133.2448,2.7202,145.5865,18.3007,14.4147,13.9629,3.8462,16.7426,5.2441,0.5078,122.6278,0.01,10.0
4178.0,240.2558,72.1081,133.1772,2.7171,145.8412,18.436,14.4342,14.0019,3.8573,16.8442,5.1682,0.5536,122.4805,0.01,10.0
4178.3,240.6875,72.0455,132.9467,2.7201,141.3844,18.8041,14.2633,13.8945,3.7472,17.3902,5.0299,0.5538,122.4267,0.01,10.0
4178.4,241.0073,71.9954,132.7981,2.7234,140.1585,19.1458,14.1391,13.7866,3.6693,17.6421,5.042,0.5537,122.423,0.01,10.0
4178.7,241.141,71.9951,132.4877,2.7239,144.2138,19.7762,13.9624,13.648,3.3939,18.0555,5.4799,0.5557,122.2023,0.01,10.0
4178.8,240.8626,71.9726,132.3325,2.7202,145.4132,19.6695,14.018,13.7152,3.3575,18.0727,5.5491,0.5557,122.1135,0.01,10.0
4178.9,240.5498,71.8886,132.2126,2.7149,145.57,19.5493,14.1074,13.8128,3.3708,18.0739,5.5079,0.5962,122.1574,0.01,10.0
4179.0,240.2929,71.7735,132.1549,2.7102,144.629,19.4662,14.1954,13.9048,3.4138,18.1373,5.3958,0.5758,122.1943,0.01,10.0
4179.1,240.1372,71.6454,132.1622,2.7085,143.0733,19.4285,14.261,13.9725,3.4965,18.1994,5.1994,0.5676,122.4088,0.01,10.0
4179.2,240.056,71.5603,132.3379,2.7102,141.4036,19.4334,14.3055,14.0195,3.6102,18.1902,4.9563,0.6022,122.7772,0.01,10.0
4179.6,239.0727,71.815,133.9437,2.7198,137.3796,19.6767,14.5892,14.3291,3.9079,17.0063,4.9449,0.6075,123.4082,0.01,10.0
4179.7,238.689,71.9992,134.4243,2.7246,137.1304,19.796,14.6699,14.4148,3.941,16.6111,5.1635,0.6072,123.5685,0.01,10.0
4179.8,238.4764,72.1575,134.873,2.7308,138.0634,19.9519,14.7159,14.4627,3.9557,16.1019,5.5014,0.6073,123.608,0.01,10.0
4179.9,238.4987,72.276,135.2747,2.7359,140.0299,20.0667,14.699,14.4443,3.9554,15.4123,5.9607,0.6035,123.7384,0.01,10.0
4180.0,238.7667,72.3304,135.5756,2.7374,141.3714,20.0673,14.6226,14.3668,3.9467,14.7914,6.3939,0.6073,123.9474,0.01,10.0
4180.4,240.6367,72.3536,136.1365,2.7208,140.9212,19.7652,14.2495,14.0266,3.9059,14.591,7.1844,0.6157,124.247,0.01,10.0
4180.5,240.8186,72.3288,136.2383,2.7179,143.049,19.9279,14.2123,13.9921,3.8956,15.0258,7.1993,0.6158,124.3652,0.01,10.0
4180.6,240.9126,72.3033,136.3276,2.7173,145.5036,20.1759,14.1711,13.9471,3.8936,15.4206,7.1472,0.6158,124.5135,0.01,10.0
4180.9,241.5856,72.2071,136.4843,2.7193,148.3749,20.229,14.0306,13.7843,3.9591,16.2906,6.6655,0.6202,124.74,0.01,10.0
4181.0,241.9852,72.2299,136.5671,2.72,146.3559,19.8716,14.0291,13.7761,4.0584,16.5002,6.2092,0.6277,124.7561,0.01,10.0
4181.4,242.6166,72.3833,137.2437,2.7088,139.9777,18.4347,14.3465,14.0645,4.3267,17.0882,4.837,0.6685,125.0037,0.01,10.0
4181.5,242.5015,72.4618,137.5367,2.7041,140.4072,18.4999,14.3314,14.0393,4.3192,17.3488,4.7274,0.6529,125.1518,0.01,10.0
4181.6,242.4023,72.584,137.8918,2.7021,141.2505,18.7822,14.2191,13.9219,4.2923,17.7774,4.6053,0.6858,125.1878,0.01,10.0
4181.9,242.6651,72.9237,138.7728,2.6988,143.6776,19.997,13.6024,13.3173,4.0682,19.448,4.3849,0.6638,125.188,0.01,10.0
4182.2,243.6508,72.5498,139.2325,2.7025,139.5004,20.8022,13.1483,12.8759,3.988,19.9663,4.1477,0.693,126.137,0.01,10.0
4182.3,243.9052,72.4403,139.1845,2.7057,139.7006,20.499,13.1342,12.8686,3.9418,19.8889,4.2552,0.7027,126.2528,0.01,10.0
4182.4,243.9625,72.5133,138.833,2.7081,140.8755,19.899,13.2064,12.9459,3.8725,19.6431,4.4939,0.7028,125.7067,0.01,10.0
4182.5,243.7917,72.6119,138.4379,2.7098,142.0595,19.3245,13.3683,13.1091,3.7972,19.3178,4.7869,0.703,125.4183,0.01,10.0
4182.6,243.3921,72.5352,138.265,2.7117,142.5719,19.0159,13.5912,13.3301,3.7188,18.9491,5.1125,0.7029,125.5495,0.01,10.0
4182.9,241.7073,72.2597,137.6999,2.7139,140.2646,19.39,14.2865,14.0082,3.3917,17.9867,6.2748,0.715,125.5354,0.01,10.0
4183.1,241.3974,72.2144,137.8996,2.7056,139.925,19.0633,14.3718,14.0813,3.2512,17.6465,6.7527,0.7076,125.6699,0.01,10.0
4183.2,241.5667,72.2828,138.2387,2.7015,140.331,19.114,14.2667,13.9727,3.2357,17.502,6.8689,0.7224,125.8797,0.01,10.0
4183.3,241.8794,72.4058,138.6406,2.6995,140.6959,19.5303,14.0889,13.7934,3.2341,17.3206,6.9831,0.7224,125.952,0.01,10.0
4184.1,244.1496,73.7072,142.6329,2.7074,142.8845,20.2792,12.3984,12.1435,3.5437,16.9075,6.48,0.7225,126.9411,0.01,10.0
4184.3,243.855,73.8532,142.6003,2.716,141.5543,20.0213,12.3133,12.0705,3.5428,16.9563,6.1418,0.7441,126.8051,0.01,10.0
4184.4,243.6444,73.8516,142.2444,2.717,139.3678,19.4687,12.3525,12.1114,3.4983,16.8453,6.0783,0.7443,126.4776,0.01,10.0
4184.7,243.3788,73.5067,140.4139,2.7088,133.2189,18.4274,12.6872,12.4405,3.3225,16.1514,6.3368,0.7444,125.788,0.01,10.0
4184.8,243.425,73.3288,139.912,2.7097,134.6294,18.4764,12.8679,12.6152,3.2463,16.0427,6.5164,0.7446,125.744,0.01,10.0
4185.0,243.4769,73.1578,139.0992,2.7169,140.0411,18.6816,13.2385,12.9704,3.0873,16.1839,6.9163,0.7445,125.3259,0.01,10.0
4185.1,243.4458,73.1429,138.7669,2.7192,140.8143,18.8159,13.3738,13.1,3.0306,16.0626,7.1189,0.7445,125.2179,0.01,10.0
4185.2,243.4035,73.1823,138.5762,2.7192,140.0149,19.0608,13.4536,13.1779,2.9833,15.8888,7.2958,0.7446,125.0566,0.01,10.0
4185.4,243.4111,73.1373,138.6143,2.7157,137.8737,19.7948,13.3996,13.1286,2.9162,15.7752,7.5251,0.7445,125.1416,0.01,10.0
4185.5,243.491,73.1195,138.618,2.7146,137.4998,19.8771,13.2783,13.0097,2.8995,15.7579,7.5864,0.7446,125.1446,0.01,10.0
4185.9,244.3217,73.542,138.7469,2.7191,140.2416,19.3579,12.7205,12.4701,2.8812,17.8028,7.0159,0.7677,124.985,0.01,10.0
4186.1,244.9159,74.2968,138.5736,2.7191,139.5599,19.9361,12.7237,12.4812,2.9605,19.7431,6.1352,0.7682,123.6676,0.01,10.0
4186.2,245.1026,74.4642,138.3125,2.7148,139.6266,20.0509,12.8441,12.6005,3.0302,20.6874,5.5919,0.7681,123.343,0.01,10.0
4186.6,243.2706,73.5704,137.059,2.6915,139.5455,18.8302,13.6852,13.4245,3.3073,22.1418,4.2294,0.7567,123.5539,0.01,10.0
4186.7,242.5733,73.456,136.7741,2.6897,140.1217,18.7061,13.748,13.4855,3.3823,21.694,4.1739,0.7567,123.5172,0.01,10.0
4186.8,241.619,73.3995,136.6155,2.6905,141.2677,18.805,13.7212,13.4584,3.4434,20.923,4.2827,0.7569,123.456,0.01,10.0
4186.9,240.7307,73.32,136.5609,2.6937,142.1277,18.9759,13.6244,13.3619,3.4853,19.985,4.5132,0.7568,123.5122,0.01,10.0
4187.1,240.4895,73.2315,136.9382,2.7037,141.4725,19.0926,13.344,13.0854,3.55,18.0864,5.0514,0.7569,123.9308,0.01,10.0
4187.2,241.0249,73.2594,137.1065,2.7094,141.012,19.024,13.2055,12.9517,3.5788,17.2538,5.2909,0.7582,124.0128,0.01,10.0
4187.7,243.7064,73.2077,136.2155,2.7084,140.5951,19.3779,12.973,12.7356,3.6153,14.2132,6.2085,0.7855,123.5297,0.01,10.0
4187.9,242.7994,72.9214,135.4711,2.696,137.4186,19.8424,13.3113,13.0758,3.4743,12.8352,6.8432,0.7509,123.3447,0.01,10.0
4188.2,240.268,72.8938,134.9408,2.707,131.121,19.5264,13.9059,13.6551,3.1451,11.4815,7.9709,0.7772,123.0267,0.01,10.0
4188.3,239.4507,72.7363,134.5672,2.7097,131.3774,19.522,14.0639,13.8099,3.0896,11.5393,8.1015,0.7507,123.0277,0.01,10.0
4188.4,238.668,72.5852,134.0733,2.7109,132.825,19.7474,14.2173,13.9617,3.0522,11.8805,8.1325,0.7761,122.8543,0.01,10.0
4188.7,235.8281,71.8053,133.8636,2.7118,138.1577,20.7406,14.901,14.6439,3.0998,14.0081,7.6079,0.7593,123.6674,0.01,10.0
4188.8,234.6146,71.8584,133.734,2.7121,138.5617,20.8813,15.1947,14.934,3.1391,14.6102,7.4014,0.7506,123.3524,0.01,10.0
4189.3,234.8694,71.5594,133.4664,2.6835,140.1602,18.5209,14.6474,14.3626,3.3586,18.764,5.6198,0.7856,123.7627,0.01,10.0
4189.4,237.2299,71.4775,133.0052,2.6792,140.7977,17.9176,14.1924,13.9182,3.3785,19.6295,5.2212,0.7854,123.747,0.01,10.0
4190.3,238.6787,71.8898,132.8666,2.6846,135.3386,18.5942,14.8411,14.581,3.3667,20.8379,4.8026,0.7366,122.9396,0.01,10.0
4190.7,235.9649,71.893,132.8483,2.6862,141.688,18.151,14.7431,14.4834,3.114,19.0542,6.1469,0.7303,122.9367,0.01,10.0
4190.8,235.8581,71.8932,132.8391,2.6905,139.7623,18.1898,14.754,14.494,3.1082,18.919,6.0686,0.7406,122.928,0.01,10.0
4190.9,235.8589,71.8867,132.8315,2.6931,137.8915,18.1942,14.8192,14.5563,3.1139,18.7883,5.9797,0.7679,122.926,0.01,10.0
4191.1,236.1605,71.8684,132.8207,2.6837,136.9232,18.385,15.0772,14.7985,3.1729,18.5914,5.8672,0.7621,122.957,0.01,10.0
4191.2,236.4829,71.8662,132.8111,2.6739,137.6926,18.488,15.1852,14.8991,3.2207,18.5677,5.822,0.7437,122.957,0.01,10.0
4191.4,237.6289,71.8563,132.7885,2.6632,141.0462,18.1277,15.2009,14.9089,3.3445,18.4413,5.8684,0.7439,122.9599,0.01,10.0
4191.5,238.4135,71.8425,132.7793,2.6646,143.028,17.7737,15.1132,14.8186,3.4066,18.1905,6.0188,0.7439,122.962,0.01,10.0
4191.6,239.2957,71.8181,132.7737,2.6673,144.1394,17.5219,14.9954,14.6984,3.4552,17.7483,6.2197,0.744,122.9965,0.01,10.0
4191.7,240.208,71.806,132.7685,2.6697,144.0222,17.4656,14.8816,14.5854,3.4948,17.1507,6.4123,0.744,123.0192,0.01,10.0
4191.9,241.7791,71.8097,132.7597,2.6739,142.3186,17.6421,14.8225,14.5349,3.5678,15.9902,6.5972,0.7441,123.0122,0.01,10.0
4192.1,242.4321,71.792,132.7348,2.6803,141.5512,17.9713,14.9547,14.6603,3.6852,15.0978,6.4504,0.7364,123.0076,0.01,10.0
4192.2,242.3859,71.7164,132.7046,2.683,140.6979,18.2944,15.0102,14.7089,3.7918,14.6903,6.2257,0.7365,123.099,0.01,10.0
4192.3,242.126,71.5846,132.6532,2.6851,139.5547,18.634,15.045,14.7398,3.9255,14.4683,5.8484,0.7228,123.1725,0.01,10.0
4192.4,241.7329,71.4278,132.5717,2.6863,138.4804,18.8329,15.0752,14.7698,4.0302,14.5637,5.4185,0.7377,123.3203,0.01,10.0
4192.5,241.2323,71.2708,132.4384,2.6857,137.4037,18.8235,15.1131,14.8085,4.0815,14.9082,5.0293,0.7222,123.5064,0.01,10.0
4192.7,239.9801,71.0607,132.2032,2.6798,135.5961,18.5763,15.1747,14.8707,4.0712,15.9996,4.4281,0.7222,123.6295,0.01,10.0
4193.0,238.2421,71.0295,131.8155,2.6837,136.5518,18.9387,14.9984,14.7072,3.7485,17.7169,4.2518,0.7222,123.4611,0.01,10.0
4193.1,237.8611,71.1694,131.643,2.6925,136.5278,18.8649,14.9158,14.6292,3.5717,18.0368,4.4663,0.7222,123.0681,0.01,10.0
4193.3,237.2129,71.1403,131.1278,2.7055,133.5694,18.6462,15.0459,14.7629,3.2181,18.0758,5.1089,0.703,122.8072,0.01,10.0
4193.4,236.746,70.9923,130.4743,2.7047,132.332,18.6177,15.3643,15.0782,3.1253,17.9718,5.2836,0.7111,122.4467,0.01,10.0
4193.6,235.3445,70.3963,129.6509,2.6958,131.3392,18.3222,16.2188,15.911,3.1393,17.8815,5.2353,0.7032,122.5884,0.01,10.0
4193.7,234.6429,70.2061,129.1903,2.6937,130.9492,17.984,16.512,16.1866,3.2051,17.8899,5.0949,0.7032,122.5554,0.01,10.0
4193.9,234.0942,70.1859,128.1901,2.6986,130.7528,17.5889,16.5545,16.2024,3.4285,18.2092,4.561,0.7033,122.0083,0.01,10.0
4194.0,234.4048,70.238,127.941,2.7023,132.1128,17.7483,16.3452,15.9917,3.583,18.6622,4.1651,0.703,121.6165,0.01,10.0
4194.1,235.0499,70.3314,128.0817,2.7041,133.8789,18.0939,16.0974,15.7493,3.7206,19.2326,3.7872,0.703,121.4704,0.01,10.0
4194.3,236.93,70.6064,128.8521,2.702,135.7132,19.0476,15.7605,15.4284,3.842,20.209,3.4317,0.7028,121.7428,0.01,10.0
4194.4,237.8671,70.7441,128.7121,2.7004,135.4652,19.4441,15.7283,15.3983,3.834,20.4421,3.4645,0.7029,121.4514,0.01,10.0
4194.6,239.2807,70.8587,128.9668,2.6994,134.7275,19.5778,15.7438,15.4084,3.7766,20.5078,3.7262,0.703,121.6269,0.01,10.0
4195.0,239.8117,70.7416,128.4846,2.6927,137.6246,18.7524,15.5963,15.2688,3.4906,18.813,5.207,0.7027,121.3498,0.01,10.0
4195.1,239.4776,70.7507,128.3515,2.6946,138.3754,19.0646,15.6566,15.333,3.432,18.2349,5.5732,0.7028,121.3141,0.01,10.0
4195.7,235.929,70.6184,129.111,2.6952,137.1852,18.6478,16.1426,15.7851,3.5127,19.6064,4.7722,0.7029,122.0629,0.01,10.0
4195.8,235.5032,70.6965,129.3699,2.6946,136.814,18.7858,16.107,15.7484,3.585,20.4444,4.2794,0.7029,122.214,0.01,10.0
4196.1,235.2515,70.9422,129.7804,2.6987,138.0993,18.556,16.0984,15.7444,3.7112,21.6488,3.6128,0.7028,122.0838,0.01,10.0
4196.2,235.7327,70.9132,129.8693,2.7024,138.9245,18.2779,16.0337,15.6746,3.7106,21.5341,3.6943,0.7028,122.199,0.01,10.0
4196.3,236.5095,70.8416,129.8137,2.7054,140.1299,18.1399,15.8909,15.5244,3.6939,21.0967,3.9331,0.7028,122.3068,0.01,10.0
4196.4,237.5221,70.7824,129.6326,2.7057,141.085,18.1601,15.6889,15.317,3.6652,20.3846,4.2983,0.7029,122.317,0.01,10.0
4196.5,238.5987,70.7669,129.4395,2.7032,140.9373,18.2007,15.4636,15.0925,3.6339,19.4714,4.7339,0.7014,122.1869,0.01,10.0
4196.6,239.529,70.7676,129.3535,2.6992,139.4931,18.1546,15.2805,14.9171,3.6112,18.4482,5.1856,0.686,122.0724,0.01,10.0
4196.9,239.5017,70.7817,129.4455,2.6921,137.9315,18.2988,15.457,15.1132,3.6595,17.2594,5.6514,0.6767,122.1421,0.01,10.0
4197.2,236.2374,70.7899,130.0388,2.6814,141.9634,18.6864,16.1772,15.8108,3.7079,18.8511,5.2572,0.686,122.5825,0.01,10.0
4197.3,235.4941,70.8245,130.2103,2.6786,142.0715,18.3435,16.2251,15.8482,3.6959,19.1961,5.244,0.6859,122.6432,0.01,10.0
4197.9,240.2083,70.581,130.0502,2.6968,139.9314,17.3275,15.0783,14.7123,3.4395,17.5797,6.2526,0.6792,122.8985,0.01,10.0
4198.0,240.9911,70.4264,130.1315,2.702,137.8035,17.3866,15.1178,14.751,3.4201,16.5155,6.5285,0.6718,123.0957,0.01,10.0
4198.1,241.4653,70.4544,130.1755,2.7059,135.9044,17.514,15.2257,14.8543,3.4217,15.5573,6.7412,0.6845,123.0697,0.01,10.0
4198.3,241.7319,70.8497,130.1705,2.7071,135.0869,17.187,15.4998,15.1189,3.475,14.3079,6.9604,0.6717,122.6581,0.01,10.0
4198.6,240.2568,70.8034,130.5761,2.702,137.3741,14.4065,16.1475,15.7633,3.6026,13.4312,7.021,0.6715,122.9479,0.01,10.0
4198.7,239.0056,70.6619,130.4716,2.7001,137.0813,14.1414,16.5456,16.1605,3.6434,13.3917,6.9655,0.6715,123.1816,0.01,10.0
4199.1,233.0692,70.6529,130.2435,2.705,131.938,17.0488,17.8688,17.4373,3.6138,12.8942,7.6021,0.6717,122.9501,0.01,10.0
4199.2,232.4047,70.6358,130.2425,2.7083,131.9786,17.1451,17.8015,17.3601,3.5904,12.7374,7.9365,0.6718,122.9824,0.01,10.0
4199.5,233.2364,70.618,130.2365,2.7115,133.2669,17.3703,17.0863,16.6488,3.5165,12.3017,9.0073,0.6718,123.008,0.01,10.0
4199.6,234.0496,70.6251,130.241,2.7065,134.0184,17.5334,16.842,16.4103,3.5313,12.2889,9.2193,0.6718,123.015,0.01,10.0
4199.8,236.0066,71.0384,130.242,2.69,136.6178,17.5163,16.3918,15.9725,3.6213,12.4427,9.183,0.6652,122.3911,0.01,10.0
4199.9,237.0668,71.3421,130.2325,2.6848,137.3873,17.5962,16.172,15.759,3.6573,12.518,8.959,0.664,121.8055,0.01,10.0
4200.1,238.9929,71.152,130.2285,2.686,137.5324,18.0054,15.8475,15.4417,3.6639,12.9712,8.3117,0.6608,122.307,0.01,10.0
4200.2,239.6571,71.152,130.2529,2.6907,137.5084,18.0735,15.8084,15.4036,3.6344,13.3998,8.0616,0.6608,122.312,0.01,10.0
4200.6,239.6672,71.152,130.7681,2.713,138.2935,18.4117,16.1593,15.7343,3.3946,17.1304,7.0496,0.6608,122.6775,0.01,10.0
4200.7,239.4729,71.152,130.9142,2.711,138.7981,18.2631,16.1058,15.6719,3.3255,18.4526,6.7727,0.6609,122.846,0.01,10.0
4200.8,239.328,71.152,131.0391,2.7063,139.0708,17.897,15.9516,15.5122,3.2759,19.5554,6.5022,0.6608,122.922,0.01,10.0
4200.9,239.2133,71.152,131.1546,2.7032,139.0157,17.5221,15.7413,15.302,3.2477,20.3229,6.2823,0.6607,122.9815,0.01,10.0
4201.0,239.0766,71.2104,131.2316,2.7036,138.7165,17.3652,15.5377,15.1042,3.2454,20.6992,6.0851,0.654,122.9478,0.01,10.0
4201.2,238.6042,71.4511,131.2375,2.7094,137.1448,17.6453,15.4041,14.9844,3.2629,20.4573,5.7208,0.6191,122.7133,0.01,10.0
4201.9,239.8873,71.9867,131.2723,2.6975,136.1819,18.3967,15.5415,15.1024,3.1662,18.9046,5.924,0.6506,122.134,0.01,10.0
4202.2,240.7749,72.6009,131.3421,2.7,135.4954,18.8763,15.5843,15.1511,3.305,19.1635,5.4662,0.6067,121.214,0.01,10.0
4202.3,240.8558,72.627,131.3591,2.7051,135.5708,18.8667,15.7175,15.2742,3.3394,19.0265,5.4291,0.6067,121.2231,0.01,10.0
4202.8,243.0794,73.0744,131.8064,2.7054,136.2969,18.5484,15.4084,14.9531,3.1326,17.3547,6.4596,0.6055,121.033,0.01,10.0
4202.9,243.5325,73.2578,132.0447,2.7063,135.87,18.4739,15.3054,14.855,3.0699,17.1191,6.6988,0.6019,120.9429,0.01,10.0
4203.1,244.1063,73.364,132.4755,2.7056,136.3967,18.4906,15.2617,14.8178,3.0997,16.8562,6.8143,0.6031,121.0868,0.01,10.0
4203.3,244.7882,73.5831,132.7762,2.7036,140.4995,18.2744,15.2273,14.7795,3.376,16.4599,6.4311,0.6016,120.9807,0.01,10.0
4203.4,245.3732,74.0515,132.8609,2.7054,142.0772,18.1473,15.1124,14.665,3.4844,16.2005,6.2848,0.6015,120.6495,0.01,10.0
4203.5,246.1315,74.68,132.908,2.7075,142.8561,18.048,14.9351,14.4925,3.5552,15.9459,6.1932,0.6016,119.9875,0.01,10.0
4203.6,246.9233,75.1002,132.8775,2.7077,142.5643,18.0119,14.7369,14.3034,3.6085,15.6177,6.1433,0.5556,119.0649,0.01,10.0
4203.9,248.2072,75.403,132.492,2.7067,137.1337,17.9845,14.5513,14.1463,3.672,14.4995,6.0526,0.5649,118.3945,0.01,10.0
4204.1,247.6937,75.403,132.2485,2.719,134.8354,17.5045,14.9909,14.5743,3.6103,14.876,5.9604,0.5936,118.2593,0.01,10.0
4204.3,246.8592,75.403,132.0471,2.7244,135.8345,16.7296,15.4008,14.9465,3.5209,15.3561,6.035,0.5554,118.0893,0.01,10.0
4204.4,246.6675,75.403,131.9364,2.7209,137.0879,16.4833,15.4104,14.9429,3.453,15.5574,6.18,0.5555,118.0317,0.01,10.0
4204.5,246.6674,75.403,131.8285,2.7166,138.1925,16.5272,15.284,14.8141,3.3831,15.7701,6.3477,0.5537,117.9063,0.01,10.0
4204.8,246.4006,74.5029,131.5047,2.7185,136.7858,18.4987,14.9189,14.4781,3.2548,15.9307,6.8375,0.5536,118.731,0.01,10.0
4205.0,244.8552,74.124,131.2099,2.7177,137.1946,19.9424,15.2901,14.8358,3.1797,15.5906,7.2704,0.5537,119.2395,0.01,10.0
4205.2,242.8035,74.297,131.0661,2.7114,137.8789,19.4822,15.7545,15.2599,3.1325,15.4063,7.5904,0.5537,118.8709,0.01,10.0
4205.4,241.8291,74.2122,131.1823,2.7122,137.263,18.5864,15.805,15.2837,3.0703,15.2851,7.8778,0.5537,118.9044,0.01,10.0
4205.5,241.9583,74.0558,131.3223,2.7131,137.4578,18.6537,15.6679,15.1489,3.0403,15.3158,7.97,0.5537,119.2236,0.01,10.0
4205.6,242.3735,74.0996,131.3388,2.7115,137.2766,18.892,15.4883,14.9807,3.0102,15.4389,8.0105,0.5537,119.3493,0.01,10.0
4205.8,243.4923,74.297,130.6166,2.7022,135.5441,18.926,15.2025,14.7225,2.9729,15.6832,7.9646,0.5536,118.7366,0.01,10.0
4206.1,244.1211,74.0412,129.0311,2.6954,136.248,18.4384,15.1478,14.6801,3.0777,16.096,7.4635,0.5076,117.7278,0.01,10.0
4206.2,243.8325,73.928,128.4334,2.6962,135.4835,18.5172,15.2417,14.775,3.1188,16.1053,7.3449,0.5087,117.3061,0.01,10.0
4206.5,241.0148,73.3909,127.3763,2.7072,138.1398,18.4737,16.185,15.7065,3.2893,15.8761,7.1532,0.5096,117.3995,0.01,10.0
4206.6,239.5819,72.6115,127.4546,2.7088,140.5362,18.0206,16.6406,16.1502,3.3311,15.7399,7.1396,0.5096,118.6286,0.01,10.0
4206.8,236.7904,72.085,127.4738,2.6981,141.9351,16.9666,17.4315,16.9078,3.3208,15.6356,7.1544,0.5097,119.1431,0.01,10.0
4206.9,235.6702,71.9137,127.4583,2.6913,140.7038,16.8734,17.7271,17.1898,3.2802,15.6361,7.1689,0.5096,119.13,0.01,10.0
4207.1,234.1008,70.979,127.4524,2.6928,136.2289,17.6679,18.1759,17.6305,3.1643,15.4731,7.1582,0.5004,120.6665,0.01,10.0
4207.3,232.9458,70.979,127.6554,2.7052,134.2944,18.0969,18.5215,17.9678,3.1257,14.9178,7.1058,0.4636,120.7819,0.01,10.0
4207.4,232.4726,70.677,127.8522,2.7077,135.0044,18.0351,18.6394,18.0741,3.1419,14.5487,7.1044,0.4637,121.6604,0.01,10.0
4207.7,232.0491,70.1524,129.0636,2.7006,134.3471,18.4145,18.4403,17.8595,3.1737,13.3687,7.4403,0.4638,123.1953,0.01,10.0
4207.9,232.781,70.1556,130.1349,2.7001,133.5884,18.5527,17.9764,17.4157,3.2055,12.9052,7.6953,0.4638,123.8019,0.01,10.0
4208.2,234.3597,70.6477,131.3179,2.7033,136.4996,17.7366,17.3273,16.7836,3.3172,13.8748,7.4849,0.4639,123.9793,0.01,10.0
4208.3,235.0252,70.6822,131.6024,2.7036,136.9662,17.6988,17.0228,16.4865,3.3401,14.5136,7.3077,0.4638,124.1975,0.01,10.0
4208.5,236.6132,70.763,131.7014,2.6998,137.1494,18.4885,16.3483,15.8407,3.3385,15.8128,6.9254,0.4639,124.1471,0.01,10.0
4209.0,237.178,70.8263,131.7642,2.717,137.3657,17.6524,15.7961,15.3421,3.2467,17.8363,6.3759,0.4207,124.0793,0.01,10.0
4209.4,233.3651,70.9171,131.8213,2.6826,137.6138,17.9412,16.156,15.6678,3.4494,16.3156,6.2386,0.438,124.0392,0.01,10.0
4209.5,232.7605,70.9854,131.6832,2.6806,135.7586,18.1824,16.1171,15.6208,3.4701,15.8124,6.2443,0.438,123.819,0.01,10.0
4209.7,232.3824,70.8927,131.3669,2.6808,133.8782,18.1507,15.9049,15.4095,3.4409,15.3321,6.2552,0.438,123.7651,0.01,10.0
4209.8,232.4721,70.7825,131.1466,2.6814,133.457,17.9905,15.7872,15.2999,3.3928,15.3511,6.2471,0.438,123.749,0.01,10.0
4209.9,232.6365,70.6412,130.8932,2.6833,133.0585,17.7585,15.7109,15.2322,3.3394,15.4571,6.2195,0.4379,123.7618,0.01,10.0
4210.0,232.7691,70.5226,130.6,2.6869,132.7986,17.5327,15.7341,15.2583,3.3112,15.6056,6.16,0.4267,123.6929,0.01,10.0
4210.2,232.8043,70.426,130.0269,2.6953,132.4329,17.2137,16.1038,15.6096,3.3378,16.0024,5.9105,0.3943,123.4837,0.01,10.0
4210.3,232.7845,70.3929,129.8088,2.6988,132.2237,17.1764,16.3872,15.8769,3.3732,16.2611,5.7508,0.3944,123.3103,0.01,10.0
4210.5,233.0665,70.3205,129.4784,2.7019,133.4442,17.4069,16.8635,16.328,3.4729,16.9086,5.3776,0.3944,123.2018,0.01,10.0
4210.6,233.4704,70.2913,129.3198,2.7014,134.8602,17.6589,16.9895,16.4457,3.5195,17.1304,5.2305,0.3944,123.0864,0.01,10.0
4211.1,235.7482,70.0954,128.8327,2.6935,132.6394,18.4766,16.9452,16.3933,3.2963,16.057,5.9777,0.3659,123.0082,0.01,10.0
4211.2,235.5819,69.9807,128.7592,2.695,130.5904,17.9953,16.9558,16.4007,3.2326,15.3824,6.3217,0.3516,123.1374,0.01,10.0
4211.3,235.2027,69.9091,128.6986,2.6987,129.2107,17.6026,16.9572,16.3989,3.2243,14.9597,6.4861,0.3516,123.162,0.01,10.0
4211.4,234.6993,69.8702,128.7311,2.7028,128.9025,17.4194,16.9378,16.3797,3.2429,14.6936,6.5536,0.3516,123.2607,0.01,10.0
4211.8,233.2751,69.8994,129.5237,2.6965,132.5385,18.1227,16.9996,16.4409,3.4737,14.8263,6.11,0.3515,123.812,0.01,10.0
4211.9,233.097,69.8981,129.7753,2.6916,131.9227,18.1813,17.0727,16.5084,3.4854,15.3591,5.8699,0.3097,123.9185,0.01,10.0
4212.1,232.9708,70.0318,130.2401,2.6883,130.4432,17.9099,17.1399,16.5663,3.4786,16.4839,5.4318,0.3097,124.2023,0.01,10.0
4212.2,232.985,70.1321,130.3775,2.6917,129.8824,17.6285,17.109,16.5303,3.4702,16.9822,5.263,0.3097,124.1806,0.01,10.0
4212.7,233.3205,70.3001,130.2221,2.7076,133.5746,16.872,16.8072,16.2333,3.3992,16.9648,5.4708,0.2874,123.8062,0.01,10.0
4213.1,234.1114,70.0775,130.0981,2.7147,132.7914,18.1238,16.9854,16.4076,2.9221,15.6759,6.9021,0.2593,124.0007,0.01,10.0
4213.2,234.5675,70.068,130.2054,2.7121,132.7068,18.4058,16.9659,16.3796,2.7999,15.731,7.1471,0.2308,124.146,0.01,10.0
4213.3,235.1794,70.0842,130.3177,2.7062,132.3381,18.5172,16.9137,16.3235,2.6907,15.8716,7.3544,0.2479,124.1962,0.01,10.0
4213.8,238.5978,70.4874,131.6145,2.7084,134.3342,16.9466,16.5891,16.0122,2.6846,15.0499,7.8862,0.2643,124.6185,0.01,10.0
4214.3,238.2063,70.875,132.6263,2.685,131.0898,16.8768,15.7163,15.1661,2.9941,11.4605,8.3538,0.1664,124.8235,0.01,10.0
4214.4,237.6097,70.9034,132.7306,2.6837,131.9424,16.9993,15.5674,15.0237,3.0631,11.464,8.199,0.1958,124.837,0.01,10.0
4214.5,236.8455,70.9064,132.8409,2.6823,132.9606,17.0042,15.505,14.9658,3.1347,11.9768,7.8825,0.1663,124.8875,0.01,10.0
4214.8,234.3829,70.9315,132.7724,2.6777,137.1008,17.1085,15.5886,15.0441,3.2172,14.7887,6.7709,0.1612,124.929,0.01,10.0
4215.0,233.8547,70.9313,132.493,2.6797,136.2757,17.5328,15.5797,15.0241,3.0431,16.2938,6.542,0.1484,124.6691,0.01,10.0
4215.1,234.0955,70.9051,132.374,2.6815,134.2457,17.7728,15.5412,14.9816,2.8701,16.9391,6.57,0.1458,124.6552,0.01,10.0
4215.2,234.5689,70.8645,132.2309,2.6837,132.1516,17.9086,15.5132,14.9492,2.7049,17.4524,6.6202,0.1458,124.5913,0.01,10.0
4215.5,236.3997,70.8098,131.9253,2.687,126.6798,17.7693,15.6255,15.0477,2.4735,17.4138,6.8694,0.0461,124.4508,0.01,10.0
4215.6,236.918,70.8543,131.9494,2.6841,126.4614,17.6952,15.6651,15.0859,2.4847,17.0205,6.9599,0.0461,124.4051,0.01,10.0
4215.8,237.9267,70.989,132.0719,2.6866,131.2349,17.9771,15.5463,14.9702,2.7701,15.6341,7.0979,0.0533,124.3262,0.01,10.0
4216.1,239.4748,71.1484,132.1072,2.7099,134.8049,19.2699,15.1092,14.5571,3.0557,14.8853,6.9474,0.0593,124.1477,0.01,10.0
4216.3,239.4165,71.1757,132.0204,2.7029,130.9766,19.3632,15.0489,14.505,3.1285,15.0621,6.7396,0.0461,124.0826,0.01,10.0
4216.5,237.8668,71.2056,131.9067,2.6987,130.078,18.6421,15.2271,14.6748,3.0727,15.3556,6.7602,0.0461,124.026,0.01,10.0
4216.6,236.6285,71.3523,131.728,2.6996,132.2756,18.3465,15.3764,14.8196,2.9864,15.3771,6.9877,0.1266,123.7877,0.01,10.0
4216.9,232.5107,71.1113,130.9216,2.6979,134.1414,18.6188,16.1016,15.5243,2.8627,15.1206,7.3087,0.1459,123.3764,0.01,10.0
4217.0,231.3431,70.8375,130.5199,2.7006,131.5735,18.9192,16.4259,15.8358,2.9219,15.0984,7.0424,0.1484,123.4995,0.01,10.0
4217.1,230.3565,70.4246,130.0713,2.7087,129.6203,19.2267,16.7663,16.1617,2.9984,15.1646,6.7274,0.1664,123.806,0.01,10.0
4217.3,229.1315,69.9795,129.1909,2.7221,130.3861,19.4143,17.3642,16.7279,3.1609,15.4874,6.1741,0.1687,123.6299,0.01,10.0
4217.7,230.4909,69.592,128.1743,2.6905,131.9501,18.4,17.6334,16.9681,3.5147,15.8319,5.3964,0.2308,123.4135,0.01,10.0
4217.8,231.3231,69.5389,128.084,2.6874,131.4786,18.2258,17.5624,16.8966,3.5747,15.7373,5.3607,0.2307,123.4436,0.01,10.0
4217.9,232.0576,69.5131,128.0195,2.6849,131.8265,18.2488,17.4736,16.8068,3.6081,15.6155,5.3724,0.2307,123.426,0.01,10.0
4218.0,232.5695,69.4929,127.9685,2.6827,133.2268,18.4456,17.3808,16.7153,3.6075,15.3494,5.4916,0.2381,123.4266,0.01,10.0
4218.1,232.7791,69.537,128.0038,2.6827,134.7206,18.6781,17.292,16.6321,3.5756,14.9993,5.697,0.2442,123.3989,0.01,10.0
4218.3,232.198,69.7215,128.1412,2.6936,134.5854,18.5779,17.1331,16.4906,3.3756,14.287,6.3361,0.261,123.3008,0.01,10.0
4218.6,230.5233,69.9427,128.0893,2.6965,129.5107,17.4463,17.0675,16.4361,2.9297,13.3009,7.4623,0.3262,122.955,0.01,10.0
4219.1,229.0898,69.5016,128.02,2.6989,127.0146,18.3441,17.9151,17.2475,2.6422,11.6909,8.5865,0.3604,123.4719,0.01,10.0
4219.2,228.4971,69.4776,128.2053,2.6993,127.5852,18.33,18.1841,17.5056,2.6775,11.808,8.4521,0.3604,123.5708,0.01,10.0
4219.4,226.8161,69.64,128.6494,2.6965,130.4581,18.0414,18.7458,18.0459,2.867,12.9013,7.5982,0.3605,123.67,0.01,10.0
4219.6,225.5079,69.5756,129.2797,2.697,131.2399,17.294,19.0065,18.2862,3.0462,14.122,6.7293,0.397,124.3214,0.01,10.0
4219.8,225.8801,69.5504,129.2217,2.6961,129.8156,17.2099,18.5368,17.8213,3.191,15.2998,5.96,0.4303,124.3311,0.01,10.0
4220.1,228.7177,69.7704,129.44,2.7013,128.5966,18.1057,17.1677,16.524,3.3259,16.7241,5.1991,0.4354,124.3374,0.01,10.0
4220.3,229.7595,69.9792,129.4245,2.7111,132.6717,17.9689,16.7819,16.1792,3.3396,17.3003,5.0382,0.4465,123.9148,0.01,10.0
4220.6,228.5895,69.659,129.3825,2.7039,134.0264,17.5998,17.2812,16.6559,3.4134,17.3253,4.9385,0.4676,124.4908,0.01,10.0
4220.8,227.3209,69.5877,129.028,2.697,131.9674,17.4961,17.6349,16.9922,3.484,17.3973,4.8229,0.4968,124.186,0.01,10.0
4221.3,226.9887,69.0402,127.3131,2.6955,133.1596,18.0832,17.7466,17.1336,3.0915,19.3065,5.209,0.497,123.6437,0.01,10.0
4221.5,226.6802,68.6633,126.5579,2.696,132.7616,17.4463,18.0404,17.4183,2.9863,19.7137,5.2884,0.5401,123.6799,0.01,10.0
4221.9,225.8639,68.5777,126.0241,2.7211,134.3967,17.5232,18.6208,17.9647,3.015,18.2713,5.5739,0.54,123.3421,0.01,10.0
4222.0,226.1517,68.5618,126.0009,2.7232,134.6682,17.605,18.5299,17.8713,3.0865,17.6139,5.6217,0.5722,123.3337,0.01,10.0
4222.1,226.7052,68.5796,126.09,2.7221,133.6723,17.7556,18.3324,17.677,3.1616,16.9908,5.6749,0.5708,123.3668,0.01,10.0
4222.2,227.4172,68.634,126.2256,2.7195,131.7126,17.939,18.0402,17.3925,3.2363,16.4087,5.7403,0.5707,123.4271,0.01,10.0
4222.8,232.2939,69.4336,127.2726,2.7199,133.4352,18.2423,15.6511,15.0843,3.3672,15.1771,6.1041,0.6233,123.1235,0.01,10.0
4223.0,233.5407,69.4324,127.2128,2.7257,132.5733,17.7589,14.9368,14.3873,3.1636,15.9202,6.2167,0.6478,123.0734,0.01,10.0
4223.2,234.1264,69.3219,127.075,2.7152,129.7197,17.7704,14.094,13.5746,2.865,17.3206,6.1792,0.6478,123.1707,0.01,10.0
4223.4,234.0727,69.2704,126.8162,2.6927,127.8671,17.9691,13.5993,13.113,2.686,18.5315,5.9489,0.6513,123.0232,0.01,10.0
4223.5,233.9482,69.2815,126.8137,2.6881,128.1369,17.9313,13.6227,13.1451,2.6941,18.6355,5.8339,0.6923,123.01,0.01,10.0
4223.7,233.5043,69.3209,126.8017,2.6923,129.1027,18.0691,14.2403,13.7589,2.7972,18.0115,5.7464,0.6924,122.9485,0.01,10.0
4224.2,228.1665,69.3266,126.7657,2.7102,129.7789,16.8894,17.748,17.1184,3.0296,15.4283,6.0746,0.7704,122.9404,0.01,10.0
4224.3,226.7226,69.3398,126.7567,2.7106,129.6099,16.6574,18.478,17.8147,3.0632,15.3483,6.0419,0.7479,122.9116,0.01,10.0
4224.4,225.4556,69.3475,126.7479,2.7095,129.3734,16.7241,19.1626,18.4665,3.0891,15.7,5.8732,0.7443,122.9083,0.01,10.0
4224.5,224.4747,69.3386,126.7405,2.7085,129.5175,16.9671,19.7257,19.0019,3.1144,16.4131,5.5663,0.7482,122.8998,0.01,10.0
4224.7,223.6392,69.2854,126.728,2.7086,130.6877,17.1685,20.3467,19.5914,3.1581,18.2926,4.7658,0.7437,122.9594,0.01,10.0
4224.9,223.7746,69.2595,126.7082,2.7103,129.9787,16.8882,20.4431,19.6866,3.2007,19.4803,4.2105,0.806,123.005,0.01,10.0
4225.2,224.2441,69.2228,126.6818,2.7258,129.8943,17.2436,20.0494,19.3036,3.1971,19.5193,4.1896,0.8179,123.049,0.01,10.0
4225.3,224.2068,69.199,126.6701,2.7305,130.3268,17.4302,19.7988,19.055,3.1541,19.0878,4.4461,0.8321,123.0619,0.01,10.0
4225.6,224.4055,68.9359,126.3677,2.7205,129.6012,17.8267,18.7967,18.0951,2.9475,17.4301,5.5644,0.8484,123.0151,0.01,10.0
4225.7,224.9026,68.7327,126.3705,2.7137,129.7633,17.9512,18.5152,17.8285,2.8939,17.0528,5.8326,0.8487,123.5034,0.01,10.0
4226.0,227.5658,68.8363,126.3778,2.6974,127.2283,17.8114,18.0961,17.4292,2.8899,16.3527,6.0921,0.8672,123.3361,0.01,10.0
4226.2,229.7396,69.2427,126.5258,2.6964,127.882,17.7764,17.7954,17.1376,3.0867,16.0472,5.8658,0.8672,122.8739,0.01,10.0
4226.5,231.8175,69.2166,126.6667,2.7043,134.1169,17.7492,16.8443,16.2146,3.5713,16.9467,4.8731,0.8472,123.066,0.01,10.0
4226.6,232.0122,69.1922,126.6669,2.7059,134.2066,17.6645,16.5603,15.9459,3.6137,17.7248,4.5749,0.8473,123.1186,0.01,10.0
4226.8,231.857,69.1279,126.6508,2.7096,133.688,17.5175,16.2949,15.6956,3.6267,19.3643,4.0456,0.8995,123.1875,0.01,10.0
4227.3,231.9205,69.1439,126.5967,2.6811,133.5739,18.4517,16.1927,15.5852,3.4909,20.8154,3.6108,0.8959,123.19,0.01,10.0
4227.7,228.5632,69.1472,126.7746,2.6876,130.6655,16.7916,17.2711,16.6248,3.3702,18.8627,4.2875,0.8863,123.2789,0.01,10.0
4228.0,225.901,69.3573,127.2689,2.6911,132.9759,17.3937,17.7354,17.0444,3.2859,18.162,4.8256,0.884,123.3876,0.01,10.0
4228.2,226.2085,69.667,127.677,2.686,137.8045,17.0172,17.3075,16.6188,3.203,17.5368,5.5271,0.8847,123.3189,0.01,10.0
4228.3,226.7593,69.8157,127.8257,2.6856,138.1851,16.7622,17.0112,16.3367,3.1313,17.2693,5.862,0.9002,123.1908,0.01,10.0
4228.4,227.3467,69.917,127.8423,2.6879,136.3389,16.8674,16.7681,16.1119,2.9947,16.9445,6.2718,0.9047,123.039,0.01,10.0
4228.6,228.0563,69.9644,127.7238,2.6959,131.4007,18.0503,16.617,15.9865,2.6493,16.2049,7.1795,0.8814,122.9025,0.01,10.0
4228.7,228.0811,69.7563,127.5388,2.6991,131.4404,18.6786,16.6903,16.0613,2.5907,16.1245,7.2926,0.8814,122.9937,0.01,10.0
4228.8,227.8561,69.3549,127.4216,2.7018,132.8436,19.0481,16.8275,16.1948,2.6067,16.1889,7.1975,0.8515,123.2117,0.01,10.0
4228.9,227.4511,68.9689,127.3371,2.705,133.9496,19.1864,17.0218,16.3824,2.6545,16.034,7.1041,0.8862,123.9982,0.01,10.0
4229.0,226.9371,68.9288,127.2554,2.7093,133.8076,19.1634,17.2396,16.5919,2.7185,15.6294,7.0567,0.8862,124.0113,0.01,10.0
4229.1,226.4656,68.9682,127.2293,2.714,132.8082,19.0007,17.4328,16.7753,2.8138,15.1137,6.9907,0.8861,123.9816,0.01,10.0
4229.5,226.6793,69.7548,127.6645,2.7238,132.8717,17.913,17.1896,16.5281,3.2635,12.8795,6.7482,0.8642,123.1667,0.01,10.0
4229.9,226.2323,69.7888,127.3182,2.7098,131.9909,17.7463,17.1636,16.518,3.6458,12.4056,6.213,0.847,122.862,0.01,10.0
4230.1,225.7691,69.5144,126.8356,2.7095,134.0249,16.9306,17.5836,16.9128,3.7005,13.9166,5.6081,0.8252,122.8952,0.01,10.0
4230.2,225.7622,69.3598,126.611,2.708,134.5408,16.6959,17.7371,17.0526,3.6621,14.6788,5.4047,0.8252,122.9141,0.01,10.0
4230.3,225.8808,69.2234,126.4259,2.7063,133.7602,16.6544,17.8288,17.1349,3.5641,15.4933,5.2718,0.8123,122.9872,0.01,10.0
4230.4,226.0325,69.132,126.3173,2.7048,131.7688,16.8347,17.8794,17.1801,3.3833,16.5983,5.1617,0.8057,123.053,0.01,10.0
4230.6,226.2496,69.1577,126.4109,2.7036,128.3956,17.4454,17.9202,17.2148,3.0347,18.5453,5.0235,0.8056,123.0833,0.01,10.0
4230.8,226.8939,69.1044,126.6315,2.7083,130.2008,17.6301,17.8317,17.1286,2.9373,18.8088,5.1488,0.798,123.1785,0.01,10.0
4231.0,228.0712,68.7739,126.6341,2.711,133.0561,17.5472,17.7428,17.0603,2.9283,18.6347,5.3614,0.7948,123.7881,0.01,10.0
4231.1,228.4106,68.5456,126.6699,2.71,133.6726,17.4762,17.8331,17.1592,2.9362,18.6559,5.3968,0.7732,123.9061,0.01,10.0
4231.2,228.3041,68.3422,126.7116,2.7088,133.8459,17.3605,18.0618,17.3868,2.932,18.7553,5.4164,0.7732,124.4449,0.01,10.0
4231.3,227.5858,68.2184,126.7541,2.7091,133.3285,17.2852,18.4098,17.7222,2.9086,18.9211,5.4332,0.7732,124.6861,0.01,10.0
4231.7,222.7287,68.6312,128.2768,2.7069,129.2029,17.5032,19.5633,18.8001,2.7294,20.1715,5.2344,0.7605,125.2088,0.01,10.0
4231.8,222.7968,68.8915,128.845,2.7007,129.9675,17.4216,19.3663,18.604,2.749,20.1163,5.166,0.7509,125.3046,0.01,10.0
4231.9,223.6893,69.1043,129.3154,2.6938,131.1246,17.3018,19.0178,18.2642,2.7948,19.8922,5.1063,0.7509,125.379,0.01,10.0
4232.0,225.2751,69.3568,129.8128,2.6869,132.0849,17.2009,18.5956,17.8559,2.8651,19.6222,5.0256,0.7509,125.3799,0.01,10.0
4232.2,228.9622,69.8259,130.6391,2.6737,131.8423,17.2622,17.7432,17.0416,3.0924,18.8808,4.8448,0.7438,125.3618,0.01,10.0
4233.0,235.0054,71.1153,132.402,2.686,131.7461,17.9013,16.3029,15.7111,3.0312,18.9102,5.4126,0.6877,124.9301,0.01,10.0
4233.2,234.264,71.0896,132.9451,2.6824,136.3739,17.9051,16.2718,15.6731,2.9301,18.6542,6.043,0.6475,125.2404,0.01,10.0
4233.5,233.4225,71.1763,133.603,2.6836,137.1712,18.8387,15.6876,15.1004,2.9055,18.5397,6.2144,0.6174,125.7519,0.01,10.0
4233.7,233.1884,71.2323,133.3497,2.6908,135.6596,18.9775,15.4203,14.8552,2.9188,18.4112,6.1479,0.648,125.4949,0.01,10.0
4233.9,232.517,71.0972,133.3072,2.7031,133.1345,18.2657,15.5241,14.9624,2.9286,18.2514,6.0122,0.5708,125.618,0.01,10.0
4234.0,232.0668,71.0281,133.3064,2.7055,132.7139,18.0223,15.6933,15.1223,2.9002,18.0328,6.0915,0.5742,125.6391,0.01,10.0
4234.1,231.679,70.987,133.3408,2.7058,133.2644,18.007,15.8798,15.2947,2.8554,17.6908,6.2704,0.5564,125.7677,0.01,10.0
4234.2,231.4807,70.9883,133.4454,2.7066,134.1256,18.1356,16.0319,15.4329,2.809,17.2937,6.4824,0.5449,125.866,0.01,10.0
4234.3,231.5206,70.9964,133.5492,2.7082,134.3153,18.2078,16.1125,15.504,2.7547,16.8867,6.7192,0.5401,125.8807,0.01,10.0
4234.4,231.7715,71.0042,133.6622,2.7101,133.1519,18.1481,16.1182,15.5063,2.6691,16.5119,7.0084,0.5402,125.9811,0.01,10.0
4234.5,232.1586,71.0131,133.7666,2.7111,130.9635,17.9983,16.0697,15.4588,2.538,16.2406,7.3462,0.5402,126.1,0.01,10.0
4234.6,232.5397,71.0675,133.688,2.7104,128.4658,17.8476,15.9838,15.3764,2.3992,16.1147,7.6446,0.516,126.0548,0.01,10.0
4234.8,232.8387,71.1625,133.1302,2.7037,126.3599,17.6285,15.7957,15.1972,2.2544,16.2399,7.8615,0.5159,125.353,0.01,10.0
4235.6,229.8531,71.0448,133.5302,2.7014,130.2499,17.3966,16.4134,15.7821,2.7862,14.6579,7.3103,0.4254,125.8787,0.01,10.0
4235.7,229.9858,71.152,133.6343,2.7005,129.6443,17.3441,16.4042,15.7652,2.8573,14.1964,7.3136,0.4254,125.8129,0.01,10.0
4235.8,230.309,71.247,133.5877,2.6979,128.2062,17.2334,16.295,15.6548,2.9375,13.7003,7.3126,0.3969,125.768,0.01,10.0
4235.9,230.7186,71.32,133.3813,2.695,126.232,17.0831,16.1063,15.4716,3.0132,13.298,7.301,0.3914,125.4003,0.01,10.0
4236.0,231.0983,71.3273,132.9643,2.6931,125.0154,16.9451,15.9011,15.2757,3.0566,13.1876,7.2609,0.3914,124.9917,0.01,10.0
4236.3,231.0756,71.2791,132.3985,2.6923,129.8298,17.2197,15.6668,15.0579,2.9508,14.8438,7.0403,0.3603,124.8408,0.01,10.0
4236.5,230.3461,71.2008,132.4896,2.6899,132.5604,17.7027,15.784,15.1657,2.8734,15.6407,6.9813,0.3327,124.946,0.01,10.0
4236.6,230.0975,71.1507,132.686,2.6883,132.4166,17.7649,15.8168,15.191,2.8715,15.6561,6.9754,0.3327,124.9972,0.01,10.0
4236.7,229.9603,71.1247,132.7037,2.688,131.618,17.737,15.8032,15.1729,2.875,15.5474,6.9934,0.3327,125.2873,0.01,10.0
4236.8,230.1086,71.1074,132.4468,2.6897,130.5761,17.7545,15.7469,15.1178,2.8898,15.3067,7.0248,0.3103,125.037,0.01,10.0
4237.0,230.5436,70.7297,131.7888,2.696,130.5282,18.0338,15.5987,14.9848,3.0064,14.8654,6.9635,0.3095,125.164,0.01,10.0
4237.2,230.9311,70.5592,130.8415,2.692,133.317,18.2746,15.5784,14.9755,3.1421,14.364,6.9647,0.3058,124.8337,0.01,10.0
4237.5,230.7807,70.5686,130.0585,2.6821,133.7427,17.5419,15.9275,15.3066,3.1468,13.9749,7.1563,0.2902,123.8825,0.01,10.0
4238.0,229.9577,70.5472,131.9329,2.6943,129.7813,17.6508,16.3414,15.6703,3.0058,14.4647,7.2083,0.2307,125.6199,0.01,10.0
4238.2,229.9992,70.762,132.6897,2.6775,130.4906,18.4304,16.1013,15.4409,3.1206,14.9279,6.9139,0.2307,125.7575,0.01,10.0
4238.4,230.2782,70.9051,133.1629,2.6801,130.0353,19.0039,15.8587,15.214,3.3272,15.5672,6.3958,0.1918,125.65,0.01,10.0
4238.8,231.1009,71.2083,133.6494,2.6917,132.2967,17.9041,15.8996,15.249,3.6657,17.2983,5.2873,0.1903,125.8498,0.01,10.0
4238.9,231.3172,71.31,133.785,2.6887,132.4711,17.9581,16.0593,15.4004,3.6886,17.7081,5.1277,0.1903,125.762,0.01,10.0
4239.0,231.5893,71.2672,133.989,2.689,132.6222,18.0966,16.2354,15.5673,3.6767,18.0394,5.0512,0.1948,125.8309,0.01,10.0
4239.1,231.9605,71.1215,134.1884,2.6944,133.1749,18.2004,16.3903,15.7108,3.6054,18.1734,5.1619,0.1958,126.3364,0.01,10.0
4239.4,233.7785,71.1922,133.5305,2.7156,134.9841,18.6845,16.308,15.6103,3.238,17.5185,6.1432,0.2308,125.7944,0.01,10.0
4239.8,235.7389,71.3221,132.8318,2.7109,131.9878,18.9644,15.5041,14.8492,3.0009,14.7305,7.1804,0.2053,125.3326,0.01,10.0
4239.9,235.7968,71.3706,132.6452,2.7161,132.6421,18.6698,15.443,14.793,3.0288,14.06,7.2447,0.2353,125.0135,0.01,10.0
4240.1,235.4961,71.4109,132.3466,2.7269,133.4131,17.8482,15.4372,14.7866,3.1287,13.0319,7.2144,0.2353,124.7642,0.01,10.0
4240.4,234.5965,71.3568,132.2011,2.7273,131.9525,17.8636,15.5765,14.919,3.2529,12.4891,7.0588,0.2769,124.6639,0.01,10.0
4240.6,234.214,71.2673,132.0256,2.7147,132.6693,18.2474,15.6314,14.9576,3.2214,13.0342,6.9782,0.2769,124.6815,0.01,10.0
4240.8,234.4694,71.2291,131.4407,2.6936,134.923,17.7493,15.5198,14.8386,3.1247,14.0368,6.9171,0.2807,124.3725,0.01,10.0
4240.9,234.8438,71.236,130.9642,2.6898,135.3254,17.6419,15.4309,14.7563,3.1131,14.4992,6.8317,0.2807,123.8698,0.01,10.0
4241.1,235.7571,71.1078,130.0631,2.7045,134.1655,18.0255,15.3953,14.741,3.171,15.1808,6.5986,0.3093,123.4745,0.01,10.0
4241.2,236.0889,70.9838,129.7761,2.7151,133.9026,18.2529,15.5496,14.8972,3.2326,15.2538,6.4935,0.3049,123.419,0.01,10.0
4241.3,236.2018,70.8699,129.499,2.7212,134.1803,18.4338,15.8469,15.1869,3.3119,15.1174,6.4028,0.293,123.4119,0.01,10.0
4241.6,235.5489,70.6356,129.3809,2.7136,133.3874,19.2791,16.907,16.1828,3.6138,13.996,6.236,0.3515,123.4257,0.01,10.0
4241.7,235.3379,70.5637,129.7005,2.71,132.8297,19.547,16.9525,16.2112,3.6788,13.7019,6.2311,0.357,123.9473,0.01,10.0
4242.2,235.9131,70.9434,131.4117,2.709,136.7273,18.67,15.7337,15.0625,3.7061,14.2195,5.9974,0.397,124.6552,0.01,10.0
4242.4,235.0815,71.3586,131.9178,2.7105,132.3359,18.4067,15.795,15.1353,3.4433,14.8462,6.0813,0.4101,124.3809,0.01,10.0
4242.6,233.4492,71.661,132.2124,2.7132,130.0609,18.7806,15.9829,15.3074,3.2071,15.2165,6.2317,0.4281,124.3405,0.01,10.0
4242.7,232.745,71.7443,132.3947,2.714,130.558,19.0348,15.9428,15.2595,3.1401,15.2739,6.3298,0.457,124.3715,0.01,10.0
4242.8,232.3356,71.6949,132.4435,2.7132,130.9584,19.0715,15.8,15.1146,3.0784,15.3134,6.4431,0.457,124.4003,0.01,10.0
4243.0,232.731,71.4863,132.4796,2.7114,131.6508,18.2945,15.3336,14.6627,3.027,15.3284,6.5765,0.4908,124.6962,0.01,10.0
4243.1,233.4433,71.5194,132.6412,2.7134,133.2189,17.9095,15.1005,14.4423,3.0402,15.3023,6.5825,0.4908,124.8466,0.01,10.0
4243.2,234.4305,71.5695,132.7715,2.7165,134.8005,17.738,14.9064,14.261,3.0578,15.2265,6.5999,0.5247,124.894,0.01,10.0
4243.3,235.5511,71.635,132.8805,2.7185,135.0116,17.8018,14.7703,14.1342,3.0793,15.0744,6.6424,0.5264,124.8925,0.01,10.0
4243.8,240.4631,71.7933,134.0425,2.7193,136.0917,18.045,14.5245,13.8925,3.3616,16.0004,6.0967,0.5613,125.539,0.01,10.0
4244.1,240.4971,71.7964,134.25,2.7243,136.8798,18.4028,14.5259,13.8826,3.533,17.6297,5.3286,0.6051,125.6454,0.01,10.0
4244.2,239.8493,71.7345,134.0947,2.7198,135.7292,18.5723,14.5438,13.8983,3.562,18.0911,5.0983,0.6008,125.6497,0.01,10.0
4244.3,238.9886,71.6389,133.8358,2.7147,134.8665,18.6569,14.566,13.9214,3.572,18.4158,4.9275,0.6172,125.6111,0.01,10.0
4244.5,236.9238,71.3696,132.8181,2.7076,132.7651,18.4524,14.6827,14.0404,3.5133,18.3663,4.9249,0.6433,125.3082,0.01,10.0
4244.6,235.8607,71.222,132.34,2.7046,131.2823,18.1712,14.8281,14.1831,3.4327,18.0523,5.0907,0.6861,125.0942,0.01,10.0
4244.9,233.282,70.9209,131.2325,2.6937,128.0556,17.6326,15.6263,14.9488,3.2525,17.7644,5.3664,0.6836,124.6979,0.01,10.0
4245.0,232.8343,70.804,130.8759,2.6927,128.6486,17.67,15.9163,15.222,3.2359,17.785,5.3791,0.7164,124.5503,0.01,10.0
4245.3,233.1315,70.4498,129.7538,2.6881,132.9816,17.2208,16.3271,15.5995,3.3357,17.9669,5.095,0.7111,124.2013,0.01,10.0
4245.9,233.3799,70.1316,128.4461,2.69,134.2987,17.7168,16.6985,15.9558,3.8282,14.7772,5.103,0.7398,123.719,0.01,10.0
4246.1,233.1234,70.2272,128.3735,2.6991,134.91,17.0607,16.8555,16.0993,3.9087,14.2331,5.2334,0.7858,123.5492,0.01,10.0
4246.2,233.255,70.3328,128.4113,2.7061,134.7069,17.3295,16.8796,16.1204,3.9017,14.315,5.3046,0.7845,123.548,0.01,10.0
4246.3,233.5798,70.4564,128.4709,2.7103,135.1679,17.7363,16.8701,16.1109,3.8582,14.6615,5.3637,0.7845,123.3684,0.01,10.0
4246.5,234.6892,70.7563,128.5583,2.7121,137.6242,18.1295,16.7921,16.0381,3.6321,16.226,5.4756,0.8319,123.1625,0.01,10.0
4246.6,235.2743,70.8726,128.5973,2.7155,138.0925,18.1263,16.7554,16.0041,3.5035,17.0226,5.5144,0.8318,122.8309,0.01,10.0
4247.0,235.8844,70.8509,129.433,2.7158,133.1828,19.1939,16.7411,15.9984,3.1373,19.4275,5.2409,0.8783,123.5642,0.01,10.0
4247.7,235.4884,71.2253,131.4439,2.7173,135.327,18.6758,16.454,15.7212,2.7086,16.8132,7.4516,0.9194,124.5298,0.01,10.0
4247.9,236.2552,71.5182,132.0593,2.7207,135.064,18.5753,16.0701,15.3609,2.6751,14.462,8.4478,0.9343,124.606,0.01,10.0
4248.0,236.9173,71.6157,132.298,2.7183,134.5371,18.8416,15.858,15.1639,2.6849,13.4517,8.7616,0.9503,124.6072,0.01,10.0
4248.2,238.6071,71.7139,132.5088,2.7073,131.7722,20.0922,15.5633,14.8995,2.789,12.5901,8.6731,0.9618,124.658,0.01,10.0
4248.3,239.4368,71.7096,132.4446,2.7061,130.7998,20.5499,15.5017,14.8496,2.8598,12.6913,8.3997,0.9699,124.6562,0.01,10.0
4248.6,240.5395,71.4355,132.0101,2.7192,132.7056,20.1259,15.6281,14.9793,3.0319,13.993,7.4241,0.95,124.6551,0.01,10.0
4249.1,239.1522,71.2554,132.0396,2.7079,134.9369,19.4761,16.0731,15.4018,3.0518,14.9604,7.1514,0.9981,125.0561,0.01,10.0
4249.5,238.3297,71.5545,132.2103,2.7092,136.7642,19.267,15.86,15.2074,2.9944,14.6109,7.5137,1.0013,124.7154,0.01,10.0
4249.8,237.718,71.5988,132.0324,2.7144,136.7126,18.1919,15.828,15.1862,3.023,13.5842,7.8602,1.0163,124.5416,0.01,10.0
4249.9,237.653,71.5479,131.8259,2.7204,135.9371,18.028,15.8738,15.2315,3.0549,13.0561,7.9749,1.0162,124.417,0.01,10.0
4250.0,237.6672,71.503,131.771,2.7262,134.6618,18.0546,15.892,15.2499,3.0997,12.4598,8.0742,1.0163,124.4161,0.01,10.0
4250.2,237.7642,71.4021,131.757,2.724,133.7646,18.2844,15.8257,15.1922,3.1861,11.7645,8.0605,1.012,124.6119,0.01,10.0
4250.4,237.6738,71.2732,131.4196,2.7025,135.7504,18.945,15.8047,15.1869,3.2604,12.0405,7.6807,1.0119,124.5372,0.01,10.0
4250.5,237.5374,71.1764,131.163,2.6931,135.3145,19.4228,15.8761,15.2657,3.2924,12.4155,7.3875,1.0119,124.4513,0.01,10.0
4250.6,237.342,71.0755,130.8535,2.6887,133.5813,19.6603,16.019,15.4132,3.3087,12.9312,7.0562,1.0097,124.451,0.01,10.0
4250.7,237.0839,70.9726,130.515,2.6897,131.7679,19.5194,16.231,15.6228,3.3086,13.3741,6.7936,0.9912,124.2949,0.01,10.0
4251.1,234.6391,70.3487,129.4868,2.7004,132.5395,17.4816,17.1523,16.4974,3.4116,13.4687,6.2609,1.0117,124.4434,0.01,10.0
4251.2,233.3814,70.258,129.6245,2.7005,131.916,17.409,17.378,16.7134,3.5124,13.2201,6.0851,1.0117,124.4519,0.01,10.0
4251.8,231.9506,71.1041,131.4715,2.6993,133.28,17.6383,16.6236,15.9739,3.8568,13.4922,5.5472,0.9874,124.8869,0.01,10.0
4251.9,233.9041,71.2612,131.6076,2.6996,135.1489,17.6818,16.1724,15.5457,3.7328,14.063,5.8128,1.016,124.7191,0.01,10.0
4252.1,237.3049,71.3717,131.2922,2.6906,139.1187,17.9552,15.7544,15.1586,3.3551,15.2652,6.5914,1.016,124.3449,0.01,10.0
4252.3,238.1655,71.1169,131.0314,2.6893,139.3301,17.989,16.0655,15.4606,3.0902,15.7122,7.1359,1.0053,124.6082,0.01,10.0
4252.4,237.6933,70.941,130.9469,2.6936,137.8253,17.8476,16.3596,15.7373,3.0007,15.5964,7.3267,0.9874,124.6199,0.01,10.0
4252.5,236.8248,70.773,130.8923,2.6975,136.0761,17.5624,16.6408,15.9982,2.9281,15.4234,7.4789,0.9875,124.8962,0.01,10.0
4252.6,235.7905,70.7251,130.9183,2.6995,134.5246,17.1872,16.8381,16.1781,2.8799,15.2343,7.5893,0.9875,124.903,0.01,10.0
4252.8,233.5577,70.7217,131.0577,2.6982,132.7953,16.6907,16.9872,16.3107,2.8457,14.9116,7.7002,0.9875,125.0839,0.01,10.0
4253.0,231.4467,70.7987,131.4761,2.6938,134.4843,16.8011,16.9281,16.253,2.8608,14.9828,7.6149,1.0247,125.2365,0.01,10.0
4253.3,230.1997,71.0795,132.3235,2.691,135.9882,17.448,16.7348,16.066,3.0107,16.0491,6.8947,0.9985,125.5024,0.01,10.0
4253.4,230.6128,71.1652,132.5941,2.6893,135.2876,17.5995,16.6512,15.9848,3.0722,16.5359,6.5361,0.9985,125.6278,0.01,10.0
4253.5,231.3808,71.2366,132.9556,2.6858,134.455,17.7206,16.5511,15.8862,3.1414,17.1417,6.0914,0.9985,125.633,0.01,10.0
4253.7,233.3762,71.3851,133.5266,2.678,133.0845,18.0816,16.305,15.6403,3.2741,18.6716,5.0725,0.9736,125.9976,0.01,10.0
4253.8,234.2897,71.4833,133.6371,2.6779,132.5864,18.2994,16.174,15.5085,3.3199,19.4695,4.6054,0.9736,126.0058,0.01,10.0
4253.9,234.991,71.5947,133.7228,2.6816,132.3578,18.4216,16.0501,15.3834,3.3452,20.1252,4.259,0.9737,125.8598,0.01,10.0
4254.2,235.6123,71.9294,134.2057,2.7021,133.8664,18.3714,15.7257,15.0627,3.4396,21.5984,3.553,0.9736,125.7711,0.01,10.0
4254.3,235.6175,71.9675,134.2081,2.7058,135.4763,18.3537,15.6041,14.9442,3.4753,21.8337,3.4934,0.9592,125.6981,0.01,10.0
4254.5,235.9619,71.9617,134.1205,2.7056,137.7497,18.0709,15.3161,14.6636,3.4933,21.5342,3.8115,0.9505,125.6685,0.01,10.0
4254.8,236.7741,71.7368,133.5891,2.7071,137.5234,14.451,15.1818,14.5476,3.365,20.4156,4.7392,0.9628,125.6042,0.01,10.0
4254.9,236.7556,71.6178,133.2904,2.7072,137.3002,13.3297,15.3253,14.6878,3.281,20.1668,5.0432,0.9291,125.52,0.01,10.0
4255.2,235.726,71.3884,132.4904,2.71,135.2852,15.3508,15.9789,15.2998,3.0257,19.1801,5.8591,0.9286,125.2601,0.01,10.0
4255.3,235.3893,71.3414,132.2828,2.7155,135.4826,16.6439,16.1156,15.4253,3.0086,18.8162,5.9544,0.9595,125.2551,0.01,10.0
4255.4,235.1867,71.3182,132.0703,2.7209,136.0633,17.425,16.1712,15.4731,3.0225,18.4988,5.971,0.9871,125.0807,0.01,10.0
4255.6,235.0748,71.2878,131.5334,2.7236,135.5161,17.456,16.1303,15.4264,3.1208,17.6347,6.0317,0.957,124.81,0.01,10.0
4255.7,235.0218,71.2728,131.2282,2.7215,134.5534,17.1187,16.1346,15.4305,3.1859,17.0974,6.1014,0.9701,124.5221,0.01,10.0
4255.8,234.8626,71.1975,131.0959,2.7178,134.1965,16.9488,16.2189,15.5124,3.2376,16.6089,6.195,0.9089,124.5107,0.01,10.0
4256.2,233.1543,71.1899,129.6511,2.6989,137.9087,17.0966,17.0319,16.2801,3.1786,15.9824,6.7207,0.9512,123.6026,0.01,10.0
4256.5,233.0087,70.4497,128.0142,2.7068,136.5537,17.8162,17.646,16.8507,3.0802,16.059,6.8775,0.9342,123.3544,0.01,10.0
4256.8,232.6679,69.625,125.8336,2.7089,137.192,18.0319,18.2103,17.3808,3.0678,16.5316,6.555,0.9194,122.791,0.01,10.0
4256.9,231.7637,69.303,125.1367,2.7094,136.3723,17.7053,18.4484,17.6119,3.0796,16.8784,6.321,0.9194,122.6526,0.01,10.0
4257.1,229.2545,68.699,123.9994,2.7065,132.3981,16.9056,19.0843,18.2256,3.0652,17.6064,5.8161,0.9147,122.6402,0.01,10.0
4257.2,228.131,68.3696,123.4733,2.7045,130.8123,16.7454,19.4955,18.6187,3.0411,17.7699,5.6504,0.9065,122.7301,0.01,10.0
4257.3,227.2895,68.1214,123.0406,2.7038,129.5732,16.9623,19.9658,19.0671,3.0226,17.7385,5.5211,0.9067,122.737,0.01,10.0
4257.4,226.6463,67.9371,122.6781,2.7041,128.0142,17.4425,20.4844,19.5589,3.0239,17.4339,5.4425,0.8757,122.7101,0.01,10.0
4257.5,226.1,67.8184,122.389,2.7035,126.3183,17.9506,21.0019,20.0464,3.03,17.0133,5.389,0.9068,122.6191,0.01,10.0
4257.6,225.5535,67.7203,122.2385,2.701,125.0433,18.1578,21.4713,20.4835,3.0374,16.5894,5.3772,0.8969,122.612,0.01,10.0
4257.9,224.0639,67.4811,122.2078,2.6904,129.2799,17.756,22.2803,21.2184,3.1159,15.6185,5.5914,0.851,122.995,0.01,10.0
4258.1,224.0746,67.6085,122.2131,2.6873,133.9188,17.7189,22.2447,21.1752,3.0856,15.5825,6.0045,0.8465,122.7179,0.01,10.0
4258.5,224.5578,67.6691,121.5841,2.684,135.811,17.2695,21.7681,20.7431,2.9162,17.3951,6.1526,0.8357,122.199,0.01,10.0
4258.9,222.9022,66.6712,120.597,2.6794,133.9862,16.2441,23.3678,22.3142,3.0441,18.3303,5.4491,0.832,122.933,0.01,10.0
4259.0,222.8029,66.4722,120.5891,2.678,133.6429,16.1932,24.0089,22.9213,3.0739,18.2526,5.3177,0.832,122.964,0.01,10.0
4259.1,222.8308,66.3385,120.6628,2.6794,133.1282,15.9941,24.5558,23.4302,3.0856,18.0573,5.266,0.8319,123.389,0.01,10.0
4259.2,222.8116,66.3079,120.8091,2.683,131.9153,15.7549,24.9339,23.7739,3.0553,17.6644,5.347,0.7892,123.6501,0.01,10.0
4259.4,221.9958,66.4374,121.1726,2.6913,126.839,15.7537,25.1094,23.9044,2.759,16.6734,5.9987,0.7844,123.721,0.01,10.0
4259.5,221.1487,66.5383,121.4275,2.6927,124.8843,15.7553,25.026,23.8047,2.6003,16.4148,6.319,0.7843,123.8057,0.01,10.0
4259.6,220.2706,66.6602,121.7652,2.6919,124.6076,15.6017,24.8589,23.6225,2.5198,16.3874,6.4884,0.7843,123.814,0.01,10.0
4259.7,219.6198,66.785,122.0945,2.6903,125.935,15.3839,24.5645,23.3176,2.4928,16.3786,6.5875,0.7843,123.9686,0.01,10.0
4259.8,219.4857,66.8954,122.2958,2.6902,127.892,15.2955,24.0872,22.8404,2.5144,16.3144,6.6382,0.7855,123.9778,0.01,10.0
4260.0,221.0282,67.1336,122.3911,2.6962,131.0656,16.0382,22.5753,21.3854,2.6725,15.9114,6.5743,0.7662,123.7418,0.01,10.0
4260.1,222.3645,67.1855,122.3479,2.7,132.0497,16.7028,21.8107,20.6713,2.7681,15.5814,6.5127,0.7397,123.5765,0.01,10.0
4260.3,224.4677,67.1018,121.979,2.7053,133.1088,17.5188,21.1434,20.0874,2.9477,14.7536,6.4267,0.7398,123.4862,0.01,10.0
4260.4,224.8094,67.0196,121.448,2.7076,133.0201,17.3997,21.3407,20.2939,3.0129,14.3237,6.4223,0.7398,123.0293,0.01,10.0
4260.5,224.6498,66.942,120.9348,2.7094,132.4864,16.9421,21.7753,20.7148,3.0436,13.9379,6.4571,0.7398,122.9771,0.01,10.0
4260.6,224.2474,66.8678,120.4855,2.7098,131.7861,16.3633,22.286,21.1968,3.0205,13.666,6.5516,0.7433,122.5975,0.01,10.0
4260.7,223.7871,66.7813,120.2754,2.7085,131.1162,15.794,22.6758,21.559,2.9648,13.5143,6.6785,0.7512,122.5315,0.01,10.0
4260.9,223.3304,66.4982,120.2452,2.7052,129.3192,15.0667,22.7656,21.6272,2.7501,13.7531,7.0102,0.7057,122.8999,0.01,10.0
4261.1,223.6869,66.4533,121.3611,2.7075,128.0816,15.2682,22.4454,21.3127,2.5292,14.495,7.2222,0.7057,123.6813,0.01,10.0
4261.4,225.0501,67.3185,124.2288,2.722,129.4521,16.3549,22.1881,21.0365,2.5297,15.74,6.7881,0.7161,124.9173,0.01,10.0
4261.5,225.8788,67.7895,125.2047,2.7296,129.3062,16.7817,21.8072,20.6553,2.6088,16.1894,6.4549,0.6718,125.0137,0.01,10.0
4261.7,228.4193,68.8102,127.1542,2.7334,128.4046,17.8639,20.3268,19.233,2.8506,16.8282,5.6906,0.6717,125.1253,0.01,10.0
4261.8,229.8915,69.3327,127.9569,2.7261,128.531,18.3482,19.4267,18.3852,3.0006,16.8324,5.3566,0.6859,124.9503,0.01,10.0
4262.4,236.6829,70.1877,130.2785,2.7175,136.7435,17.5575,17.4458,16.5557,3.2865,14.4889,6.104,0.6428,125.5416,0.01,10.0
4262.5,236.7428,70.0841,130.301,2.7172,137.601,17.3071,17.5212,16.6228,3.2485,14.2797,6.4381,0.651,125.574,0.01,10.0
4262.6,236.6205,70.0001,130.31,2.7168,137.1579,17.1652,17.567,16.662,3.2289,14.547,6.5367,0.6191,125.7779,0.01,10.0
4262.8,236.2029,70.0381,130.4378,2.7217,134.6522,17.3078,17.491,16.5836,3.2366,15.809,6.3431,0.6121,125.8542,0.01,10.0
4262.9,236.1462,70.1358,130.5821,2.725,134.0918,17.5923,17.3445,16.4404,3.2509,16.3581,6.2232,0.5781,125.8524,0.01,10.0
4263.1,236.7757,70.4321,130.8698,2.7187,133.3319,18.1273,16.8917,16.0025,3.2773,17.1935,6.0733,0.6016,125.6622,0.01,10.0
4263.3,238.1046,70.6246,131.1639,2.697,132.8078,18.2207,16.3722,15.5118,3.2574,17.4452,6.3229,0.5633,125.5994,0.01,10.0
4263.4,238.7646,70.6905,131.2853,2.6906,133.9926,18.2225,16.151,15.3064,3.2075,17.1041,6.7585,0.5633,125.6042,0.01,10.0
4263.5,239.281,70.7492,131.3842,2.6918,136.0526,18.1765,15.9966,15.1671,3.1405,16.5007,7.3578,0.5634,125.6067,0.01,10.0
4263.6,239.5906,70.8167,131.4238,2.6994,137.8254,18.0538,15.9125,15.0961,3.0909,15.9016,7.8904,0.5634,125.5136,0.01,10.0
4263.9,239.4172,70.8923,131.4645,2.7195,139.5042,17.8522,15.9747,15.1628,3.0976,14.6828,8.6834,0.5263,125.4883,0.01,10.0
4264.4,239.9085,70.8089,130.9122,2.6961,140.4512,18.8473,16.1435,15.316,3.0258,13.5184,9.6452,0.496,125.2077,0.01,10.0
4264.7,240.9023,70.6102,129.504,2.7027,140.1158,18.094,16.4401,15.5884,2.9309,14.658,9.4182,0.4907,124.4474,0.01,10.0
4265.0,240.5803,70.3483,128.4084,2.7039,141.0287,18.4282,16.5071,15.6493,3.1133,17.0756,7.9089,0.4605,123.9774,0.01,10.0
4265.2,239.1857,70.2276,127.9603,2.6955,138.2211,18.3496,16.5859,15.7453,3.3794,18.946,6.3688,0.4616,123.8399,0.01,10.0
4265.3,238.1903,70.2134,127.8901,2.6927,136.4228,18.2022,16.7088,15.8696,3.5102,19.4911,5.7641,0.436,123.7835,0.01,10.0
4265.8,235.4254,70.318,128.6743,2.6817,136.5431,17.9426,16.6905,15.8185,3.6453,17.3429,6.2396,0.4129,124.2478,0.01,10.0
4266.0,236.4481,70.4928,129.058,2.6791,139.2662,18.5547,15.9743,15.1447,3.4359,15.4876,7.4303,0.3941,124.267,0.01,10.0
4266.2,237.4134,70.6432,129.4685,2.6872,141.4607,19.8102,15.6205,14.8312,3.2058,14.4321,8.2645,0.3923,124.4241,0.01,10.0
4266.3,237.6799,70.7048,129.5696,2.6952,141.4009,20.0337,15.6456,14.8626,3.0977,14.1129,8.5595,0.3403,124.437,0.01,10.0
4266.4,237.8803,70.7719,129.6543,2.7029,140.8275,19.8069,15.7621,14.9744,3.0021,13.9118,8.7726,0.3803,124.3818,0.01,10.0
4266.5,238.1155,70.8482,129.8319,2.708,140.0858,19.2536,15.8932,15.0971,2.9199,13.8763,8.8931,0.3804,124.4212,0.01,10.0
4267.1,241.2573,70.8521,128.7501,2.683,136.4239,19.6447,15.9736,15.2004,2.8104,16.7314,7.87,0.323,123.6075,0.01,10.0
4267.2,240.847,70.7141,128.3496,2.6811,135.8526,19.6907,16.1735,15.3944,2.8378,17.2129,7.558,0.326,123.613,0.01,10.0
4267.4,238.7257,70.435,127.4315,2.69,135.4866,18.6917,16.6763,15.8744,2.8993,17.8348,6.9736,0.3263,123.1598,0.01,10.0
4267.5,237.3141,70.269,127.0023,2.6938,135.3132,18.221,16.8596,16.045,2.9469,17.7796,6.7591,0.2875,123.142,0.01,10.0
4267.6,235.9734,70.0981,126.5258,2.6953,134.3122,18.0192,16.9321,16.1081,3.0095,17.4248,6.5928,0.2807,122.9704,0.01,10.0
4267.7,234.8638,69.6279,126.1806,2.6955,132.8129,17.9906,16.8955,16.0688,3.0733,16.9815,6.4619,0.2807,123.5802,0.01,10.0
4267.8,234.0707,69.2821,125.906,2.6952,131.8601,17.9542,16.8045,15.9809,3.1163,16.6978,6.3537,0.3035,123.7229,0.01,10.0
4267.9,233.506,69.1869,125.6847,2.6946,131.8636,17.839,16.7297,15.911,3.1233,16.6562,6.2879,0.3096,123.6056,0.01,10.0
4268.0,232.9967,69.1345,125.4598,2.6937,132.4326,17.7187,16.7352,15.9181,3.094,16.8213,6.2658,0.3097,123.4486,0.01,10.0
4268.1,232.4045,69.0914,125.2681,2.6935,133.1093,17.6041,16.8217,16.0014,3.0492,17.0173,6.2839,0.3097,123.4249,0.01,10.0
4268.2,231.6627,69.0619,125.1359,2.6952,133.6448,17.4599,16.9679,16.1409,3.0017,17.1937,6.3387,0.3097,123.3605,0.01,10.0
4268.6,228.9287,68.6656,125.0336,2.7073,135.0378,17.4532,17.6467,16.7926,2.864,17.1517,6.8474,0.2957,124.2098,0.01,10.0
4268.7,228.9361,68.809,124.8271,2.7014,134.3902,17.5387,17.7206,16.8667,2.8531,16.8877,7.0228,0.2957,123.5839,0.01,10.0
4268.8,229.4482,68.8212,124.7117,2.6938,133.3934,17.5037,17.7711,16.9174,2.8651,16.5092,7.1855,0.3238,123.3825,0.01,10.0
4268.9,230.3052,68.8188,124.6112,2.688,132.3956,17.448,17.8498,16.9926,2.885,16.1272,7.3285,0.3197,123.369,0.01,10.0
4269.0,231.3283,68.8239,124.476,2.6868,131.7008,17.4868,17.9854,17.1216,2.8866,15.9442,7.4199,0.2957,123.2579,0.01,10.0
4269.1,232.2742,68.8299,124.2465,2.6882,131.3685,17.6403,18.1725,17.3029,2.8683,15.9206,7.479,0.2956,122.9825,0.01,10.0
4269.3,233.1669,68.7337,123.7583,2.6897,130.7122,17.9417,18.6971,17.82,2.8323,16.1776,7.4208,0.3131,122.7811,0.01,10.0
4269.6,231.3826,68.448,123.5744,2.6962,128.5136,18.8,19.8162,18.8918,2.9629,16.3922,6.9661,0.3096,123.0022,0.01,10.0
4269.7,230.4494,68.3755,123.5654,2.7005,128.7616,19.1489,20.1534,19.2028,3.0588,16.2836,6.7708,0.3096,123.1601,0.01,10.0
4270.1,228.3489,68.2754,123.9328,2.7023,133.7196,18.1464,20.2735,19.266,3.433,15.1641,6.3393,0.3264,123.5748,0.01,10.0
4270.5,228.7584,68.2934,124.3682,2.7123,132.8882,18.005,19.3719,18.4506,3.4659,15.0855,6.2552,0.3257,123.9055,0.01,10.0
4270.7,229.3596,68.2895,124.5591,2.7062,132.3924,17.521,19.2618,18.358,3.462,15.0501,6.269,0.3233,124.1128,0.01,10.0
4270.8,229.551,68.3174,124.5678,2.705,133.3917,17.4445,19.2454,18.341,3.4925,14.8799,6.2736,0.3695,124.0577,0.01,10.0
4271.1,229.4732,68.5898,124.2491,2.7052,136.8065,17.7758,19.1704,18.2516,3.56,14.5286,6.3407,0.372,123.4302,0.01,10.0
4271.2,229.2347,68.5403,124.1263,2.7064,136.8801,17.952,19.1591,18.241,3.5531,14.608,6.387,0.372,123.4154,0.01,10.0
4271.4,228.4979,68.312,123.6328,2.7075,135.2591,18.5169,19.1702,18.2583,3.5168,15.0845,6.4171,0.3805,123.3405,0.01,10.0
4271.7,227.2626,67.6837,123.0455,2.7055,134.9244,19.2583,18.9039,17.9951,3.4349,15.4253,6.5038,0.4241,123.7839,0.01,10.0
4272.1,227.4648,68.2365,122.6513,2.6926,131.1083,19.6208,18.7578,17.8714,3.3987,15.3424,6.5091,0.4378,122.7599,0.01,10.0
4272.2,228.0258,68.4551,122.7696,2.6952,130.0204,19.6634,18.9049,18.009,3.3645,15.5214,6.5118,0.4378,122.5553,0.01,10.0
4272.3,228.685,68.7201,122.9118,2.7017,130.0172,19.5161,19.0573,18.1498,3.303,15.9002,6.5114,0.4519,122.1561,0.01,10.0
4272.6,229.8553,69.2861,123.8268,2.71,132.1075,18.1525,19.145,18.2136,3.0288,17.7819,6.4765,0.4707,122.1288,0.01,10.0
4272.7,229.6933,69.3519,124.2694,2.7062,131.1055,17.7823,19.0327,18.1068,2.9673,18.12,6.471,0.4752,122.1496,0.01,10.0
4272.9,228.7784,69.4502,125.1832,2.6992,130.6955,17.3104,18.7998,17.8888,2.9607,17.7333,6.5434,0.4752,123.0175,0.01,10.0
4273.2,228.5197,69.6564,126.9854,2.6965,131.2513,17.3844,18.5333,17.6386,3.0297,15.9352,6.7621,0.517,124.2175,0.01,10.0
4273.3,229.2836,69.8558,127.561,2.6987,129.6427,17.7102,18.4135,17.5279,3.0513,15.3896,6.7953,0.5263,124.3642,0.01,10.0
4273.4,230.2691,70.155,128.0056,2.7026,128.1904,18.0416,18.2933,17.4158,3.065,15.0258,6.7792,0.5346,124.2282,0.01,10.0
4273.5,231.2264,70.265,127.9603,2.7075,127.3466,18.2411,18.2142,17.3442,3.0708,14.7845,6.7414,0.5559,123.9464,0.01,10.0
4273.6,231.7915,70.2439,127.8711,2.712,126.8712,18.1604,18.2285,17.3657,3.0634,14.6196,6.7127,0.5559,123.8722,0.01,10.0
4273.7,231.7663,70.1453,127.8616,2.7141,126.3701,17.8432,18.4131,17.5534,3.0502,14.4202,6.7089,0.5559,124.0921,0.01,10.0
4273.8,231.0618,69.9638,127.2562,2.7116,125.6666,17.4633,18.7864,17.9184,3.0398,14.1917,6.7147,0.556,123.7822,0.01,10.0
4274.2,224.5461,68.7831,123.0262,2.6924,126.5768,15.9481,21.0526,20.0446,3.0661,12.574,7.1245,0.583,122.1166,0.01,10.0
4274.3,223.747,68.22,122.139,2.6933,126.4098,15.3623,21.3147,20.2863,3.0542,12.3709,7.2582,0.5909,122.3379,0.01,10.0
4274.5,224.2737,67.5222,120.4666,2.7019,123.3792,14.8607,21.1309,20.1006,2.9949,12.8666,7.4105,0.617,121.7862,0.01,10.0
4275.0,226.1532,67.3921,121.2333,2.6908,130.1967,15.2597,20.2885,19.3076,2.8374,18.3261,6.9452,0.641,122.373,0.01,10.0
4275.2,224.5575,68.3588,123.9295,2.6862,131.2286,15.7933,20.3143,19.3254,2.8427,19.0423,6.9588,0.6813,123.6286,0.01,10.0
4275.4,224.6132,68.9372,126.164,2.6916,130.0777,16.564,20.0476,19.0545,2.9177,19.4312,6.7247,0.6813,124.1709,0.01,10.0
4275.6,227.149,68.4562,128.6825,2.703,130.0101,16.7283,19.3624,18.3909,2.9883,19.7212,6.2841,0.7223,126.4995,0.01,10.0
4275.9,231.9279,68.5195,130.1228,2.7047,130.615,17.1865,18.0439,17.1458,3.055,19.6057,5.8083,0.7065,128.062,0.01,10.0
4276.1,234.0235,69.5063,130.4177,2.6998,131.3958,17.4888,17.3928,16.5304,3.1258,18.5998,5.6645,0.7455,126.6998,0.01,10.0
4276.2,234.7568,70.0822,130.4053,2.6998,131.8546,17.5576,17.1143,16.2714,3.1467,17.8705,5.718,0.7295,126.2227,0.01,10.0
4276.4,235.8476,70.6237,130.4039,2.701,130.7684,17.1526,16.6276,15.8166,3.1524,15.9528,6.1692,0.7737,125.3577,0.01,10.0
4276.5,236.231,70.8652,130.2474,2.7015,129.4178,16.2535,16.4181,15.6172,3.1564,15.1639,6.3618,0.7737,125.2283,0.01,10.0
4276.9,236.6431,71.889,129.8665,2.6943,127.9207,14.2457,16.0521,15.2927,3.1714,15.4205,6.2552,0.8041,123.3192,0.01,10.0
4277.1,235.905,71.889,129.8685,2.6952,131.5659,16.7329,16.2574,15.4855,3.2342,17.3442,5.7099,0.7968,123.3254,0.01,10.0
4277.2,235.3938,71.889,129.8705,2.6976,133.2441,17.5903,16.4489,15.6685,3.2705,18.1755,5.4611,0.8423,123.3336,0.01,10.0
4277.3,234.8722,71.889,130.1303,2.6973,133.9673,18.0058,16.6844,15.8954,3.2908,18.6585,5.3226,0.8376,123.639,0.01,10.0
4277.9,234.3166,71.889,130.3939,2.6947,134.6039,18.5742,17.7493,16.8702,3.1913,19.4921,5.3725,0.8769,123.754,0.01,10.0
4278.2,234.7063,71.889,130.3578,2.6811,130.4244,17.7382,17.7752,16.8982,3.0723,19.7041,5.5575,0.879,123.7313,0.01,10.0
4278.4,232.634,71.889,130.3528,2.6892,131.4482,17.2626,18.2493,17.3518,2.9602,20.3268,5.5806,0.9227,123.7344,0.01,10.0
4278.5,230.8887,71.889,130.3434,2.691,133.4345,17.4388,18.6106,17.6928,2.8995,20.5656,5.6227,0.9332,123.735,0.01,10.0
4278.7,227.2661,71.1757,130.3264,2.6897,133.6541,17.7888,19.272,18.3103,2.8175,20.089,5.8751,0.9332,124.8007,0.01,10.0
4278.9,225.2011,69.7648,130.3291,2.6919,131.6267,17.4874,19.3887,18.4145,2.7749,18.8615,6.1695,0.9412,126.3154,0.01,10.0
4279.0,225.0314,69.227,130.3257,2.6946,131.5755,17.3071,19.2273,18.2574,2.7699,18.2418,6.2888,0.9412,127.4582,0.01,10.0
4279.3,226.8028,68.7844,130.3248,2.7062,127.6976,17.3234,18.5297,17.5916,2.7483,16.096,6.6911,0.9599,127.9056,0.01,10.0
4279.4,227.8396,69.0255,130.323,2.705,125.0046,17.3716,18.3859,17.4559,2.7348,15.6861,6.7396,0.9636,127.7622,0.01,10.0
4279.6,230.4577,69.309,130.3271,2.694,123.3006,17.4172,18.216,17.286,2.7007,16.1173,6.6345,0.9778,127.2691,0.01,10.0
4279.9,234.899,70.0535,130.5332,2.6995,127.6622,17.2433,17.7527,16.8477,2.636,18.7611,6.2165,0.9694,126.2834,0.01,10.0
4280.0,236.0506,70.4432,130.6656,2.7049,128.7641,17.3001,17.5333,16.641,2.6851,19.3445,6.023,1.0058,126.0736,0.01,10.0
4280.3,237.7245,71.2869,130.5599,2.7017,131.9751,17.8867,17.0309,16.1597,3.1277,20.273,5.0905,1.0283,124.9706,0.01,10.0
4281.0,236.4129,72.1254,130.1824,2.6904,133.3652,16.9009,16.8842,16.017,3.3474,18.6156,5.4505,1.0623,123.3388,0.01,10.0
4281.4,237.5168,71.521,131.104,2.6818,131.7749,18.0156,16.5969,15.7456,3.1228,17.2039,6.2148,1.0811,124.8081,0.01,10.0
4281.6,238.6303,72.2442,131.3891,2.6807,131.3588,19.2449,16.3528,15.5206,3.1952,16.8989,6.1439,1.0461,124.0745,0.01,10.0
4282.1,237.3506,72.9773,131.7838,2.6691,134.3557,18.2973,16.3523,15.5149,3.2106,18.8646,5.8898,1.0772,123.3679,0.01,10.0
4282.2,236.7396,72.8868,131.9267,2.6751,136.5012,18.207,16.3248,15.4866,3.1407,19.6242,5.9238,1.0772,123.7086,0.01,10.0
4282.3,236.3581,72.7659,132.0029,2.6807,137.9445,18.21,16.2461,15.4103,3.078,20.0963,6.0154,1.0772,123.841,0.01,10.0
4282.4,236.2814,72.6322,132.0072,2.6851,137.981,18.1931,16.114,15.2842,3.0472,20.1231,6.1303,1.0651,124.0198,0.01,10.0
4282.7,237.3489,71.9584,131.2273,2.6947,135.6903,17.9178,15.7343,14.9425,3.0825,19.0306,6.3925,1.0811,124.4466,0.01,10.0
4283.1,235.7038,71.889,130.8023,2.7087,132.1357,18.5625,16.405,15.5766,3.4247,17.8684,5.9922,1.0733,124.2264,0.01,10.0
4283.5,233.9897,71.889,132.3669,2.7063,139.7905,19.4407,16.4541,15.5954,3.4394,18.4126,6.1587,1.0623,125.4067,0.01,10.0
4283.7,234.4078,71.889,132.6151,2.6961,139.8499,19.562,15.8477,15.028,3.2328,18.6439,6.5663,1.0622,125.5142,0.01,10.0
4283.8,234.4879,71.8525,132.4651,2.6944,137.7103,19.5734,15.5816,14.7811,3.0621,18.6854,6.8786,1.0622,125.4446,0.01,10.0
4283.9,234.3683,71.7545,132.3988,2.6933,135.6351,19.5108,15.4052,14.618,2.888,18.6317,7.1918,1.0398,125.5848,0.01,10.0
4284.0,234.1219,71.634,132.3599,2.6919,134.4873,19.2893,15.3351,14.556,2.7764,18.4753,7.3978,1.0707,125.7886,0.01,10.0
4284.1,233.8443,71.5455,132.2304,2.6903,133.9359,18.911,15.3482,14.5725,2.7172,18.1922,7.542,1.0718,125.861,0.01,10.0
4284.5,233.2491,70.783,130.7004,2.6814,131.8874,17.8287,15.9263,15.1125,2.7275,16.2251,7.8935,1.0542,125.6889,0.01,10.0
4284.6,233.1991,70.783,130.3174,2.683,132.2507,17.5944,16.0994,15.2773,2.7592,16.003,7.8685,1.0529,125.5243,0.01,10.0
4285.1,232.4017,70.783,128.7803,2.7002,134.4826,17.5311,17.0863,16.1969,3.0394,17.4291,6.7454,1.0529,124.2577,0.01,10.0
4285.2,232.2035,70.6051,128.6934,2.6943,135.5037,17.4265,17.2584,16.3614,3.1077,17.9251,6.4135,1.0908,124.2389,0.01,10.0
4285.3,232.1339,70.3164,128.5971,2.6909,136.0409,17.3823,17.3909,16.4872,3.1473,18.3352,6.1644,1.0544,124.6644,0.01,10.0
4285.7,233.1161,70.2211,128.719,2.7052,136.3726,18.1003,17.7606,16.826,3.1192,19.8415,5.6085,1.0603,124.9978,0.01,10.0
4285.8,233.2696,70.3041,128.8206,2.7089,136.3813,18.0491,17.8651,16.9224,3.0776,19.9654,5.6229,1.0121,124.9569,0.01,10.0
4286.1,232.9303,70.5967,129.6814,2.7093,135.5028,18.559,17.8933,16.9348,3.0664,19.7809,5.7009,1.0516,125.2058,0.01,10.0
4286.2,232.7618,70.7086,130.0387,2.7077,135.0168,18.5827,17.7209,16.7697,3.1174,19.713,5.6466,1.054,125.3231,0.01,10.0
4286.3,232.6541,70.8179,130.3288,2.7059,134.8902,18.3247,17.4982,16.5554,3.1841,19.4926,5.6069,1.0196,125.4282,0.01,10.0
4286.7,233.4904,71.2109,131.5527,2.6866,135.1457,17.5937,16.6786,15.7758,3.522,17.6258,5.318,1.0368,125.7738,0.01,10.0
4286.9,234.7971,71.3257,132.0641,2.689,133.381,18.3037,16.3502,15.4772,3.5719,16.6172,5.3888,1.0212,126.04,0.01,10.0
4287.1,236.1449,71.4151,132.5319,2.6849,132.852,18.5687,16.0511,15.1898,3.5078,15.8968,5.6274,1.0212,126.2274,0.01,10.0
4287.4,236.4586,71.6485,132.0587,2.6776,137.3326,18.1936,15.7459,14.8939,3.3574,17.2677,5.5098,1.021,125.6065,0.01,10.0
4287.5,235.673,71.4714,131.5204,2.6851,138.5377,18.2892,15.7629,14.9126,3.2931,17.9156,5.476,1.0075,125.5504,0.01,10.0
4287.6,234.5671,71.2188,130.869,2.6952,138.6574,18.3492,15.8846,15.0318,3.2328,18.2698,5.494,1.0075,125.3586,0.01,10.0
4287.7,233.1886,70.8454,130.1828,2.7039,137.8468,18.2771,16.127,15.2669,3.1823,18.3519,5.5362,1.0075,125.3096,0.01,10.0
4287.8,231.7212,70.5641,129.3712,2.7084,136.9366,18.1513,16.5027,15.627,3.143,18.2407,5.5759,1.0045,125.3521,0.01,10.0
4287.9,230.3353,70.3964,128.5523,2.707,136.6076,18.0413,16.9637,16.0628,3.1168,18.0436,5.597,0.9958,124.8891,0.01,10.0
4288.3,228.6398,69.9911,127.2403,2.6873,131.8034,17.3352,18.4045,17.3787,3.1067,15.3153,5.7724,0.9409,124.283,0.01,10.0
4288.6,229.6929,70.3848,127.775,2.6968,129.0368,17.7491,18.2116,17.1822,3.1229,14.3581,5.8174,0.9332,124.1438,0.01,10.0
4289.2,231.0512,70.9216,128.0799,2.704,134.781,19.6102,16.3851,15.4499,3.1342,15.4782,6.2143,0.9238,123.6025,0.01,10.0
4289.3,231.0622,70.8633,127.6641,2.7032,137.139,19.5454,16.1703,15.2572,3.1706,16.0214,6.0725,0.8805,123.458,0.01,10.0
4289.4,230.9748,70.7425,127.1439,2.6989,138.7621,19.3126,16.0936,15.2,3.2164,16.6197,5.8356,0.8775,123.246,0.01,10.0
4289.6,230.6818,70.1119,125.4333,2.692,137.7481,19.2751,16.4425,15.5628,3.2978,17.8956,5.148,0.8766,122.691,0.01,10.0
4289.8,230.0903,69.0972,123.4013,2.6976,135.7843,19.2746,17.6054,16.6865,3.3387,18.9912,4.4667,0.8766,122.5259,0.01,10.0
4289.9,229.4145,68.5517,122.2348,2.7001,135.7423,19.1715,18.4833,17.5189,3.3447,19.2241,4.2668,0.8776,122.466,0.01,10.0
4290.0,228.4108,68.0573,121.0451,2.7005,134.8866,19.1413,19.5129,18.4857,3.3364,19.1576,4.1934,0.8779,122.1948,0.01,10.0
4290.3,224.4779,67.1378,118.4402,2.695,126.8419,18.8233,22.3466,21.121,3.2085,17.0807,4.8391,0.8318,121.3419,0.01,10.0
4290.4,223.3862,67.0342,118.2581,2.6909,126.3903,18.4338,22.8378,21.5728,3.212,16.6381,4.9904,0.8356,121.361,0.01,10.0
4290.5,222.6551,67.0753,118.4728,2.6865,127.841,18.2133,23.065,21.7774,3.263,16.161,5.1356,0.842,121.4176,0.01,10.0
4290.6,222.4142,67.2313,119.0005,2.6834,130.2829,18.4146,23.0503,21.7551,3.3472,15.5988,5.3025,0.842,121.6508,0.01,10.0
4290.7,222.606,67.6027,119.9583,2.6827,132.4481,18.8443,22.7851,21.4949,3.4358,15.2153,5.414,0.8421,121.8126,0.01,10.0
4290.8,223.1966,68.1212,121.2006,2.6843,134.2195,19.2574,22.3233,21.0465,3.4912,15.1661,5.4479,0.8421,122.0464,0.01,10.0
4291.2,228.7865,70.2254,126.4697,2.7079,139.1908,19.3288,18.8099,17.7036,3.6008,16.073,5.2441,0.8509,123.4363,0.01,10.0
4291.3,230.5259,70.5756,127.2744,2.7119,138.522,19.2477,17.9042,16.8633,3.5836,16.1959,5.2225,0.806,123.557,0.01,10.0
4291.4,232.1738,70.8168,127.8156,2.7113,137.733,19.1462,17.1728,16.1926,3.5472,16.324,5.217,0.8284,123.6281,0.01,10.0
4291.5,233.6131,70.935,128.1076,2.708,137.462,19.0577,16.6359,15.7038,3.507,16.4212,5.224,0.8145,123.7267,0.01,10.0
4291.8,236.229,70.7116,127.7622,2.695,136.5903,19.2904,16.0358,15.1426,3.4153,15.9504,5.4941,0.818,123.7652,0.01,10.0
4292.0,236.5116,70.5412,126.6983,2.6855,135.6636,19.4611,16.0551,15.1572,3.3438,15.4299,5.8742,0.8016,123.3093,0.01,10.0
4292.1,236.252,70.3586,126.183,2.6809,135.839,19.1946,16.1791,15.2807,3.3222,15.2859,6.014,0.7736,123.0453,0.01,10.0
4292.2,235.7091,70.0799,125.7401,2.6779,136.1587,18.7493,16.3864,15.4871,3.3162,15.2247,6.0989,0.7734,123.0555,0.01,10.0
4292.3,234.9888,69.7612,125.2976,2.6795,136.5088,18.2923,16.6708,15.7682,3.3306,15.1904,6.1261,0.7883,123.1575,0.01,10.0
4292.4,234.1965,69.3665,124.8184,2.6812,137.1165,17.8585,16.9782,16.0694,3.3574,15.1929,6.1086,0.7884,123.4321,0.01,10.0
4292.5,233.4637,68.9873,124.2926,2.6836,138.2315,17.5235,17.2653,16.3479,3.3902,15.2671,6.0411,0.7884,123.5806,0.01,10.0
4292.6,232.8407,68.6937,123.7448,2.6859,139.5617,17.3831,17.5004,16.5728,3.4203,15.4381,5.9245,0.7885,123.516,0.01,10.0
4292.7,232.2998,68.4281,123.3021,2.687,140.1368,17.4254,17.709,16.7709,3.439,15.7007,5.7709,0.7885,123.5559,0.01,10.0
4292.8,231.7394,68.1924,122.9118,2.6873,139.3421,17.5205,17.9456,16.9961,3.4455,16.0738,5.571,0.751,123.6244,0.01,10.0
4293.0,230.078,67.8841,122.0631,2.6889,135.4686,17.3728,18.7406,17.7539,3.4133,17.1039,5.0868,0.7455,123.2803,0.01,10.0
4293.2,227.2848,67.9439,121.558,2.6935,135.0721,17.1302,19.8624,18.8106,3.3554,17.9405,4.7616,0.7638,122.8963,0.01,10.0
4293.3,225.7421,68.2204,121.4552,2.695,135.8259,17.1144,20.3256,19.2419,3.3282,18.1443,4.6854,0.7458,122.1356,0.01,10.0
4293.7,224.982,68.8109,121.0875,2.691,132.826,18.137,19.785,18.7138,3.3728,17.1423,4.6674,0.7222,121.098,0.01,10.0
4293.8,226.3064,68.472,120.869,2.6913,132.2965,18.3327,19.2743,18.2337,3.4388,16.8695,4.5611,0.7222,121.4537,0.01,10.0
4294.3,223.032,66.9974,118.3506,2.7155,132.527,15.7022,19.931,18.9254,3.7738,16.1058,4.1142,0.6824,121.6669,0.01,10.0
4294.5,218.7596,66.9349,117.6509,2.7108,134.9533,15.7279,20.4545,19.3972,3.7057,16.4165,4.3107,0.6651,121.1804,0.01,10.0
4294.7,217.5469,67.2002,117.3508,2.6997,136.8597,16.505,20.1625,19.114,3.484,16.5819,4.8632,0.6759,120.3918,0.01,10.0
4294.9,218.3239,67.4134,117.4758,2.6956,135.2968,17.8767,20.0185,19.017,3.2042,16.9394,5.3995,0.6554,120.1692,0.01,10.0
4295.1,218.8736,67.2497,117.487,2.6993,133.5446,17.5984,20.7555,19.7449,2.9917,17.3027,5.8075,0.6556,120.4593,0.01,10.0
4295.2,219.0492,67.1564,117.4457,2.7004,133.5524,16.941,21.2613,20.2232,2.9342,17.3662,5.9686,0.6556,120.5318,0.01,10.0
4295.3,219.3716,67.1305,117.6007,2.6996,134.0303,16.4825,21.6544,20.5852,2.8981,17.3271,6.1449,0.6556,120.7853,0.01,10.0
4295.5,220.6495,67.2957,118.1608,2.6931,135.4468,17.0116,21.8552,20.7438,2.9078,16.9813,6.4561,0.6205,120.9919,0.01,10.0
4295.6,221.3719,67.3783,118.2121,2.6883,135.7026,17.6214,21.7445,20.6321,2.9624,16.7375,6.5271,0.6205,120.8826,0.01,10.0
4295.7,222.0048,67.4217,118.1358,2.6834,135.3771,18.0375,21.6046,20.5036,3.0346,16.4769,6.5558,0.6205,120.7673,0.01,10.0
4295.8,222.5481,67.4531,118.1217,2.6794,135.0068,18.1595,21.5068,20.424,3.1078,16.2014,6.577,0.6204,120.733,0.01,10.0
4296.0,223.37,67.465,118.6128,2.6795,136.547,17.8909,21.5321,20.4696,3.2627,15.8344,6.5059,0.6206,121.2155,0.01,10.0
4296.2,223.8976,67.5975,118.7546,2.6907,138.9216,17.8038,21.5595,20.4834,3.4436,15.6681,6.2996,0.6205,121.0013,0.01,10.0
4296.3,224.2056,67.8393,118.9605,2.696,139.4449,17.7394,21.3532,20.2742,3.5003,15.5359,6.278,0.6204,120.824,0.01,10.0
4296.6,225.3627,68.5078,120.0887,2.6933,142.167,17.3921,19.8856,18.8927,3.5621,15.2246,6.4694,0.6119,120.832,0.01,10.0
4296.8,225.6013,68.571,120.3945,2.6909,143.4275,17.6396,19.2957,18.3732,3.5741,15.1007,6.6219,0.6206,121.0665,0.01,10.0
4296.9,225.4336,68.571,120.4963,2.6936,143.2305,17.7479,19.2733,18.3635,3.5623,15.2215,6.6636,0.6003,121.143,0.01,10.0
4297.5,222.3147,68.1656,120.9234,2.7118,143.5505,18.3998,19.2785,18.3553,3.2357,18.8294,6.2834,0.5906,121.9809,0.01,10.0
4297.6,221.6289,68.0048,121.1301,2.7129,143.6468,18.3193,19.0779,18.1729,3.1926,19.4042,6.1329,0.5906,122.5039,0.01,10.0
4297.7,220.9528,67.8606,121.3799,2.7136,143.2087,18.2151,18.9853,18.0967,3.1525,19.9532,5.9381,0.5906,122.9247,0.01,10.0
4297.8,220.4029,67.7471,121.6013,2.7127,142.2216,18.177,19.0075,18.129,3.1186,20.3984,5.7372,0.577,123.0866,0.01,10.0
4298.1,219.9275,67.2381,122.0187,2.7014,137.0275,17.973,19.4376,18.53,3.1014,20.1663,5.4497,0.5629,124.5613,0.01,10.0
4298.3,220.5346,67.7518,122.391,2.6906,134.6858,17.1636,19.2843,18.3486,3.1315,19.1724,5.6184,0.538,123.8755,0.01,10.0
4298.4,221.1649,67.73,122.3953,2.6864,135.0034,16.4315,18.8956,17.9729,3.1381,18.8263,5.7463,0.5379,123.9541,0.01,10.0
4298.6,222.8012,67.6092,122.3209,2.6837,138.8968,14.8125,18.0452,17.189,3.1649,18.1056,6.1182,0.538,124.095,0.01,10.0
4298.8,223.9905,67.2952,121.9058,2.6905,142.4358,13.8991,17.9108,17.1073,3.2177,17.5067,6.4475,0.5245,124.2518,0.01,10.0
4298.9,224.0752,67.1628,121.7044,2.6928,141.2655,13.7449,18.2314,17.4293,3.256,17.4136,6.3884,0.5159,124.3,0.01,10.0
4299.1,223.6776,67.1402,121.5719,2.6949,135.1319,13.5549,19.6294,18.7556,3.3865,17.3162,5.8753,0.5158,124.19,0.01,10.0
4299.2,223.6869,67.2953,121.6472,2.698,133.8764,13.4176,20.3851,19.457,3.4581,17.1662,5.6419,0.5158,124.1465,0.01,10.0
4299.5,225.6883,68.3862,122.5882,2.7032,137.8969,13.1511,20.9239,19.9155,3.6059,16.1614,5.4321,0.5158,123.272,0.01,10.0
4299.8,226.7462,69.4662,122.1488,2.7023,140.7822,13.4663,19.3093,18.3537,3.4729,15.6064,5.8332,0.5157,121.2545,0.01,10.0
4299.9,226.2292,69.6359,121.1111,2.6984,141.0367,13.5832,18.761,17.8328,3.3908,15.4888,6.0142,0.515,120.3344,0.01,10.0
4300.0,225.3599,69.5616,119.9126,2.6958,139.5927,13.6767,18.429,17.5211,3.2992,15.4836,6.1172,0.5039,118.9671,0.01,10.0
4300.2,222.6646,68.9167,116.8874,2.6893,133.3848,13.8107,18.5174,17.6196,3.159,15.6498,5.8656,0.4973,117.6279,0.01,10.0
4300.3,220.8469,68.3746,114.9451,2.6873,130.5074,13.8363,19.0016,18.093,3.1192,15.615,5.6566,0.497,116.733,0.01,10.0
4300.4,218.7097,67.5647,113.0404,2.6844,128.5571,13.8207,19.7837,18.85,3.0803,15.5224,5.5187,0.5085,116.241,0.01,10.0
4300.6,213.6199,65.6517,110.4793,2.6838,125.5894,13.7178,22.2643,21.2122,2.916,15.5401,5.4689,0.5159,116.3405,0.01,10.0
4300.7,211.0464,64.623,109.5821,2.6876,124.1904,13.599,23.8189,22.6733,2.7768,15.6909,5.5137,0.5054,117.017,0.01,10.0
4300.8,208.7822,63.7039,108.8269,2.6929,123.0429,13.4082,25.4001,24.1532,2.6364,15.8459,5.5956,0.4968,118.2597,0.01,10.0
4301.0,205.5001,62.814,108.5529,2.6979,122.2959,12.8517,28.0776,26.6635,2.4395,15.9832,5.8724,0.4968,119.2246,0.01,10.0
4301.1,204.3698,62.7274,108.9846,2.6975,122.8294,12.5759,29.0251,27.5559,2.3602,15.9982,6.0566,0.4847,120.0686,0.01,10.0
4301.2,203.389,62.7403,109.3451,2.695,123.8424,12.3896,29.6901,28.1817,2.3058,15.9336,6.2717,0.4968,120.5194,0.01,10.0
4301.3,202.445,62.7392,109.4154,2.6929,125.2724,12.3108,30.1163,28.5804,2.2866,15.7966,6.4629,0.4969,120.4204,0.01,10.0
4301.4,201.4967,62.6564,109.8105,2.6925,126.7963,12.3164,30.4022,28.8489,2.294,15.6288,6.5884,0.4857,121.0297,0.01,10.0
4301.5,200.5518,62.4827,110.5371,2.6934,127.8301,12.4089,30.609,29.0501,2.3146,15.4423,6.661,0.4816,121.7835,0.01,10.0
4301.6,199.6543,62.2839,111.1513,2.6977,127.5303,12.5397,30.8048,29.2493,2.3452,15.3374,6.6327,0.4816,122.4958,0.01,10.0
4301.8,198.3441,62.0726,110.9511,2.7024,122.4827,12.6434,31.4687,29.9026,2.4891,16.3474,5.6705,0.4817,123.0989,0.01,10.0
4302.3,199.5116,62.2159,110.4099,2.7022,117.8829,11.8852,32.9903,31.2791,2.5745,17.8848,4.7464,0.4707,122.0912,0.01,10.0
4303.3,208.7236,63.7663,113.0399,2.7173,124.3664,12.5199,28.1188,26.691,2.6798,15.5138,6.2731,0.4557,122.2205,0.01,10.0
4303.4,210.2325,63.8505,113.3781,2.7219,123.787,12.6198,27.9728,26.5412,2.7317,15.8706,5.9248,0.4266,122.3468,0.01,10.0
4303.7,212.5618,64.0169,114.4474,2.7231,120.7709,12.9417,27.0332,25.6458,2.8339,16.4183,5.1614,0.4708,123.0406,0.01,10.0
4303.8,212.1987,64.0277,114.7844,2.7177,121.1149,12.9706,26.8034,25.4373,2.8199,16.4085,5.1719,0.4693,123.2392,0.01,10.0
4303.9,211.4422,64.0603,115.2243,2.7072,122.0826,13.1104,26.7032,25.348,2.7931,16.3788,5.269,0.4639,123.4881,0.01,10.0
4304.0,210.584,64.1298,115.73,2.7025,123.3155,13.646,26.6726,25.3161,2.7669,16.44,5.3735,0.4244,123.9973,0.01,10.0
4304.4,212.591,65.436,118.4333,2.7246,130.8985,16.6883,25.824,24.4179,2.8332,18.4952,5.3828,0.4177,124.2753,0.01,10.0
4304.6,218.0528,66.2067,120.0629,2.7113,133.5254,15.4557,24.0396,22.7081,2.9967,18.9442,5.2566,0.4177,124.5165,0.01,10.0
4304.7,221.222,66.5918,120.7817,2.706,134.4532,15.6114,22.9861,21.7192,3.1044,18.997,5.1579,0.4177,124.5377,0.01,10.0
4305.1,230.6526,67.6251,123.0693,2.6999,140.1959,18.5865,20.0716,19.0198,3.6842,17.6558,4.8281,0.4152,124.8117,0.01,10.0
4305.2,231.6855,67.7553,123.4942,2.6988,139.653,18.203,19.7029,18.6787,3.7275,17.1425,4.8973,0.4152,125.0515,0.01,10.0
4305.3,232.2362,67.9056,123.8566,2.6982,138.8201,17.7026,19.4571,18.4491,3.7402,16.7247,4.9711,0.4152,125.15,0.01,10.0
4305.4,232.5336,68.0914,124.1786,2.698,138.2884,17.3327,19.316,18.3138,3.7482,16.4071,5.0136,0.4171,125.1169,0.01,10.0
4305.5,232.7186,68.2843,124.4871,2.6985,137.71,17.221,19.2405,18.2376,3.7405,16.0166,5.0847,0.4152,125.0671,0.01,10.0
4305.7,233.1776,68.5013,124.8438,2.6997,134.7384,17.6792,19.1563,18.1481,3.6394,14.8473,5.4809,0.4178,125.0462,0.01,10.0
4305.8,233.5011,68.373,124.928,2.6983,133.3999,17.7829,19.0761,18.0711,3.5937,14.2819,5.6999,0.4178,125.4341,0.01,10.0
4305.9,233.7935,68.1127,125.066,2.6947,133.0966,17.5935,18.9449,17.9481,3.5824,13.8317,5.8386,0.4177,125.936,0.01,10.0
4306.4,232.6722,68.4339,125.0757,2.6773,130.9543,16.3116,18.4691,17.5004,3.601,13.9659,5.8205,0.4018,125.2572,0.01,10.0
4306.5,232.2594,68.422,125.1427,2.6807,131.4599,16.3045,18.5789,17.5955,3.4912,14.5863,5.8971,0.4024,125.3534,0.01,10.0
4306.6,232.0127,68.3695,125.0625,2.6869,133.1829,16.4481,18.6922,17.691,3.3068,15.5662,6.0177,0.4179,125.437,0.01,10.0
4306.7,231.9451,68.3213,124.8725,2.6946,135.3711,16.6793,18.7711,17.7538,3.0783,16.7721,6.151,0.3852,125.3912,0.01,10.0
4307.0,232.2743,68.1991,124.1843,2.7101,136.0794,17.5244,18.7128,17.6866,2.6912,18.4563,6.3552,0.377,125.0696,0.01,10.0
4307.3,231.6353,67.7534,122.5679,2.7093,131.5791,17.4546,18.5108,17.5235,2.5804,18.0227,6.347,0.3943,124.4136,0.01,10.0
4307.6,227.8873,66.4018,119.7308,2.7034,128.1138,17.7685,20.2285,19.1868,2.7232,16.5725,6.0397,0.3944,123.919,0.01,10.0
4307.8,224.1657,65.2802,118.2461,2.7091,121.3766,17.0597,22.8253,21.6398,2.7594,15.3581,5.8508,0.3944,124.5,0.01,10.0
4307.9,222.4174,64.9577,117.793,2.7129,119.6924,16.2813,24.3703,23.082,2.7589,15.2294,5.8121,0.3944,124.553,0.01,10.0
4308.1,219.8658,64.6652,117.6688,2.7144,120.1587,15.0264,26.7196,25.2287,2.7659,15.435,5.7001,0.4066,124.9589,0.01,10.0
4308.3,219.7506,64.963,118.786,2.7103,124.0715,15.3881,26.5957,25.0462,2.8314,16.5595,5.2969,0.4129,125.2883,0.01,10.0
4308.4,220.5935,65.2653,119.5153,2.6912,126.603,16.2417,25.6814,24.1691,2.8769,17.2395,5.0953,0.4129,125.5653,0.01,10.0
4308.5,221.9324,65.7861,120.2703,2.6811,128.5608,17.1902,24.4766,23.0306,2.9171,17.54,5.0268,0.4129,125.397,0.01,10.0
4308.7,225.0524,66.794,121.9051,2.6767,130.7885,17.7238,21.8369,20.575,3.0237,16.4764,5.3849,0.4129,125.2522,0.01,10.0
4308.8,226.302,67.1849,122.4977,2.6821,131.8818,17.3046,20.7622,19.5876,3.0853,15.499,5.7013,0.4129,125.1741,0.01,10.0
4308.9,227.0519,67.5029,122.9464,2.6884,132.6298,16.9861,20.0485,18.9363,3.133,14.4353,6.0412,0.4129,125.1085,0.01,10.0
4309.1,227.2249,67.7036,123.5815,2.6907,131.9796,17.2584,19.5476,18.4789,3.1822,12.5363,6.6526,0.4094,125.3339,0.01,10.0
4309.3,227.176,67.6571,123.8026,2.6783,130.7198,17.4872,19.5717,18.4945,3.1551,11.7469,6.9733,0.3963,125.5532,0.01,10.0
4309.4,227.4925,67.6484,123.805,2.6713,130.7813,17.3955,19.6031,18.5235,3.1096,11.7905,7.0223,0.39,125.5674,0.01,10.0
4309.9,228.1207,67.7779,123.7856,2.684,127.2697,17.4302,19.4893,18.4512,2.9427,13.9172,6.5896,0.4048,125.396,0.01,10.0
4310.1,226.9468,67.8218,123.6119,2.6849,126.6219,16.9896,19.5615,18.5249,3.0341,13.9611,6.3971,0.3638,125.1903,0.01,10.0
4310.2,226.4346,67.8472,123.4731,2.6844,127.1247,16.5693,19.5929,18.5534,3.1173,13.8108,6.2826,0.3989,125.076,0.01,10.0
4310.3,226.0944,67.8784,123.3218,2.6843,127.9612,16.1738,19.5894,18.5481,3.2201,13.6127,6.1445,0.4074,124.9686,0.01,10.0
4310.7,226.3546,67.6855,122.6126,2.6777,130.9437,16.3558,19.402,18.3761,3.5744,13.8465,5.3188,0.3915,124.5879,0.01,10.0
4311.0,226.7731,67.3101,122.1005,2.6814,129.3346,16.9851,19.6003,18.5763,3.5782,16.3524,4.438,0.3969,124.7367,0.01,10.0
4311.1,226.5895,67.194,121.9546,2.6845,128.8172,17.1295,19.7704,18.7376,3.5131,17.2924,4.2265,0.3969,124.8053,0.01,10.0
4311.2,226.262,67.1188,121.8324,2.6877,128.9878,17.2353,19.9471,18.9014,3.4163,18.1874,4.0818,0.3884,124.809,0.01,10.0
4311.3,225.8521,67.0688,121.7306,2.6901,129.5799,17.1773,20.1095,19.0503,3.2996,19.0407,3.9905,0.372,124.8008,0.01,10.0
4311.4,225.4183,67.0276,121.6392,2.6911,129.9929,16.8701,20.2536,19.1832,3.1787,19.8509,3.9255,0.372,124.7903,0.01,10.0
4311.5,224.9935,66.9795,121.5328,2.6903,129.1422,16.4618,20.3819,19.307,3.0551,20.5145,3.8934,0.4128,124.7855,0.01,10.0
4311.6,224.5858,66.9173,121.3835,2.6885,126.8633,16.1469,20.5085,19.4354,2.9191,20.9741,3.9231,0.4128,124.7427,0.01,10.0
4311.7,224.2026,66.8427,121.1923,2.6882,123.9765,16.0927,20.6432,19.576,2.7973,21.2102,3.9742,0.4128,124.6983,0.01,10.0
4311.9,223.5011,66.7107,120.8855,2.6967,121.3346,16.536,20.9439,19.8827,2.6986,21.1448,4.0362,0.3943,124.6586,0.01,10.0
4312.1,223.1176,66.617,120.5853,2.7073,122.8097,16.6123,21.2206,20.1469,2.7526,20.7176,3.9428,0.3943,124.5906,0.01,10.0
4312.2,222.9312,66.5519,120.3284,2.7079,122.8466,16.3708,21.3081,20.2301,2.8007,20.3821,3.8593,0.4053,124.4222,0.01,10.0
4312.4,222.7197,66.0,119.7581,2.7043,121.1058,15.7584,21.5091,20.4365,2.8811,19.6682,3.7605,0.3762,124.6548,0.01,10.0
4312.5,222.4371,65.5569,119.5642,2.7031,119.6449,15.5519,21.8318,20.7569,2.8963,19.4313,3.7191,0.4179,125.424,0.01,10.0
4312.7,220.5551,64.8557,119.2014,2.7023,116.43,15.2893,23.2951,22.165,2.8537,19.0902,3.7944,0.4155,125.9989,0.01,10.0
4312.8,219.0063,64.7213,119.1222,2.7018,115.5818,15.585,24.3441,23.1501,2.8205,18.9616,3.9085,0.4179,126.3279,0.01,10.0
4313.3,220.6307,66.8031,122.7513,2.6929,128.2509,18.391,21.7228,20.4724,2.8784,18.0862,5.5402,0.4153,126.0898,0.01,10.0
4313.9,240.4922,70.8769,128.2641,2.6855,139.3669,17.2427,15.7228,14.935,3.335,16.3308,5.8927,0.469,124.5956,0.01,10.0
4314.2,237.1224,70.553,127.2363,2.707,136.3403,17.9446,17.2311,16.3809,3.3006,15.8514,6.1122,0.4575,124.2506,0.01,10.0
4314.3,235.1933,70.1504,126.5682,2.7109,133.934,18.0105,17.7728,16.8949,3.2832,15.7946,6.1499,0.4707,124.314,0.01,10.0
4314.4,233.3904,69.8199,125.9826,2.7099,132.357,17.9015,18.1784,17.2785,3.298,15.7816,6.1348,0.4817,124.314,0.01,10.0
4314.5,231.8548,69.5763,125.5075,2.7063,132.2242,17.6605,18.431,17.5169,3.3486,15.7292,6.1099,0.4817,124.2808,0.01,10.0
4314.8,229.2603,69.3536,124.8566,2.7021,136.5927,16.8727,18.543,17.6294,3.4772,15.5974,6.1495,0.508,124.0879,0.01,10.0
4315.1,228.7429,69.4785,125.228,2.7044,136.9071,16.3637,18.5865,17.6681,3.3922,15.7638,6.4317,0.5382,124.145,0.01,10.0
4315.2,228.8935,69.7281,125.1919,2.7026,136.4051,16.2521,18.6611,17.739,3.313,15.9333,6.5539,0.5382,123.6861,0.01,10.0
4315.3,229.1154,69.7946,125.1106,2.6998,135.9512,16.1469,18.7954,17.8709,3.2137,16.1999,6.6579,0.5633,123.6816,0.01,10.0
4315.4,229.2601,69.7213,124.9563,2.6965,135.2887,16.1455,19.0287,18.097,3.11,16.537,6.7311,0.5633,123.6559,0.01,10.0
4315.7,227.9281,68.77,123.9702,2.6861,131.2286,17.1432,20.3153,19.2932,2.8154,17.9129,6.6634,0.591,124.2174,0.01,10.0
4315.8,227.0397,68.576,123.3989,2.6848,130.7371,17.353,20.7899,19.7261,2.7724,18.268,6.5393,0.591,123.9711,0.01,10.0
4316.0,225.6361,68.3832,122.8104,2.6865,131.6426,16.9103,21.4216,20.2944,2.759,18.9892,6.1262,0.6209,124.048,0.01,10.0
4316.1,225.3679,68.5025,122.5069,2.6874,131.4961,16.6722,21.5312,20.389,2.7753,19.3677,5.8576,0.6209,123.7697,0.01,10.0
4316.3,225.7549,68.3691,122.0576,2.6894,130.1813,16.84,21.5178,20.3705,2.8403,19.661,5.4072,0.6527,123.279,0.01,10.0
4316.6,226.6022,67.7038,121.6931,2.7035,129.2666,16.3631,21.6,20.455,2.9063,18.6593,5.3755,0.6558,124.1013,0.01,10.0
4316.7,226.6452,67.6383,121.4754,2.707,128.4883,16.146,21.6544,20.511,2.9106,18.167,5.5085,0.6558,124.0049,0.01,10.0
4317.1,226.155,67.6049,121.2394,2.6966,128.0299,15.5548,21.7835,20.6315,2.777,16.279,6.4866,0.7209,123.7726,0.01,10.0
4317.2,226.1542,67.6213,121.214,2.6941,129.3827,15.2154,21.8372,20.6727,2.7053,16.1497,6.7103,0.7042,123.717,0.01,10.0
4317.3,226.2385,67.627,121.2126,2.6947,130.3168,15.0939,21.9093,20.7302,2.6516,16.0096,6.8907,0.7041,123.7223,0.01,10.0
4317.5,226.4118,67.6328,121.2426,2.7011,129.3808,15.7333,22.1103,20.9061,2.6264,15.3521,7.1963,0.7437,123.739,0.01,10.0
4317.6,226.3386,67.6159,121.2467,2.7059,128.2987,16.1149,22.2323,21.0192,2.6525,14.9671,7.2983,0.7503,123.7579,0.01,10.0
4318.2,224.7255,67.5057,121.104,2.7237,130.8518,15.2791,22.2704,21.0558,3.4354,14.0437,6.412,0.7883,123.846,0.01,10.0
4318.5,225.4381,67.6003,121.7131,2.6986,133.4964,15.3786,22.0806,20.8772,3.743,14.9505,5.5341,0.8193,124.0808,0.01,10.0
4318.9,226.2561,68.4122,124.7139,2.7075,131.599,16.4911,22.271,21.0772,3.5306,15.9367,5.5088,0.8574,125.5172,0.01,10.0
4319.0,226.3307,68.6157,125.437,2.7028,130.8961,16.6246,22.3266,21.1265,3.4231,16.0688,5.6574,0.8506,125.7663,0.01,10.0
4319.2,226.0999,68.7023,126.6991,2.6823,129.5553,17.0846,22.3976,21.1777,3.2278,15.9652,6.0846,0.8872,126.5772,0.01,10.0
4319.5,224.6351,68.6758,127.1157,2.6616,131.1439,17.4855,22.4318,21.1863,3.1716,15.214,6.479,0.9237,126.969,0.01,10.0
4319.8,223.0619,68.6968,127.1019,2.6827,132.4989,17.3546,22.4133,21.1708,3.4121,14.7777,6.1618,0.9227,126.9338,0.01,10.0
4319.9,222.7389,68.7016,127.0949,2.6915,132.9617,17.0968,22.4137,21.175,3.4821,14.864,5.9651,0.9234,126.9341,0.01,10.0
4320.3,222.9818,68.6972,127.0378,2.7028,128.083,16.238,22.3764,21.156,3.4093,15.2761,5.6042,0.9776,126.9028,0.01,10.0
4320.4,223.3005,68.693,127.015,2.7028,125.463,16.0989,22.435,21.2155,3.3022,15.2523,5.6507,0.9789,126.8948,0.01,10.0
4321.5,225.4966,69.2119,127.2019,2.6993,129.9693,16.3851,21.4826,20.2998,2.8584,18.196,6.0316,1.064,126.337,0.01,10.0
4321.8,223.4522,69.124,127.165,2.7115,128.6115,18.8807,21.4808,20.281,2.8874,18.9001,5.721,1.0938,126.5158,0.01,10.0
4321.9,223.0824,68.8308,127.1337,2.7102,127.1397,19.2283,21.4054,20.1933,2.91,18.8763,5.6771,1.0804,127.043,0.01,10.0
4322.1,223.6139,68.6954,126.8624,2.7056,126.1615,18.3035,20.9063,19.6934,2.9583,18.6942,5.6568,1.0856,126.8104,0.01,10.0
4322.2,224.5335,68.6998,126.8463,2.7044,127.8619,17.7834,20.5327,19.3344,3.0212,18.467,5.6589,1.1006,126.8027,0.01,10.0
4322.4,227.4216,68.6961,126.8334,2.7035,132.9588,17.8089,19.8474,18.6922,3.1847,17.9044,5.6356,1.0889,126.8037,0.01,10.0
4322.6,230.4262,68.6661,126.8281,2.7049,134.2066,18.6087,19.5284,18.4029,3.2076,17.8056,5.5861,1.1169,126.8486,0.01,10.0
4322.7,231.411,68.6538,126.8211,2.7072,132.9699,18.8973,19.5128,18.3928,3.1825,17.8031,5.5965,1.0889,126.8676,0.01,10.0
4322.8,231.852,68.6475,126.8141,2.7094,130.9333,18.9496,19.5448,18.4257,3.1088,17.8797,5.6352,1.1112,126.8747,0.01,10.0
4322.9,231.6153,68.6487,126.8082,2.7099,128.4366,18.7243,19.5886,18.4675,2.996,18.0052,5.6992,1.1095,126.8755,0.01,10.0
4323.0,230.8748,68.6574,126.8052,2.7076,126.2148,18.3123,19.6194,18.4954,2.885,18.0867,5.7847,1.1092,126.858,0.01,10.0
4323.1,229.8432,68.6602,126.8027,2.7027,125.2305,17.8528,19.6361,18.5102,2.8252,17.97,5.9029,1.1262,126.8564,0.01,10.0
4323.2,228.7883,68.6526,126.8034,2.6978,125.6045,17.5531,19.6533,18.5276,2.8062,17.6937,6.0591,1.1168,126.8674,0.01,10.0
4323.3,227.9805,68.634,126.8253,2.6947,126.5798,17.5082,19.6829,18.5582,2.8006,17.337,6.2591,1.086,126.909,0.01,10.0
4323.6,228.0444,68.7949,127.4016,2.6906,127.5674,17.9336,19.6235,18.4828,2.8302,16.5638,6.7339,1.065,127.167,0.01,10.0
4323.7,228.7657,68.9722,127.6933,2.689,128.4288,17.9297,19.4163,18.2704,2.8729,16.1686,6.9162,1.1007,127.1448,0.01,10.0
4323.9,230.6238,69.4089,128.3759,2.6958,131.975,17.9202,18.6679,17.5406,2.9683,15.7147,7.1231,1.0535,126.982,0.01,10.0
4324.0,231.5606,69.6116,128.8793,2.7023,133.392,18.0573,18.1877,17.0875,2.9998,15.944,7.0512,1.0872,127.0461,0.01,10.0
4324.1,232.3936,69.8185,129.4321,2.7053,133.9198,18.1829,17.7369,16.667,3.0152,16.4505,6.8909,1.0732,127.2546,0.01,10.0
4324.2,233.0219,70.0579,129.9335,2.7035,133.5249,18.1155,17.3702,16.3269,3.0185,17.1067,6.6952,1.0553,127.3346,0.01,10.0
4324.4,233.7167,70.5557,130.7342,2.6968,131.9351,17.4289,16.9376,15.9271,2.9946,18.2516,6.3805,1.0369,127.2194,0.01,10.0
4324.5,233.8819,70.7566,131.1357,2.6989,131.8449,17.294,16.7841,15.7893,2.9725,18.6291,6.2995,1.0232,127.238,0.01,10.0
4324.6,234.0525,70.9014,131.4823,2.7035,132.3371,17.5341,16.629,15.6531,2.9489,18.933,6.2579,1.0627,127.2695,0.01,10.0
4324.7,234.2867,70.9922,131.7301,2.7051,133.2724,17.9847,16.4633,15.5062,2.9313,19.1422,6.2546,1.0297,127.3618,0.01,10.0
4324.8,234.6131,71.0326,131.7964,2.7016,134.4265,18.3531,16.2933,15.3515,2.9301,19.1853,6.2757,1.0079,127.3655,0.01,10.0
4325.0,235.3919,71.0715,131.7842,2.6872,135.0289,18.5508,16.0368,15.1112,3.0146,19.0235,6.1556,1.0067,127.2969,0.01,10.0
4325.2,235.9554,71.0315,131.6583,2.6829,133.7465,18.6492,16.0881,15.165,3.1572,19.2806,5.659,0.9791,127.2655,0.01,10.0
4325.3,236.1164,70.9571,131.4972,2.6844,134.3792,18.7825,16.2431,15.3128,3.2278,19.6817,5.2933,0.9771,127.2393,0.01,10.0
4325.5,236.3536,70.7302,130.7081,2.6879,136.149,19.3505,16.6583,15.6989,3.2885,20.7802,4.5817,0.9705,127.0258,0.01,10.0
4325.7,236.3256,70.5034,130.063,2.6894,132.5302,19.6927,17.1423,16.1482,3.1244,21.4833,4.3463,0.9698,126.8765,0.01,10.0
4326.1,233.0395,70.3566,128.93,2.7086,131.1403,17.7385,17.9745,16.927,2.8191,19.5167,5.7671,0.9246,126.1599,0.01,10.0
4326.5,229.5078,70.3939,130.3297,2.6932,133.8126,18.6277,18.1137,17.0579,2.768,16.9121,7.6032,0.8922,127.137,0.01,10.0
4326.6,229.5569,70.4436,131.0199,2.6904,134.6764,18.8958,17.9919,16.9494,2.8133,17.0521,7.6043,0.8627,127.3294,0.01,10.0
4326.7,229.9731,70.5166,131.7728,2.6913,135.6235,19.1291,17.8115,16.7829,2.8615,17.4094,7.4972,0.84,128.0718,0.01,10.0
4326.8,230.65,70.6255,132.3696,2.6939,136.029,19.3291,17.5642,16.5494,2.8947,17.8983,7.3217,0.8326,128.4604,0.01,10.0
4327.0,232.2932,70.8533,133.0576,2.6953,135.0662,19.5682,16.8866,15.9086,2.9206,18.7971,7.0005,0.8066,128.5815,0.01,10.0
4327.1,233.0634,70.9833,133.3752,2.6936,135.2577,19.4412,16.5379,15.582,2.94,19.0678,6.8691,0.8066,128.6444,0.01,10.0
4327.6,233.8243,71.1897,133.9221,2.6984,135.7232,18.9807,16.0781,15.1692,3.1961,16.534,7.005,0.7458,128.7764,0.01,10.0
4327.8,232.8918,71.0857,134.0657,2.7011,133.6045,18.9175,16.2785,15.3703,3.3838,14.9416,7.0252,0.7217,128.9871,0.01,10.0
4327.9,232.4213,71.0319,134.0623,2.7001,133.1725,19.039,16.3581,15.4453,3.4509,14.3901,7.022,0.7217,129.0976,0.01,10.0
4328.0,232.0338,70.9846,134.0805,2.6976,132.4805,19.1285,16.4192,15.4987,3.5052,13.8832,7.0531,0.7193,129.1802,0.01,10.0
4328.1,231.7487,70.9493,134.1543,2.6948,131.59,18.9791,16.4701,15.5397,3.5487,13.475,7.1012,0.687,129.2223,0.01,10.0
4328.4,231.2599,70.9111,134.47,2.7063,133.0747,18.4064,16.5974,15.6439,3.4253,14.0232,7.4371,0.6569,129.5217,0.01,10.0
4328.5,231.1222,70.8942,134.539,2.7111,134.9426,18.7737,16.6079,15.6523,3.2925,14.6586,7.6689,0.6464,129.6322,0.01,10.0
4328.7,230.862,70.8914,134.5577,2.7118,138.0257,19.3442,16.5426,15.5807,3.0711,15.7096,8.022,0.629,129.6403,0.01,10.0
4328.9,230.7138,71.0116,134.4199,2.7088,138.6365,18.971,16.3536,15.3864,2.9148,16.3743,8.1786,0.614,129.5871,0.01,10.0
4329.0,230.6823,71.084,134.2946,2.7042,137.5386,18.8049,16.2487,15.2865,2.871,16.6211,8.1179,0.5811,129.2395,0.01,10.0
4329.2,230.5947,71.1463,134.2661,2.6923,134.4523,18.7573,16.0876,15.1512,2.9048,17.0158,7.5874,0.5578,129.1214,0.01,10.0
4329.4,230.416,71.1472,134.2451,2.6929,133.1412,18.8291,15.9761,15.0598,2.9561,17.2952,7.0538,0.5377,129.1293,0.01,10.0
4329.6,230.2417,71.1676,134.018,2.7042,131.1838,18.9555,15.9156,14.9943,2.9908,17.5874,6.5526,0.518,128.9364,0.01,10.0
4329.9,230.1191,71.0828,133.1204,2.7125,132.5596,18.9652,15.9888,15.0512,3.0153,17.5062,6.3213,0.5083,128.4348,0.01,10.0
4330.1,230.028,71.1342,132.4381,2.7022,135.1757,18.9801,16.145,15.2133,3.0161,16.4907,6.7268,0.4625,128.0338,0.01,10.0
4330.4,229.7487,71.221,131.8288,2.6927,133.8878,18.9603,16.4063,15.4767,2.9426,14.4214,7.8091,0.4683,127.3242,0.01,10.0
4330.6,229.5015,71.2176,131.7674,2.6996,132.8703,19.1935,16.5478,15.6047,2.9005,13.2827,8.3802,0.4547,127.261,0.01,10.0
4330.8,229.3479,71.2262,131.761,2.7117,132.5138,19.2053,16.7022,15.7407,2.9026,12.8396,8.5358,0.43,127.2506,0.01,10.0
4330.9,229.3788,71.2335,131.7614,2.7177,132.6544,19.0189,16.7711,15.8024,2.9242,12.9321,8.4361,0.4571,127.245,0.01,10.0
4331.2,229.7888,71.2777,131.7691,2.7105,134.9049,17.9416,16.773,15.7778,3.1319,13.9876,7.4989,0.4574,127.1881,0.01,10.0
4331.3,229.9853,71.2915,131.802,2.7008,135.8446,17.6179,16.6871,15.685,3.2015,14.3261,7.2167,0.4623,127.2,0.01,10.0
4331.4,230.228,71.3061,131.8589,2.6945,136.2156,17.446,16.5629,15.5595,3.238,14.6255,7.07,0.4613,127.2338,0.01,10.0
4331.5,230.5326,71.3283,131.8973,2.6945,135.7983,17.4744,16.4168,15.4179,3.2628,14.9777,6.9643,0.4419,127.25,0.01,10.0
4331.6,230.8923,71.3515,131.8538,2.6999,135.0628,17.6401,16.265,15.2738,3.2751,15.3625,6.8827,0.4375,127.2147,0.01,10.0
4331.9,231.9061,71.4031,131.1187,2.71,136.8739,17.8208,15.9166,14.947,3.1797,16.229,7.0124,0.4378,126.6277,0.01,10.0
4332.1,232.0522,71.3206,130.1133,2.6952,135.8088,17.881,15.8346,14.8815,3.0609,16.1806,7.2341,0.4705,126.2517,0.01,10.0
4332.3,231.7114,71.0233,128.2966,2.6856,133.0844,18.2111,15.9398,15.0028,2.9705,15.9553,7.2859,0.5091,124.9158,0.01,10.0
4332.6,229.8582,69.9406,125.4918,2.687,130.4568,18.5551,16.7951,15.8225,2.881,15.663,7.2559,0.519,124.261,0.01,10.0
4332.7,228.5645,69.459,124.583,2.6858,130.6962,18.5312,17.3577,16.3482,2.8487,15.7123,7.234,0.5389,124.2544,0.01,10.0
4333.0,223.2488,67.9722,122.6271,2.6777,133.6263,18.3765,19.6757,18.5028,2.7781,15.8981,7.2317,0.5764,124.5264,0.01,10.0
4333.1,221.4805,67.4704,122.2915,2.6774,132.5827,18.4647,20.5214,19.2881,2.7609,15.8477,7.3131,0.5838,125.258,0.01,10.0
4333.2,219.8918,67.0144,121.9813,2.6806,131.1782,18.4434,21.312,20.0243,2.747,15.8183,7.3975,0.6,125.7832,0.01,10.0
4333.3,218.4823,66.582,121.7823,2.6869,130.7222,18.2023,21.9899,20.6593,2.7433,15.8071,7.4583,0.607,125.9209,0.01,10.0
4333.4,217.2423,66.2045,121.6412,2.694,131.6922,17.8814,22.5492,21.1864,2.7434,15.7767,7.5287,0.6192,126.6427,0.01,10.0
4333.6,215.3113,65.8665,121.4958,2.7013,135.173,17.9573,23.2565,21.8568,2.739,15.7195,7.6671,0.6485,127.0209,0.01,10.0
4333.8,214.374,66.0966,121.4491,2.6924,134.0738,18.8844,23.3646,21.9586,2.769,16.0711,7.3756,0.6903,126.5967,0.01,10.0
4334.0,214.5831,66.6588,121.5558,2.6782,130.9791,19.1339,23.0253,21.6347,2.8384,16.5861,6.8525,0.7036,125.926,0.01,10.0
4334.1,214.9991,66.8615,121.561,2.677,130.0615,19.0105,22.7953,21.4171,2.866,16.6776,6.69,0.7179,125.5228,0.01,10.0
4334.3,216.0013,67.051,121.5708,2.6951,129.3166,18.763,22.3447,20.9966,2.9202,16.6129,6.4899,0.7539,125.3742,0.01,10.0
4334.5,216.7499,67.0554,121.5497,2.7158,130.727,18.6936,21.9821,20.6689,2.9639,16.0214,6.589,0.7939,125.3559,0.01,10.0
4334.7,217.1606,66.9959,121.4739,2.7114,131.0059,18.6139,21.7395,20.4683,2.9644,14.6322,7.1448,0.8072,125.3919,0.01,10.0
4335.0,218.5629,66.7735,121.1735,2.704,129.6415,18.5393,21.7538,20.5057,2.8694,13.9443,7.5164,0.8543,125.497,0.01,10.0
4335.1,219.5001,66.6849,121.0355,2.7026,129.401,18.6437,21.8521,20.5958,2.8204,14.2156,7.4305,0.8906,125.4984,0.01,10.0
4336.0,220.7008,66.6648,121.3172,2.7008,130.0876,18.7614,21.2521,20.1021,2.5088,13.2467,7.7539,0.9702,125.8044,0.01,10.0
4336.1,219.9733,66.6805,121.2366,2.7096,129.5699,18.5584,21.3594,20.2084,2.6322,12.8097,7.6367,1.0162,125.6928,0.01,10.0
4336.2,219.2938,66.6658,121.079,2.7145,128.6919,18.3493,21.5335,20.3787,2.7639,12.5442,7.4523,1.0157,125.6737,0.01,10.0
4336.3,218.6491,66.6214,120.8819,2.7143,128.3469,18.2141,21.7514,20.5903,2.8851,12.4028,7.2484,1.0163,125.514,0.01,10.0
4336.5,217.2737,66.4622,120.4168,2.7054,130.3519,18.0718,22.2659,21.0802,3.0706,12.6691,6.7401,1.0246,125.4343,0.01,10.0
4336.7,215.8563,66.3335,120.0596,2.7025,131.9168,18.1777,22.6738,21.4531,3.1845,13.2924,6.251,1.0773,125.2658,0.01,10.0
4336.8,215.4502,66.3763,120.1025,2.7063,130.481,18.3645,22.7476,21.5108,3.2069,13.8837,5.9331,1.0863,125.2644,0.01,10.0
4337.0,215.9434,66.6781,120.5098,2.7143,126.0836,18.2601,22.6056,21.3636,3.1996,15.3938,5.1514,1.1086,125.1189,0.01,10.0
4337.2,218.6658,67.3086,121.3751,2.7009,127.0321,17.4023,21.9748,20.7922,3.1514,16.3206,4.7558,1.0938,124.9136,0.01,10.0
4337.3,220.8538,67.6416,121.8928,2.6917,127.7881,17.2532,21.5082,20.3704,3.1367,16.4882,4.6993,1.118,124.8369,0.01,10.0
4337.4,222.9626,67.9535,122.3052,2.6883,127.0252,17.4697,21.0026,19.9088,3.1217,16.4584,4.7321,1.1003,124.8049,0.01,10.0
4337.5,224.4256,68.1929,122.6605,2.6933,125.3984,17.986,20.5214,19.4642,3.1008,16.2573,4.8621,1.1153,124.7125,0.01,10.0
4337.7,225.3145,68.0762,123.6919,2.7058,125.8554,19.0461,19.8021,18.7903,3.0516,15.4643,5.4712,1.1379,125.5828,0.01,10.0
4337.8,224.8504,68.1719,124.163,2.706,128.9573,19.2001,19.6507,18.6449,3.025,14.7118,6.1116,1.1395,125.9515,0.01,10.0
4337.9,224.0498,68.2689,124.5757,2.7045,132.5664,19.1023,19.6323,18.6246,2.9922,14.0469,6.7612,1.1335,126.238,0.01,10.0
4338.1,222.9465,68.8834,125.4543,2.7036,136.9084,18.736,19.738,18.7218,2.9224,13.9205,7.3076,1.1647,125.9324,0.01,10.0
4338.3,224.3644,69.1289,126.4443,2.7001,134.7596,18.5138,19.5065,18.5118,2.8208,15.3977,6.9783,1.1537,126.3459,0.01,10.0
4338.6,228.8241,69.4912,127.2316,2.7037,130.9226,18.9084,18.5193,17.6009,2.6535,17.5209,6.2897,1.1462,126.4616,0.01,10.0
4338.7,229.5049,69.5721,127.4112,2.711,130.543,19.0358,18.2644,17.3591,2.6417,17.6234,6.1628,1.1687,126.5047,0.01,10.0
4339.2,227.6368,69.8296,127.999,2.718,129.5061,17.9727,18.1242,17.2108,2.76,15.6054,6.2257,1.1523,126.6005,0.01,10.0
4339.5,229.5984,70.0714,128.2801,2.7001,130.4259,18.8527,17.808,16.9046,2.8262,14.5475,6.5859,1.1339,126.5075,0.01,10.0
4339.7,231.0733,70.2388,128.3021,2.7008,131.6348,18.8519,17.5289,16.6277,2.7856,14.2032,6.8986,1.1399,126.317,0.01,10.0
4339.8,231.5257,70.2395,128.2005,2.7017,130.9653,18.6538,17.4084,16.5061,2.766,14.0873,7.0219,1.1398,126.2075,0.01,10.0
4339.9,231.7532,70.1757,127.9517,2.7019,129.545,18.3761,17.3156,16.4103,2.7564,13.9705,7.1214,1.1561,126.074,0.01,10.0
4340.3,231.1103,69.8326,126.6866,2.6825,130.0865,19.0157,17.6805,16.7538,2.8798,14.1469,7.0271,1.1209,125.6251,0.01,10.0
4340.5,230.13,69.5999,126.2414,2.6753,133.6078,19.2674,18.2489,17.307,3.0383,15.0352,6.5656,1.1262,125.605,0.01,10.0
4340.6,229.5513,69.5182,126.0392,2.6811,135.39,18.8555,18.5142,17.5657,3.1419,15.7271,6.2052,1.1215,125.5936,0.01,10.0
4340.8,228.4252,69.4821,125.9259,2.6958,137.5083,18.1615,18.8508,17.8932,3.3364,17.2445,5.3904,1.0996,125.5326,0.01,10.0
4341.0,227.789,69.4629,126.0777,2.7008,135.8796,18.4982,18.8928,17.9294,3.4395,18.1048,4.8077,1.0863,125.6857,0.01,10.0
4341.1,227.7489,69.4399,126.1185,2.7015,134.3851,18.8908,18.8389,17.8723,3.4582,18.1575,4.6865,1.0799,125.7725,0.01,10.0
4341.3,227.9362,69.3939,126.2433,2.6993,130.8868,19.6972,18.6649,17.6896,3.4181,17.3998,4.8492,1.0705,125.9365,0.01,10.0
4341.6,227.3285,69.4043,126.5653,2.6928,133.0615,19.5451,18.516,17.5323,3.2588,15.1363,5.8943,1.0162,126.162,0.01,10.0
4341.7,226.8067,69.4188,126.5804,2.6881,135.7158,19.1163,18.5242,17.5399,3.184,14.24,6.3959,1.0156,126.1614,0.01,10.0
4341.9,225.9378,69.4302,126.6159,2.6756,137.7861,18.2587,18.5462,17.5596,3.0993,13.5392,6.8289,0.9806,126.178,0.01,10.0
4342.2,226.4829,69.4339,126.5706,2.6682,132.8963,17.6283,18.4702,17.481,3.0868,15.0521,6.1285,0.9802,126.1185,0.01,10.0
4342.3,227.0377,69.3018,126.4227,2.6695,130.9425,17.5863,18.4159,17.4292,3.0899,15.755,5.7555,0.965,126.1379,0.01,10.0
4342.4,227.5859,69.0878,126.2057,2.6723,129.1937,17.6089,18.3682,17.3876,3.0851,16.2892,5.4656,0.9413,126.3227,0.01,10.0
4342.5,227.9773,68.7622,125.8557,2.6766,127.7867,17.6523,18.3581,17.3867,3.0781,16.8006,5.1992,0.9514,126.5911,0.01,10.0
4342.7,227.7678,68.0634,125.164,2.6891,127.1607,17.6584,18.609,17.6478,3.0523,17.4128,4.962,0.9315,127.0174,0.01,10.0
4343.0,224.26,67.5563,124.213,2.7011,130.845,18.7464,19.8015,18.7873,3.0104,16.3747,5.6409,0.9031,127.0152,0.01,10.0
4343.7,223.7477,68.7851,125.4734,2.7097,132.3337,18.966,19.7974,18.7536,3.5706,15.978,4.7491,0.791,126.2444,0.01,10.0
4343.8,224.7536,68.9385,125.7694,2.7101,130.6545,19.0562,19.583,18.5522,3.5801,16.0523,4.5795,0.7801,126.2538,0.01,10.0
4343.9,225.6761,69.0508,126.0261,2.7123,130.0066,19.0723,19.377,18.355,3.544,16.0656,4.5496,0.751,126.3221,0.01,10.0
4344.1,227.3654,69.1599,126.5703,2.7103,131.5956,18.4588,18.8488,17.841,3.3811,15.8274,4.8175,0.748,126.5295,0.01,10.0
4344.2,228.1792,69.2428,126.886,2.7023,132.1952,18.0152,18.5246,17.527,3.3005,15.6834,4.9969,0.7206,126.731,0.01,10.0
4344.6,230.5555,69.7479,128.1255,2.6964,131.6738,17.6089,17.5304,16.5968,3.0973,16.2043,5.3188,0.689,126.9086,0.01,10.0
4344.8,231.518,69.9148,128.6314,2.7095,131.5988,18.1585,17.3864,16.4747,3.0899,17.4642,4.9921,0.6554,127.1483,0.01,10.0
4344.9,232.0508,69.9489,128.6356,2.7112,131.3371,18.4124,17.3899,16.4853,3.0924,18.1435,4.8245,0.6426,127.149,0.01,10.0
4345.1,232.9212,70.0386,128.4316,2.7049,132.8294,18.5533,17.4541,16.5565,3.0998,19.8872,4.3526,0.6275,126.7843,0.01,10.0
4345.3,232.9876,70.0348,128.1022,2.6958,135.618,18.33,17.5229,16.6168,3.0855,21.4675,3.9032,0.6082,126.6108,0.01,10.0
4345.4,232.6144,69.9874,127.8436,2.6921,135.3564,18.348,17.5498,16.638,3.0599,21.7469,3.8612,0.5986,126.4123,0.01,10.0
4345.5,232.0644,69.8919,127.6301,2.6896,133.8537,18.563,17.5601,16.6466,3.0283,21.8068,3.8922,0.5556,126.4181,0.01,10.0
4345.8,230.4757,69.8137,127.3781,2.6967,133.0469,19.4146,17.5008,16.6014,2.9952,21.5608,3.9762,0.5557,126.362,0.01,10.0
4346.1,230.3213,69.9135,127.8819,2.7077,137.4029,18.1032,17.52,16.6247,3.0391,20.5351,4.235,0.5311,126.5196,0.01,10.0
4346.2,230.7112,69.9761,128.1474,2.7106,136.5102,18.0564,17.5022,16.609,3.0718,20.2156,4.2637,0.5403,126.7049,0.01,10.0
4346.3,231.354,70.0544,128.4319,2.7151,134.5153,18.4191,17.456,16.566,3.1246,19.831,4.257,0.5403,126.872,0.01,10.0
4346.5,232.9839,70.2284,128.9778,2.7205,131.194,19.18,17.2486,16.3645,3.2477,19.2926,4.1066,0.5293,127.0069,0.01,10.0
4346.6,233.7304,70.2925,129.1824,2.7172,131.2568,19.0946,17.0966,16.2164,3.2932,19.3177,3.9753,0.5028,127.108,0.01,10.0
4346.7,234.2792,70.3347,129.2442,2.7121,131.8334,18.7587,16.9401,16.0656,3.3185,19.4759,3.845,0.5263,127.1046,0.01,10.0
4346.8,234.5612,70.3509,129.1861,2.7095,131.5814,18.3311,16.8228,15.956,3.3243,19.6798,3.7434,0.5241,127.0077,0.01,10.0
4347.2,232.8885,69.8662,128.2396,2.7312,130.0021,18.6103,17.414,16.5594,3.2347,19.633,3.9412,0.5052,126.9462,0.01,10.0
4347.3,232.2083,69.7744,127.9268,2.7367,131.3771,19.3212,17.8119,16.942,3.1614,19.1828,4.2686,0.5362,126.9446,0.01,10.0
4347.4,231.6094,69.7206,127.6153,2.7391,132.4655,19.7619,18.2063,17.3125,3.0749,18.6363,4.6781,0.533,126.6942,0.01,10.0
4347.9,229.8511,69.8204,127.4871,2.711,132.8991,18.6067,18.5381,17.5729,2.8087,14.6565,7.0952,0.5563,126.542,0.01,10.0
4348.0,229.6884,70.0122,127.6209,2.7064,134.3266,18.6348,18.3505,17.3985,2.8297,14.003,7.3797,0.5558,126.289,0.01,10.0
4348.4,231.0861,70.3966,127.8858,2.7102,134.5305,19.1404,17.5691,16.679,3.059,13.452,7.0814,0.6072,125.9321,0.01,10.0
4348.9,232.9135,70.7255,127.2727,2.702,132.5769,20.3785,17.3307,16.4791,2.991,13.125,7.3004,0.688,125.06,0.01,10.0
4349.2,231.4394,70.1822,126.7276,2.6977,135.5326,20.0241,17.8535,16.9537,2.7956,12.6388,8.1874,0.7235,125.3131,0.01,10.0
4349.3,231.2282,70.006,126.7854,2.7031,135.5515,19.9424,18.0029,17.0847,2.7434,12.8334,8.26,0.7401,125.328,0.01,10.0
4349.6,230.9272,69.9603,127.8138,2.7007,131.4076,19.1925,18.0511,17.1281,2.7517,14.5149,7.4522,0.7649,126.4589,0.01,10.0
4350.3,230.9309,70.3791,128.2804,2.6905,138.1157,19.5118,17.8481,16.9619,3.2358,17.0682,5.2592,0.8508,126.3763,0.01,10.0
4350.5,230.2988,70.0665,127.4015,2.6829,139.6941,19.1376,17.8788,16.9726,3.4255,16.8666,4.9102,0.896,126.259,0.01,10.0
4350.6,229.4641,69.9017,126.7785,2.6829,138.1998,18.5831,17.8206,16.9125,3.4718,16.6499,4.865,0.896,125.8726,0.01,10.0
4351.0,224.9458,68.4783,123.9496,2.7164,133.0236,17.5575,18.2695,17.3916,3.5347,15.8846,4.804,0.9557,125.555,0.01,10.0
4351.1,223.692,68.1103,123.3682,2.724,133.5346,18.2787,18.8026,17.9133,3.5354,16.0891,4.6671,0.9701,125.7998,0.01,10.0
4351.2,222.5338,67.8377,122.7581,2.7263,132.3928,18.9231,19.4742,18.5587,3.5327,16.5192,4.4173,0.9767,125.6624,0.01,10.0
4351.5,221.0127,67.3404,122.0126,2.7211,128.3478,18.9849,21.1829,20.1687,3.4563,18.1578,3.8346,1.0213,125.8278,0.01,10.0
4351.6,221.2481,67.3203,122.1352,2.7227,129.9662,18.8164,21.3501,20.3163,3.3587,18.7241,3.8806,1.0142,125.829,0.01,10.0
4351.7,221.6626,67.3446,122.334,2.7243,131.8451,18.5869,21.2927,20.2519,3.2643,19.2175,3.9473,1.045,126.0565,0.01,10.0
4351.9,222.1479,67.548,122.8107,2.7242,133.003,18.222,20.729,19.7111,3.2193,19.3792,4.0075,1.041,126.1539,0.01,10.0
4352.0,222.0005,67.6639,123.0919,2.7248,132.3763,18.3745,20.3967,19.3989,3.246,19.1,4.0326,1.0689,126.1933,0.01,10.0
4352.3,221.5801,68.167,124.215,2.7217,129.2478,19.2001,19.6938,18.734,3.199,17.4534,4.6299,1.1105,126.4306,0.01,10.0
4352.4,222.2438,68.4126,124.5105,2.7147,128.4774,19.1776,19.5339,18.5777,3.1343,16.7875,4.9953,1.1083,126.2471,0.01,10.0
4352.5,223.4622,68.6583,124.7271,2.7066,128.6316,19.0668,19.3552,18.4052,3.0206,16.1347,5.4946,1.108,126.2489,0.01,10.0
4352.6,225.1579,68.866,124.896,2.6989,129.5703,18.9116,19.1414,18.2044,2.8347,15.7082,6.1153,1.1074,125.9211,0.01,10.0
4352.9,230.0834,68.419,125.0996,2.6811,133.1503,18.4012,18.7214,17.8503,2.2905,15.6816,7.5795,1.1561,126.738,0.01,10.0
4353.0,230.3028,68.0874,124.8589,2.6818,133.8222,18.4038,18.9249,18.063,2.2122,15.828,7.7835,1.1571,127.1807,0.01,10.0
4353.2,227.7568,67.2916,124.2398,2.6954,132.6889,18.7628,20.1934,19.2883,2.2209,15.9536,7.8602,1.1618,127.7042,0.01,10.0
4353.5,219.1103,65.7126,123.5862,2.7108,129.7255,19.0317,22.7969,21.7332,2.5083,15.9287,7.2208,1.1766,129.5274,0.01,10.0
4353.8,213.3994,65.4289,122.9658,2.7087,131.3116,18.3803,23.3348,22.2132,2.8951,15.7779,6.3087,1.1982,129.4554,0.01,10.0
4354.3,218.8071,67.0646,122.8735,2.7072,131.5587,18.7142,20.6348,19.6485,3.3499,14.9749,5.2721,1.2421,127.1503,0.01,10.0
4354.5,221.0551,67.6353,123.3708,2.7003,131.892,19.1542,20.1448,19.1645,3.3646,14.5783,5.3809,1.2606,126.5948,0.01,10.0
4354.6,221.8008,67.9166,123.9043,2.6967,132.481,18.972,20.1297,19.1246,3.3579,14.364,5.5113,1.2606,126.5539,0.01,10.0
4355.4,230.7614,68.5152,124.9815,2.7045,135.2637,17.5649,18.835,17.7291,3.4382,14.5989,5.7665,1.2934,126.8001,0.01,10.0
4355.8,232.1358,68.4691,124.6982,2.6909,138.258,17.9624,18.0622,17.0157,3.4376,15.3726,5.5791,1.2895,126.4581,0.01,10.0
4356.0,230.9081,68.5059,124.7242,2.6935,137.5606,18.2723,17.896,16.8534,3.4173,15.8775,5.439,1.2819,126.439,0.01,10.0
4356.4,228.4696,68.4816,124.7445,2.7044,132.5596,18.9928,18.6333,17.5188,3.2525,16.4725,5.4635,1.3091,126.4942,0.01,10.0
4356.7,228.2455,68.2707,124.3325,2.6989,132.4431,19.6693,19.1998,18.0459,3.1901,16.5474,5.6697,1.3073,126.4766,0.01,10.0
4356.8,227.9641,68.1296,124.1148,2.7016,134.2352,20.0853,19.3165,18.1633,3.2215,16.2932,5.7879,1.2926,126.5304,0.01,10.0
4357.0,226.5382,67.8522,123.915,2.7122,135.2909,20.0506,19.7482,18.5802,3.2823,15.6933,6.0343,1.2964,126.7722,0.01,10.0
4357.4,223.4404,67.7697,124.7845,2.714,130.9882,18.9248,20.6219,19.3626,3.1131,15.2451,6.6983,1.2795,127.542,0.01,10.0
4357.8,224.3964,69.2377,126.5237,2.7055,137.6739,20.444,20.3411,19.0922,2.8511,15.2349,7.2416,1.2567,126.8761,0.01,10.0
4357.9,224.7032,69.4652,126.8999,2.706,138.0795,20.2634,20.3009,19.0477,2.8396,15.3176,7.2377,1.2552,126.8244,0.01,10.0
4358.1,225.3413,69.5239,127.1634,2.7207,137.8508,19.9624,20.1606,18.9055,2.9223,15.1336,7.1367,1.233,126.9446,0.01,10.0
4358.4,227.1759,69.6025,127.2208,2.7371,138.536,20.0291,19.5857,18.3843,3.1322,14.7645,6.7779,1.2135,126.9027,0.01,10.0
4358.7,228.7524,69.6404,127.2181,2.7112,132.2937,19.9523,19.1912,18.0211,3.244,15.4677,6.2005,1.1706,126.8464,0.01,10.0
4358.9,228.923,69.6735,127.1595,2.7101,132.101,19.6157,19.1476,17.9708,3.2448,15.8117,6.1408,1.1849,126.8386,0.01,10.0
4359.1,229.0896,69.8416,127.0128,2.7117,135.5619,18.7449,18.9894,17.7954,3.2042,15.7182,6.4263,1.1542,126.3251,0.01,10.0
4359.2,229.448,69.9147,126.8684,2.7095,136.7122,18.6746,18.8175,17.6219,3.1766,15.4475,6.6562,1.1101,126.2995,0.01,10.0
4359.3,230.0238,69.9519,126.685,2.7062,137.3021,18.9644,18.6148,17.4256,3.1442,15.1164,6.9106,1.1157,126.0191,0.01,10.0
4359.4,230.7358,69.8778,126.4373,2.7032,137.604,19.3124,18.4147,17.2386,3.101,14.871,7.1341,1.1216,125.8811,0.01,10.0
4359.6,231.7435,69.6592,125.8183,2.6988,137.8348,19.1692,18.1771,17.0329,3.0128,14.7267,7.3619,1.1078,125.7473,0.01,10.0
4359.7,231.647,69.4887,125.377,2.699,137.6195,18.8774,18.189,17.0565,2.9862,14.6988,7.3861,1.0946,125.5838,0.01,10.0
4359.8,231.0455,69.3065,124.9724,2.702,136.8359,18.7437,18.3015,17.1757,2.9727,14.6904,7.3459,1.1029,125.5734,0.01,10.0
4359.9,230.0191,69.1174,124.6188,2.7075,135.3467,18.7792,18.491,17.3663,2.9658,14.659,7.2549,1.0717,125.5731,0.01,10.0
4360.0,228.6731,68.8834,124.2801,2.7131,133.5729,18.8646,18.7146,17.5869,2.9668,14.5844,7.1321,1.0799,125.6795,0.01,10.0
4360.3,224.5289,68.1438,123.1831,2.7184,131.2981,18.5247,19.3596,18.2155,3.0193,14.4861,6.6352,1.0185,125.9379,0.01,10.0
4360.4,223.5816,67.8617,122.9166,2.7182,131.4151,18.3983,19.536,18.3857,3.0359,14.7152,6.4133,1.0123,125.965,0.01,10.0
4360.5,222.9213,67.589,122.7231,2.7175,131.5536,18.5141,19.6703,18.513,3.0536,15.0537,6.1634,0.9811,126.3131,0.01,10.0
4360.8,222.5035,67.2284,122.3501,2.7095,131.9249,19.8224,19.7778,18.6072,3.0834,16.4673,5.4168,0.9419,126.5309,0.01,10.0
4361.1,222.4374,66.752,122.4314,2.711,132.5646,19.7533,19.448,18.3079,2.9786,17.8692,5.1252,0.8822,127.3662,0.01,10.0
4361.2,222.0166,66.6002,122.5706,2.7155,132.1659,19.7843,19.311,18.1858,2.953,17.8944,5.1984,0.8861,127.4273,0.01,10.0
4361.3,221.4306,66.4906,122.7293,2.7197,132.286,19.8901,19.1863,18.0731,2.9308,17.643,5.3711,0.863,127.8895,0.01,10.0
4361.5,220.4108,66.4047,122.9144,2.718,134.2759,20.2224,18.9911,17.8985,2.8924,16.4346,5.9838,0.8207,128.1523,0.01,10.0
4361.6,220.1942,66.3333,122.9191,2.7107,134.1771,20.5045,18.9934,17.9092,2.9074,15.7051,6.2454,0.8071,128.3222,0.01,10.0
4361.8,220.2654,66.2134,122.886,2.6941,131.3989,21.1453,19.4607,18.3728,3.0339,14.1712,6.5383,0.7637,128.4103,0.01,10.0
4361.9,220.3441,66.262,122.9443,2.6901,130.5038,21.256,19.9418,18.838,3.0892,13.6556,6.6085,0.751,128.607,0.01,10.0
4362.0,220.3383,66.6801,122.6149,2.6889,130.0076,21.1993,20.5785,19.4484,3.1169,13.3405,6.6677,0.773,127.2975,0.01,10.0
4362.2,220.1415,67.1085,121.861,2.685,128.6392,20.7824,22.218,20.9988,3.1448,12.955,6.7603,0.7382,126.4154,0.01,10.0
4362.4,219.882,66.985,121.7618,2.6777,129.3825,19.9486,23.5757,22.2725,3.177,13.5475,6.5267,0.6969,125.9878,0.01,10.0
4362.5,219.6913,66.6786,122.1681,2.6796,130.9735,19.4568,23.9069,22.5834,3.1868,14.237,6.2851,0.6926,127.1748,0.01,10.0
4362.8,217.6727,67.6813,124.2467,2.7035,135.1257,18.5011,23.4147,22.1132,3.2087,16.5472,5.5178,0.654,127.4693,0.01,10.0
4363.1,217.6407,69.3199,126.5816,2.7064,137.0929,18.9258,21.362,20.1651,3.2737,17.8577,4.9949,0.6664,126.9425,0.01,10.0
4363.2,219.2146,69.13,127.0704,2.7051,136.5365,18.8097,20.5452,19.3898,3.306,17.9173,4.9285,0.6423,127.9738,0.01,10.0
4363.3,221.4156,69.0104,127.4265,2.7053,135.7305,18.6672,19.7508,18.6389,3.3217,17.8214,4.9519,0.6605,128.1372,0.01,10.0
4363.6,227.7922,69.8418,128.1447,2.7069,134.738,19.3588,18.0264,17.0297,3.2686,17.191,5.3075,0.641,127.6591,0.01,10.0
4363.9,231.3185,70.8393,129.2356,2.6991,134.3523,19.6305,17.2997,16.3539,3.143,16.0843,5.9632,0.6557,126.8016,0.01,10.0
4364.5,234.0577,71.0391,130.0574,2.7304,138.9814,19.0337,17.1057,16.1877,3.2373,14.6223,6.541,0.6645,127.2323,0.01,10.0
4364.9,234.0178,70.9653,130.3962,2.7299,135.1978,19.5803,17.1086,16.1649,3.3541,15.8787,5.7642,0.7053,127.6768,0.01,10.0
4365.0,233.8867,70.9199,130.4986,2.7215,135.9393,19.9937,17.102,16.1553,3.385,16.0742,5.5811,0.6939,127.737,0.01,10.0
4365.4,232.4127,70.9266,130.7142,2.7014,132.2842,18.4748,17.3888,16.4344,3.4752,16.7097,5.0413,0.7442,127.926,0.01,10.0
4365.5,231.9664,70.907,130.6512,2.7039,131.6676,18.2449,17.5393,16.5785,3.4427,16.6619,5.1396,0.7509,127.9004,0.01,10.0
4365.6,231.5947,70.8996,130.5495,2.7082,132.4073,18.225,17.6684,16.7028,3.3657,16.5138,5.3985,0.7612,127.897,0.01,10.0
4365.8,231.4084,70.9176,130.3024,2.7147,135.3079,18.562,17.7521,16.7861,3.1569,16.2721,6.0524,0.7922,127.5945,0.01,10.0
4366.0,232.0448,70.9131,130.2875,2.7124,136.1253,18.9764,17.5693,16.616,3.0687,16.6398,6.193,0.806,127.6326,0.01,10.0
4366.5,233.8313,70.6172,130.2729,2.7116,135.5089,18.7097,16.7667,15.859,3.1427,18.6276,5.5064,0.896,127.982,0.01,10.0
4366.8,233.8193,70.2039,129.774,2.7001,135.7393,19.3648,16.5188,15.6261,3.0657,18.5263,5.9273,0.916,128.277,0.01,10.0
4366.9,233.3901,70.1767,129.6465,2.7022,136.29,19.7799,16.5811,15.6867,3.0201,18.1916,6.2146,0.9468,128.2038,0.01,10.0
4367.1,231.7862,70.1479,129.4162,2.7109,137.2606,20.747,16.9037,15.9914,2.9744,17.5434,6.5914,0.9488,128.0743,0.01,10.0
4367.2,230.7559,70.1209,129.4043,2.7124,138.2841,20.8899,17.1233,16.1913,2.9869,17.2987,6.6105,0.9809,128.1116,0.01,10.0
4367.3,229.7521,70.1077,129.4067,2.7096,139.3379,20.6012,17.3194,16.3631,3.0098,17.1582,6.546,0.9846,128.129,0.01,10.0
4367.7,228.5044,70.1575,129.3382,2.69,131.5989,18.1035,17.4211,16.4006,3.1669,17.6376,5.1538,1.0501,128.0307,0.01,10.0
4367.8,228.9909,70.161,129.3167,2.6903,128.6238,17.8329,17.3506,16.3304,3.1763,17.7634,4.831,1.0582,127.9995,0.01,10.0
4367.9,229.6124,70.147,129.2356,2.6917,127.6625,17.8562,17.3028,16.2857,3.1343,17.6896,4.8803,1.0848,128.0009,0.01,10.0
4368.0,230.2028,70.1251,129.0817,2.6922,128.8172,18.1231,17.3026,16.2857,3.0312,17.412,5.2667,1.0731,127.9272,0.01,10.0
4368.2,230.6101,70.1072,128.4496,2.6893,134.7708,18.9451,17.5253,16.4823,2.6948,16.4737,6.7476,1.1081,127.5599,0.01,10.0
4368.3,230.2957,70.127,128.1423,2.6886,137.3419,19.2732,17.7225,16.6565,2.5889,16.2111,7.2634,1.1259,127.2317,0.01,10.0
4368.4,229.6766,70.1367,127.8113,2.6892,138.8539,19.4201,17.9225,16.8351,2.5602,16.1784,7.4299,1.1394,126.8195,0.01,10.0
4368.5,228.9563,70.1543,127.4558,2.6894,139.2424,19.3966,18.0671,16.9667,2.57,16.2083,7.4168,1.1479,126.7489,0.01,10.0
4368.6,228.3088,70.18,127.0905,2.6871,138.9401,19.3295,18.1358,17.031,2.5932,16.2337,7.3495,1.1671,126.3313,0.01,10.0
4368.7,227.9556,70.194,126.776,2.6831,137.8426,19.3444,18.128,17.0256,2.6442,16.3126,7.1755,1.1543,125.9191,0.01,10.0
4369.0,228.8602,70.1376,126.3622,2.6847,130.1071,19.5912,17.8343,16.7617,3.0253,16.0591,5.9976,1.1774,125.7561,0.01,10.0
4369.6,231.6928,70.407,126.8254,2.6837,133.644,18.83,17.3771,16.3285,2.951,13.7701,7.0664,1.2461,125.6347,0.01,10.0
4369.7,232.0414,70.495,127.0096,2.6854,133.2386,18.8548,17.2536,16.2111,2.8967,13.4468,7.3729,1.2498,125.5502,0.01,10.0
4370.3,233.7207,71.0134,126.4941,2.7127,135.302,20.0428,17.094,16.0745,2.9007,14.4243,7.4858,1.3216,125.0241,0.01,10.0
4370.7,230.7461,71.347,123.6937,2.6731,139.3315,20.1458,17.3666,16.3355,2.9964,16.5026,6.4588,1.3604,121.742,0.01,10.0
4370.9,229.5367,71.2994,122.5027,2.6612,137.9062,19.3968,17.7978,16.7468,2.9783,17.4492,6.0195,1.3884,120.8783,0.01,10.0
4371.1,228.7012,70.3007,122.452,2.6662,133.6253,19.4695,18.6338,17.547,2.896,18.7178,5.4889,1.372,121.3388,0.01,10.0
4371.2,228.2473,69.2814,122.4124,2.6687,131.9505,19.5204,19.145,18.0336,2.8513,18.9429,5.4145,1.3832,123.4781,0.01,10.0
4371.3,227.7393,68.7765,122.3762,2.6704,131.3795,19.3947,19.6396,18.5024,2.8132,18.7541,5.5054,1.405,124.6695,0.01,10.0
4371.4,227.1722,68.4131,122.3414,2.6728,131.8712,19.1254,20.0716,18.9112,2.7761,18.2595,5.7081,1.4196,124.8376,0.01,10.0
4371.6,225.6742,68.029,122.2786,2.6825,133.1537,18.7242,20.8006,19.6029,2.718,16.9477,6.1776,1.4334,125.5956,0.01,10.0
4371.7,224.7134,68.029,122.2549,2.6887,132.6695,18.6777,21.1313,19.9181,2.7044,16.1984,6.411,1.43,125.589,0.01,10.0
4371.9,222.7339,68.029,122.2133,2.6976,130.4564,18.5208,21.6637,20.4232,2.7048,14.6113,6.8964,1.4473,125.5531,0.01,10.0
4372.2,221.7986,67.8272,122.1597,2.7075,131.6916,18.9488,21.3464,20.1185,2.7662,13.7614,7.0827,1.4332,125.9418,0.01,10.0
4372.3,222.5084,67.686,122.1353,2.7096,132.9211,19.2412,20.9272,19.7299,2.7942,13.8983,6.9762,1.4369,126.0617,0.01,10.0
4372.4,223.5536,67.661,122.1098,2.7075,133.5826,19.3288,20.5215,19.3615,2.8146,14.0964,6.8514,1.4519,126.0404,0.01,10.0
4372.6,225.1637,67.661,121.4472,2.6937,131.1384,18.9989,20.3331,19.231,2.8561,14.9457,6.2296,1.4376,125.6112,0.01,10.0
4372.7,224.9648,67.661,120.9736,2.686,127.8332,18.8599,20.8746,19.7725,2.8827,15.6122,5.6208,1.4415,125.1218,0.01,10.0
4372.8,223.7706,67.661,120.4875,2.6811,124.311,18.8403,21.9385,20.8037,2.9146,16.1272,5.0208,1.4469,124.4977,0.01,10.0
4372.9,221.6872,67.62,120.0069,2.68,121.5414,18.7953,23.5028,22.2924,2.9455,16.3272,4.6371,1.4474,124.3609,0.01,10.0
4373.0,219.2749,67.5146,119.532,2.6821,120.3691,18.5444,25.2927,23.9643,2.9736,16.3246,4.4671,1.4256,124.0979,0.01,10.0
4373.1,217.1853,67.3937,119.0677,2.6854,121.069,18.0166,26.7861,25.3295,3.0058,16.2618,4.3881,1.4334,123.7663,0.01,10.0
4373.3,216.634,67.292,118.8158,2.6903,127.3351,16.1736,27.18,25.5877,3.2199,15.7989,4.2718,1.4413,123.8214,0.01,10.0
4373.4,218.3202,67.292,119.1749,2.6929,130.345,15.048,25.9647,24.4119,3.352,15.6864,4.1775,1.4253,123.8605,0.01,10.0
4373.7,226.1288,67.292,120.5898,2.7093,128.3449,13.9769,21.327,20.1138,3.4507,17.0411,3.6404,1.4244,125.1148,0.01,10.0
4373.9,227.3316,68.0591,121.5336,2.7161,127.2903,16.3295,20.787,19.6667,3.3841,17.9264,3.5029,1.4025,124.9286,0.01,10.0
4374.1,225.0675,68.7231,122.0104,2.7067,126.2471,18.9341,21.9276,20.7368,3.2651,18.7603,3.4894,1.4069,124.4469,0.01,10.0
4374.3,223.3207,69.0312,122.0257,2.6931,127.2122,18.6313,22.4307,21.1773,3.1661,19.7221,3.5461,1.388,124.366,0.01,10.0
4374.5,224.5931,69.504,122.0175,2.6945,132.1072,17.1528,21.4431,20.2232,3.1555,20.5234,3.6659,1.3666,123.2553,0.01,10.0
4374.6,226.2204,69.504,122.014,2.701,133.5587,17.3062,20.5227,19.3579,3.1571,20.6736,3.7057,1.3635,123.256,0.01,10.0
4374.8,230.0429,69.504,122.0005,2.7107,133.889,19.1098,18.7383,17.7033,3.1609,20.5332,3.8163,1.3509,123.2455,0.01,10.0
4375.0,232.6216,69.8363,121.9968,2.7077,131.3842,19.8419,17.8889,16.9354,3.0952,19.4531,4.3373,1.3429,122.8335,0.01,10.0
4375.1,233.152,70.0786,121.994,2.7042,129.7857,19.4515,17.798,16.8601,3.0369,18.8628,4.6577,1.3411,122.2756,0.01,10.0
4375.2,233.3723,70.4248,121.9885,2.7005,129.0508,18.8705,17.8596,16.9228,2.9825,18.5233,4.8945,1.3278,122.1397,0.01,10.0
4375.3,233.4047,70.8639,121.9803,2.6963,129.368,18.3233,17.9834,17.039,2.9399,18.361,5.0547,1.2919,121.3026,0.01,10.0
4375.5,233.305,71.1688,121.969,2.6884,131.6431,17.6943,18.1838,17.2185,2.8873,18.0961,5.3214,1.2913,121.0175,0.01,10.0
4375.7,233.4594,71.8974,121.9653,2.6875,133.8613,17.8869,18.2846,17.3057,2.8903,17.9805,5.4287,1.2654,119.4829,0.01,10.0
4376.0,233.4827,72.085,121.9642,2.6976,128.7177,18.4425,18.8765,17.8646,3.0513,15.707,5.7774,1.2193,119.3527,0.01,10.0
4376.7,227.0025,70.1645,121.9708,2.6689,126.6825,17.3682,20.0284,18.9287,2.7085,12.977,7.4896,1.1581,122.0171,0.01,10.0
4376.9,227.1977,69.5283,121.967,2.6712,129.6877,17.7196,19.7979,18.6965,2.5363,13.3882,7.8353,1.1162,123.2814,0.01,10.0
4377.0,227.897,69.5545,121.9663,2.6735,130.9939,17.7268,19.6623,18.5656,2.4504,13.6773,8.0053,1.103,123.283,0.01,10.0
4377.5,229.1143,69.873,121.9492,2.6848,130.3401,18.1005,20.2584,19.1439,2.4848,15.7324,7.1456,1.0666,122.7396,0.01,10.0
4378.0,223.986,69.4539,121.6124,2.6893,127.7382,17.8885,21.39,20.1748,2.5497,15.2414,7.0747,0.9878,123.2411,0.01,10.0
4378.2,223.4946,68.811,121.5321,2.7038,127.143,17.4308,21.3501,20.1208,2.5045,14.5249,7.4304,0.998,123.9031,0.01,10.0
4378.3,223.6414,68.5689,121.5413,2.7116,128.1652,17.1936,21.2772,20.0494,2.4996,14.4024,7.5072,0.9752,124.4753,0.01,10.0
4378.4,223.8441,68.3272,121.6062,2.715,129.4875,17.1493,21.183,19.9622,2.5254,14.3539,7.498,0.9499,124.6434,0.01,10.0
4378.5,223.9905,68.0969,121.7201,2.7129,130.591,17.3278,21.087,19.8745,2.5743,14.3063,7.4547,0.9382,125.1576,0.01,10.0
4378.6,224.0175,68.0831,121.9279,2.7089,131.191,17.532,21.0053,19.7987,2.6414,14.2584,7.3838,0.9478,125.4646,0.01,10.0
4378.8,224.0737,68.2157,122.4213,2.7057,130.8382,17.3498,20.8334,19.6289,2.8139,14.3464,7.1015,0.9269,125.6356,0.01,10.0
4378.9,224.4443,68.3146,122.7191,2.7062,131.3191,17.0543,20.6735,19.4725,2.9185,14.5895,6.8715,0.909,125.7933,0.01,10.0
4379.0,225.2177,68.456,123.0486,2.7059,133.3849,16.9336,20.4425,19.2495,3.0433,15.0143,6.5616,0.8957,125.836,0.01,10.0
4379.1,226.3238,68.6408,123.4018,2.704,136.5696,17.1716,20.1604,18.9791,3.1697,15.5231,6.2393,0.8923,125.8396,0.01,10.0
4379.3,228.7127,68.9476,124.0346,2.7,140.041,18.2481,19.5872,18.4326,3.2903,16.4978,5.7847,0.8353,125.9083,0.01,10.0
4379.4,229.4634,69.0575,124.2873,2.7008,138.7849,18.6019,19.3569,18.2143,3.2502,17.0401,5.6693,0.8315,125.9603,0.01,10.0
4379.6,229.5742,69.2732,124.6502,2.7057,134.6709,18.5434,19.0601,17.9331,3.1095,17.8936,5.6134,0.8317,125.95,0.01,10.0
4379.8,229.0451,69.4104,124.737,2.7057,134.0911,17.9391,18.8649,17.7473,2.9359,17.8497,5.9427,0.8419,125.9262,0.01,10.0
4379.9,229.0594,69.4487,124.6028,2.7031,135.1493,17.6259,18.7511,17.6417,2.8276,17.683,6.2065,0.8088,125.7458,0.01,10.0
4380.0,229.2171,69.4275,124.3577,2.7007,135.9537,17.4498,18.6646,17.5668,2.718,17.4319,6.4969,0.8085,125.4878,0.01,10.0
4380.3,227.9441,68.8241,122.9748,2.7128,129.8002,17.948,19.3782,18.2779,2.3063,16.0221,7.4244,0.7709,125.2518,0.01,10.0
4380.4,226.2577,68.4823,122.3943,2.7206,126.707,18.2469,20.1422,19.0031,2.224,15.7127,7.5526,0.7958,125.247,0.01,10.0
4380.5,224.0652,68.139,121.8046,2.7258,125.0772,18.3557,21.0783,19.881,2.214,15.6539,7.5217,0.8025,125.3132,0.01,10.0
4380.8,218.7728,67.53,120.3123,2.7244,129.6945,17.6781,23.3513,21.9725,2.6131,17.0191,6.2828,0.767,124.9816,0.01,10.0
4381.0,218.6929,67.2565,120.0016,2.7271,130.8467,17.2,23.4785,22.0792,2.8885,17.7875,5.4812,0.8049,125.064,0.01,10.0
4381.1,219.3026,67.1478,119.9672,2.7302,130.1321,16.9322,23.3581,21.9714,2.9765,17.9256,5.236,0.8054,125.2209,0.01,10.0
4381.3,220.2211,67.0739,120.0418,2.7381,130.665,16.6041,23.4453,22.0693,3.0957,17.8185,4.9429,0.7884,125.4251,0.01,10.0
4381.4,220.1629,67.0809,120.1496,2.7442,131.2304,16.6021,23.6765,22.2902,3.1004,17.5123,4.978,0.7942,125.5068,0.01,10.0
4381.5,219.7794,67.085,120.3032,2.7493,130.9157,16.6753,23.9169,22.5157,3.066,17.0313,5.1573,0.7705,125.697,0.01,10.0
4381.7,219.149,67.0431,120.6314,2.742,128.7933,16.9829,23.994,22.5758,2.9093,15.5796,5.9033,0.7953,125.9626,0.01,10.0
4381.9,220.2612,67.138,121.2148,2.7183,128.9625,16.9459,23.3531,21.9604,2.7596,14.3141,6.651,0.8062,126.3351,0.01,10.0
4382.0,221.6569,67.2734,121.6326,2.7103,129.0464,16.7826,22.8556,21.4905,2.708,13.8853,6.9247,0.8063,126.4817,0.01,10.0
4382.2,225.6032,67.6947,122.743,2.7034,128.6831,16.5801,21.8396,20.5368,2.6737,13.2947,7.2378,0.8309,126.7681,0.01,10.0
4382.4,228.9548,68.0997,123.9626,2.7016,130.7995,16.8878,20.9717,19.7229,2.7582,13.0328,7.1508,0.8421,127.3113,0.01,10.0
4382.6,229.4706,68.4326,125.1214,2.6992,131.0547,17.8263,20.2008,19.0001,2.8278,12.8537,7.0253,0.855,127.6356,0.01,10.0
4382.9,226.398,68.9273,126.353,2.6964,127.7015,17.781,19.1715,18.0397,2.8888,12.2597,7.1692,0.8775,127.9138,0.01,10.0
4383.0,225.6461,69.0604,126.779,2.6961,128.0348,17.5126,18.9143,17.8027,2.8685,11.9683,7.3943,0.8804,127.985,0.01,10.0
4383.1,225.5659,69.1732,127.1429,2.6955,129.2222,17.5022,18.7247,17.6289,2.8423,11.6759,7.6759,0.8819,128.1354,0.01,10.0
4383.4,227.6248,69.4175,127.9085,2.6941,131.0663,18.2387,18.5188,17.4272,2.8912,11.7726,7.8338,0.9499,128.3859,0.01,10.0
4383.5,228.164,69.478,128.2109,2.6931,130.4864,18.2878,18.4841,17.388,2.961,11.9823,7.6317,0.9464,128.6048,0.01,10.0
4383.6,228.3482,69.507,128.3633,2.693,130.0905,18.3507,18.4501,17.3517,3.0467,12.0891,7.4167,0.9406,128.6897,0.01,10.0
4383.9,227.9406,69.5611,128.6187,2.7013,129.6429,19.2624,18.4443,17.3393,3.3104,12.3468,6.6949,0.9942,128.782,0.01,10.0
4384.1,229.1254,69.7076,128.9394,2.7011,130.3755,19.4627,18.4484,17.3384,3.4127,12.6053,6.3206,0.9711,128.8366,0.01,10.0
4384.2,230.3268,69.7809,129.047,2.699,131.5319,19.1272,18.3997,17.2926,3.3924,12.7845,6.2754,0.9987,128.825,0.01,10.0
4384.3,231.6604,69.8426,129.1611,2.697,132.6173,18.5813,18.3209,17.2204,3.3478,13.0156,6.2682,1.0133,128.8204,0.01,10.0
4384.5,233.3411,69.8625,129.446,2.6932,132.549,17.9723,18.1943,17.1099,3.2266,13.7623,6.2479,1.0443,129.0209,0.01,10.0
4384.6,233.2706,69.8903,129.578,2.6931,131.5469,18.2074,18.2146,17.1346,3.1531,14.2431,6.2356,1.04,129.0768,0.01,10.0
4384.7,232.4671,69.9302,129.6803,2.6957,130.9492,18.649,18.2875,17.2077,3.0726,14.6374,6.2817,1.0248,129.1109,0.01,10.0
4384.8,231.252,69.9987,129.7948,2.7009,131.5484,19.076,18.3728,17.2904,2.9815,14.8808,6.4245,1.0812,129.1179,0.01,10.0
4384.9,229.9291,70.0982,129.9422,2.7081,132.5808,19.34,18.4198,17.335,2.87,15.0098,6.6964,1.0679,129.0867,0.01,10.0
4385.2,228.2755,70.1894,130.6765,2.7324,131.3972,19.6374,18.1693,17.0973,2.6269,14.9644,7.5398,1.1271,129.4643,0.01,10.0
4385.5,230.4522,70.3284,131.4465,2.716,135.6718,19.4077,17.7781,16.7313,2.7685,16.1798,7.0917,1.1255,129.9,0.01,10.0
4385.6,231.2623,70.453,131.8719,2.7013,137.3403,19.5048,17.7065,16.662,2.8438,16.5092,6.8714,1.1461,130.127,0.01,10.0
4385.7,231.998,70.6461,132.3621,2.6916,137.9287,19.639,17.6239,16.5817,2.9134,16.6587,6.7044,1.1535,130.238,0.01,10.0
4385.8,232.7231,70.9596,132.7975,2.6904,137.6914,19.6394,17.4886,16.4522,2.9689,16.6408,6.6077,1.1664,130.0524,0.01,10.0
4385.9,233.4764,71.1749,133.1788,2.6952,137.1523,19.5028,17.2983,16.2724,3.009,16.5363,6.57,1.1734,129.9545,0.01,10.0
4386.0,234.2401,71.3136,133.5544,2.7003,136.6821,19.3383,17.0665,16.0562,3.0365,16.3717,6.5765,1.1641,130.0675,0.01,10.0
4386.5,236.3792,71.8094,134.4893,2.687,135.7028,19.6024,16.2325,15.3042,3.2557,15.9496,6.212,1.2376,130.1248,0.01,10.0
4386.7,236.8119,71.861,134.4105,2.686,135.6691,19.7273,16.3249,15.3872,3.3943,16.1341,5.7687,1.2568,130.0081,0.01,10.0
4386.8,237.0853,71.8078,134.2582,2.6884,135.0008,19.6018,16.4428,15.4979,3.4409,15.9734,5.6498,1.2616,129.9878,0.01,10.0
4387.0,237.3806,71.6535,133.7314,2.6918,132.34,19.234,16.794,15.8372,3.3847,14.9486,5.9354,1.2726,129.7949,0.01,10.0
4387.5,234.1216,70.9496,131.7574,2.6831,129.4856,19.4697,18.4664,17.4329,2.7826,13.5255,7.3427,1.3217,129.3998,0.01,10.0
4387.8,231.1737,70.3452,130.3304,2.6865,129.0778,18.4655,18.7646,17.6772,2.6517,14.9295,6.9553,1.3325,129.1406,0.01,10.0
4387.9,230.8324,70.215,130.1617,2.6895,128.4845,18.2029,18.5363,17.4505,2.6736,15.5734,6.6282,1.3512,129.214,0.01,10.0
4388.0,230.9379,70.1614,130.1556,2.6938,128.3934,17.9618,18.1843,17.1138,2.7142,16.1089,6.3005,1.3457,129.31,0.01,10.0
4388.1,231.4351,70.1756,130.1052,2.6977,129.0048,17.8181,17.7965,16.7512,2.7622,16.3932,6.0585,1.3426,129.2112,0.01,10.0
4388.2,232.1897,70.2545,130.2082,2.6995,129.8388,17.7903,17.4633,16.4462,2.8109,16.4442,5.9102,1.3782,129.1628,0.01,10.0
4388.5,233.6736,70.506,130.5772,2.6841,131.0221,18.0376,17.2997,16.3104,2.7701,16.0002,6.1147,1.3854,129.1047,0.01,10.0
4388.8,232.9302,70.5155,130.2387,2.6753,129.4078,19.0344,17.4752,16.4638,2.531,15.4702,6.7597,1.4286,128.8338,0.01,10.0
4389.0,232.4276,70.4436,130.1444,2.683,127.2342,19.6725,17.3973,16.3882,2.412,15.0842,7.19,1.4528,128.8716,0.01,10.0
4389.1,232.298,70.4091,129.9997,2.6855,127.4727,19.4862,17.3462,16.3418,2.3919,14.9652,7.3103,1.4643,128.889,0.01,10.0
4389.3,232.1349,70.4476,129.5349,2.6866,131.4954,18.843,17.3476,16.345,2.5569,14.633,7.2337,1.4818,128.4262,0.01,10.0
4389.9,233.074,70.5111,128.9137,2.68,134.5428,18.5606,16.9533,15.9623,3.2822,15.8563,4.9402,1.5125,127.8373,0.01,10.0
4390.0,233.3126,70.7289,129.003,2.677,136.4092,18.696,16.8596,15.8732,3.4073,16.2084,4.4807,1.5282,127.501,0.01,10.0
4390.2,233.2462,70.79,129.3022,2.6756,135.3841,19.2808,16.7798,15.7991,3.5418,16.9461,3.8932,1.5093,127.7782,0.01,10.0
4390.3,232.9406,70.7932,129.361,2.6777,133.897,19.6039,16.8098,15.8283,3.5392,17.1586,3.8505,1.5297,127.8126,0.01,10.0
4390.6,231.4971,70.8955,129.4516,2.6899,135.2508,20.121,16.9899,15.9967,3.3561,17.0151,4.5168,1.544,127.771,0.01,10.0
4390.7,231.0798,70.9976,129.5043,2.6926,137.1633,20.1531,17.0272,16.0276,3.2433,16.6327,5.0299,1.5358,127.7121,0.01,10.0
4390.9,230.6884,71.4274,129.2427,2.6906,139.2562,20.1719,17.0103,16.0009,3.0149,15.6102,6.1296,1.5411,126.815,0.01,10.0
4391.0,230.7298,71.4788,129.0394,2.6886,137.8143,20.0987,16.9364,15.9285,2.9578,15.0415,6.5096,1.5373,126.6707,0.01,10.0
4391.4,232.0566,71.0999,127.7166,2.6949,134.854,19.0737,16.4213,15.4585,2.9563,14.0907,6.8489,1.5395,126.0065,0.01,10.0
4391.5,232.3694,71.0711,127.2547,2.6935,135.5145,18.9957,16.3553,15.4036,2.9799,14.3716,6.6435,1.565,125.7515,0.01,10.0
4391.6,232.5646,70.9759,126.8476,2.6885,135.3404,18.9694,16.3807,15.4344,3.0032,14.6472,6.4288,1.5391,125.6338,0.01,10.0
4391.7,232.6151,70.8395,126.5832,2.682,134.6653,18.8852,16.4991,15.5512,3.0228,14.8681,6.2513,1.5454,125.6111,0.01,10.0
4391.8,232.5547,70.6948,126.3752,2.6758,133.8736,18.7093,16.6946,15.7381,3.0452,15.0209,6.108,1.5233,125.6585,0.01,10.0
4392.1,232.5115,70.3261,125.8425,2.6747,131.9778,18.5906,17.2951,16.2902,3.1358,15.0815,5.7658,1.5119,125.829,0.01,10.0
4392.4,232.5367,70.4109,125.0025,2.6894,135.4564,18.6777,17.3822,16.3807,3.1983,14.6865,5.6866,1.5292,125.203,0.01,10.0
4392.6,229.525,70.0524,122.9333,2.6922,129.3036,16.8554,18.5572,17.5786,3.0337,14.2333,5.8366,1.4995,124.0528,0.01,10.0
4393.0,209.9871,66.0229,114.1924,2.6935,108.0055,9.306,32.9628,31.3488,2.2422,12.8471,5.6155,1.4928,122.2148,0.01,10.0
4393.1,204.6071,64.5951,111.736,2.6909,106.8331,9.5024,39.2838,37.2866,2.2047,12.9014,5.5851,1.4783,122.2216,0.01,10.0
4393.2,200.1971,63.2297,109.4848,2.6885,107.1687,10.1862,44.9545,42.5637,2.168,12.9479,5.5573,1.4735,122.2464,0.01,10.0
4393.7,197.383,59.8942,104.3839,2.6846,106.9524,11.8659,48.3784,45.5912,2.0314,12.9688,5.4409,1.4385,123.0134,0.01,10.0
4394.0,199.5965,59.9477,104.4497,2.6934,106.448,11.0804,46.7984,44.1397,2.0627,11.909,5.6328,1.4329,123.0318,0.01,10.0
4394.1,199.7013,59.9686,104.6196,2.697,107.1906,10.8801,46.3552,43.7248,2.1048,11.5165,5.6911,1.3861,123.09,0.01,10.0
4394.2,199.5611,59.9696,104.8264,2.701,108.1856,10.8224,45.83,43.2357,2.1613,11.1321,5.7404,1.3863,123.2878,0.01,10.0
4394.3,199.2613,59.9603,105.0868,2.7045,109.1787,10.8961,45.2662,42.7139,2.224,10.8232,5.7833,1.3453,123.7132,0.01,10.0
4394.7,198.7182,60.1178,105.8169,2.7081,110.2018,11.4728,42.8714,40.4814,2.4298,11.3742,5.7669,1.3223,124.1266,0.01,10.0
4394.8,199.1293,60.3177,106.3565,2.7096,110.6355,12.1188,42.0765,39.7215,2.4682,11.7495,5.7582,1.3269,124.2606,0.01,10.0
4395.2,205.3161,61.901,109.8709,2.716,119.2634,18.6218,35.0793,33.0477,2.4896,14.6639,6.2124,1.3138,125.3059,0.01,10.0
4395.3,207.8147,62.2766,111.46,2.7166,121.7567,18.7855,32.5566,30.6567,2.5032,15.616,6.1769,1.286,125.9813,0.01,10.0
4395.4,210.4779,62.6566,112.8848,2.714,124.1553,18.1967,30.0291,28.2703,2.541,16.7381,5.9993,1.2917,126.465,0.01,10.0
4395.7,218.8407,64.3472,117.0642,2.7022,129.2851,17.492,23.8463,22.5015,2.7654,18.6293,5.3734,1.2444,127.518,0.01,10.0
4395.8,221.4346,65.0803,118.5067,2.7007,129.7222,17.5417,22.5381,21.2932,2.8699,18.6386,5.2168,1.2368,127.6313,0.01,10.0
4395.9,223.5975,65.7915,119.8314,2.6988,129.8167,17.5897,21.5664,20.3935,2.9747,18.5114,5.1022,1.2201,127.6514,0.01,10.0
4396.1,225.9948,66.9565,121.8479,2.6965,130.6765,17.8801,20.527,19.4242,3.1851,17.7319,5.0783,1.2231,127.668,0.01,10.0
4396.3,225.4702,67.5383,123.0386,2.7013,133.3776,17.8429,20.1609,19.081,3.3534,16.5271,5.3824,1.1914,127.6986,0.01,10.0
4396.4,224.7683,67.63,123.5223,2.7029,134.7497,17.4889,20.0523,18.9787,3.3712,15.9928,5.6614,1.1912,128.003,0.01,10.0
4396.5,224.3572,67.7772,123.8801,2.7032,135.5108,17.1599,19.9232,18.855,3.3507,15.5325,5.9812,1.1845,128.0073,0.01,10.0
4396.6,224.6221,67.8711,124.1931,2.7042,135.3508,17.0345,19.732,18.6698,3.3013,15.1043,6.329,1.1798,128.1569,0.01,10.0
4396.9,229.0352,68.7192,124.9494,2.71,134.2158,17.4291,18.6916,17.6857,3.0601,13.439,7.5361,1.1433,127.5115,0.01,10.0
4397.1,231.7366,68.9909,125.0603,2.6962,134.6648,17.4227,18.4178,17.4554,2.958,12.5087,7.9794,1.1104,127.2883,0.01,10.0
4397.2,231.8661,68.9353,124.7556,2.6897,133.0942,17.3695,18.6693,17.7101,2.9117,12.2414,8.0537,1.1123,127.0297,0.01,10.0
4397.7,223.3835,67.5215,121.3904,2.7016,128.1506,17.1413,22.5047,21.3321,2.9873,12.9958,7.1966,1.057,126.4103,0.01,10.0
4397.8,221.6952,67.158,120.7857,2.6992,129.2635,17.1164,22.9327,21.7221,3.093,13.1864,6.863,1.0567,126.4732,0.01,10.0
4397.9,220.4689,66.7625,120.3255,2.6982,129.5525,17.0014,23.1331,21.899,3.1814,13.3088,6.6003,1.0346,126.5967,0.01,10.0
4398.1,219.4149,66.1663,119.9097,2.7053,128.2105,17.2325,23.195,21.9364,3.2819,13.1421,6.389,1.0137,127.2582,0.01,10.0
4398.2,219.484,66.1081,119.9269,2.7093,128.4512,17.7609,23.1679,21.9024,3.2794,13.0295,6.421,0.994,127.3651,0.01,10.0
4398.4,220.096,66.249,120.1904,2.7106,130.7216,18.5914,23.0042,21.7337,3.1402,13.1117,6.6963,0.9874,127.3423,0.01,10.0
4398.7,221.1794,66.5104,121.2055,2.7014,130.292,17.8646,22.2053,20.9474,2.9005,13.8323,6.9198,0.9567,127.7105,0.01,10.0
4398.8,221.512,66.6137,121.6287,2.7002,129.8258,17.6785,21.8168,20.5714,2.8654,14.0721,6.8878,0.9524,127.8782,0.01,10.0
4398.9,221.8012,66.7486,122.0593,2.7027,129.1691,17.6177,21.4577,20.2264,2.8525,14.2189,6.8247,0.9379,128.1372,0.01,10.0
4399.4,222.4949,67.3018,123.3907,2.7276,128.8131,17.6024,21.1256,19.9065,2.8686,13.5742,6.761,0.8776,128.4181,0.01,10.0
4399.5,222.6457,67.323,123.4386,2.7257,126.7411,17.564,21.3799,20.1423,2.8208,13.3663,6.9069,0.8778,128.4331,0.01,10.0
4399.6,222.9612,67.3123,123.4258,2.7203,125.2938,17.3712,21.6396,20.3792,2.79,13.2681,6.998,0.8818,128.441,0.01,10.0
4399.7,223.5142,67.2788,123.3842,2.713,124.6728,17.1157,21.8477,20.5638,2.7766,13.2937,7.0216,0.8934,128.4445,0.01,10.0
4399.9,225.0299,67.1503,123.2852,2.7043,124.9113,17.048,21.9441,20.6247,2.7973,13.5449,6.927,0.8669,128.614,0.01,10.0
4400.1,226.124,66.9597,123.2868,2.7151,127.8272,17.2776,21.4532,20.1408,2.9919,14.3526,6.3403,0.8478,128.9142,0.01,10.0
4400.2,226.3665,66.8555,123.5436,2.7206,129.7729,17.3365,20.993,19.7043,3.1436,14.9419,5.8948,0.8251,129.3015,0.01,10.0
4400.4,226.4684,67.0533,124.2169,2.7203,132.3335,17.7224,19.9785,18.7535,3.3422,16.0852,5.2501,0.8455,129.5027,0.01,10.0
4400.6,226.4318,67.6829,125.0809,2.7191,132.2801,18.0384,19.252,18.0856,3.3467,17.2892,5.0447,0.8316,129.3509,0.01,10.0
4400.7,226.3756,68.0067,125.594,2.7185,131.9582,17.9843,19.0687,17.9221,3.302,17.7904,5.0857,0.8551,129.2197,0.01,10.0
4400.8,226.2308,68.1983,126.0699,2.7136,132.0891,17.9369,19.0135,17.877,3.2199,18.0832,5.2645,0.8214,129.368,0.01,10.0
4401.0,225.6852,68.5942,126.6016,2.689,133.4123,18.2838,19.119,17.9814,3.0109,18.3977,5.7298,0.8504,129.1341,0.01,10.0
4401.3,225.9185,68.9124,126.9802,2.6739,131.1205,18.6825,19.1996,18.058,2.9448,18.8359,5.7203,0.8164,129.0026,0.01,10.0
4401.5,227.5739,69.3116,127.2233,2.6844,127.8095,18.5523,19.1017,17.9704,3.1667,18.9523,5.0987,0.8256,128.7,0.01,10.0
4401.6,228.6444,69.5013,127.2422,2.6913,126.9438,18.6018,19.0268,17.9023,3.2642,18.7362,4.9148,0.8319,128.3407,0.01,10.0
4402.0,231.5863,69.109,127.2736,2.7077,127.7331,18.4284,18.929,17.8174,3.4697,16.6094,5.1662,0.8471,128.7509,0.01,10.0
4402.6,228.807,69.2429,127.2378,2.7064,130.9548,17.8673,19.5425,18.3772,3.4449,14.2616,6.4562,0.8895,128.7274,0.01,10.0
4402.7,228.5675,69.2417,127.2578,2.7047,130.8489,18.2713,19.3829,18.2247,3.4075,14.2048,6.6051,0.8867,128.7635,0.01,10.0
4402.8,228.553,69.2271,127.2638,2.707,130.6544,18.6529,19.1651,18.0214,3.354,14.0628,6.7771,0.8783,128.7658,0.01,10.0
4402.9,228.707,69.2069,127.2927,2.7116,130.1424,18.841,18.9516,17.8261,3.2854,13.811,6.9953,0.9131,128.8258,0.01,10.0
4403.0,228.9094,69.2117,127.3024,2.7169,129.5593,18.8195,18.8046,17.6959,3.2105,13.3944,7.2636,0.9232,128.8512,0.01,10.0
4403.1,229.0412,69.2444,127.2827,2.7214,129.3315,18.7109,18.7915,17.6911,3.1463,12.8853,7.5307,0.9236,128.809,0.01,10.0
4403.2,229.0108,69.2795,127.2394,2.7247,129.4813,18.6789,18.9148,17.8116,3.0893,12.3759,7.7811,0.9244,128.753,0.01,10.0
4403.3,228.7408,69.2961,127.0947,2.7261,129.5207,18.7531,19.1603,18.0428,3.0243,11.9714,8.0032,0.9278,128.5628,0.01,10.0
4403.4,228.2535,69.2791,126.8594,2.7251,128.7006,18.749,19.4959,18.3541,2.9368,11.7753,8.1963,0.9296,128.4185,0.01,10.0
4403.5,227.5746,69.2334,126.6186,2.7225,127.4876,18.4629,19.84,18.6708,2.8449,11.69,8.3682,0.9386,128.3423,0.01,10.0
4403.6,226.7378,69.1395,126.3078,2.72,126.697,17.8724,20.1289,18.9338,2.7852,11.7471,8.457,0.9415,128.1786,0.01,10.0
4403.7,225.8413,69.0047,125.9364,2.7181,127.2057,17.1809,20.2958,19.0815,2.7792,11.9699,8.4117,0.9548,128.09,0.01,10.0
4404.1,222.9747,68.5082,124.6902,2.6977,133.6201,16.9913,20.4225,19.1917,2.9966,12.7201,7.748,1.0033,127.8359,0.01,10.0
4404.3,222.7046,68.3061,124.522,2.6952,131.6866,17.3148,20.705,19.463,3.1871,12.4906,7.4679,1.0321,127.9998,0.01,10.0
4404.4,222.9292,68.2627,124.6067,2.7,130.1165,17.3076,20.7645,19.5203,3.2863,12.4028,7.316,1.0414,128.1002,0.01,10.0
4404.6,224.0123,68.3488,125.2273,2.7122,129.6653,17.3729,20.5047,19.2714,3.4444,12.8132,6.841,1.037,128.5535,0.01,10.0
4404.8,225.4725,68.6344,126.1236,2.7094,132.8029,17.8732,19.7291,18.536,3.5952,14.143,5.9872,1.0807,128.866,0.01,10.0
4404.9,226.2596,68.8455,126.7134,2.7034,134.6437,18.1801,19.2711,18.107,3.6488,15.0023,5.531,1.0891,129.0192,0.01,10.0
4405.1,228.1079,69.4067,127.9583,2.6954,136.4813,18.7333,18.587,17.47,3.6635,16.4968,4.9207,1.1002,129.158,0.01,10.0
4405.3,230.4356,69.9312,128.7986,2.6937,134.281,18.974,18.2959,17.1932,3.5937,17.4385,4.7487,1.1343,129.0689,0.01,10.0
4405.5,232.6928,70.2077,129.286,2.6953,130.9368,18.7021,18.1552,17.0583,3.4805,17.7588,5.0198,1.1383,129.022,0.01,10.0
4405.6,233.5165,70.2924,129.4758,2.6954,131.2365,18.5608,18.0907,17.0005,3.4194,17.6068,5.3351,1.1368,129.0752,0.01,10.0
4406.3,232.4433,70.6612,130.4819,2.6982,138.1637,20.3403,17.2335,16.2142,3.1306,18.1419,6.6621,1.1678,129.3496,0.01,10.0
4406.5,233.7339,70.9029,130.9614,2.6966,137.4717,19.086,16.6812,15.6932,3.1364,17.8048,6.9157,1.1905,129.3782,0.01,10.0
4406.7,236.2135,71.1671,131.3281,2.6913,136.2803,19.1435,16.2609,15.3033,3.1293,17.0899,7.2118,1.2033,129.3315,0.01,10.0
4406.8,237.3742,71.2828,131.386,2.6869,136.2922,19.5555,16.1808,15.2353,3.1216,16.7067,7.3233,1.2034,129.1584,0.01,10.0
4407.1,238.6245,71.281,130.5633,2.6741,135.7361,19.7562,16.8741,15.9158,3.0919,15.7675,7.3777,1.2195,128.5186,0.01,10.0
4407.3,237.5132,70.8192,129.1787,2.6738,132.8787,19.0719,18.1371,17.119,3.0367,15.3663,7.1481,1.2494,128.2037,0.01,10.0
4407.5,235.2625,70.2351,127.5091,2.6742,130.585,18.1769,19.6016,18.4942,3.0665,15.3763,6.6581,1.2386,127.6316,0.01,10.0
4407.6,233.7755,69.944,126.7167,2.6739,129.5161,17.6001,20.1955,19.0433,3.1314,15.4976,6.2548,1.2484,127.5168,0.01,10.0
4407.7,232.0633,69.6724,126.1382,2.6744,128.7574,17.056,20.6127,19.4259,3.2166,15.7556,5.7829,1.2608,127.4184,0.01,10.0
4407.8,230.2151,69.4943,125.8408,2.6759,128.6391,16.6995,20.8279,19.6219,3.3044,16.1969,5.3073,1.2607,127.5025,0.01,10.0
4407.9,228.4312,69.4591,125.5894,2.6771,128.9379,16.5853,20.856,19.6467,3.3822,16.9168,4.8146,1.2543,127.3353,0.01,10.0
4408.0,226.9826,69.4692,125.4665,2.6771,128.9083,16.6722,20.7817,19.5762,3.446,17.707,4.365,1.2723,127.1858,0.01,10.0
4408.1,226.2464,69.4283,125.518,2.6774,128.3441,16.8836,20.6446,19.4445,3.4979,18.5186,3.966,1.2433,127.2994,0.01,10.0
4408.3,227.1072,69.402,125.8839,2.6877,128.6097,17.5351,20.1887,18.9999,3.55,19.7151,3.5765,1.2761,127.4309,0.01,10.0
4408.4,228.547,69.3046,126.1951,2.6963,130.0282,17.9819,19.8736,18.6972,3.5444,20.053,3.5918,1.2702,127.7581,0.01,10.0
4408.5,230.1936,69.3376,126.4458,2.7033,131.4024,18.3954,19.5078,18.3508,3.5295,20.0907,3.7336,1.3104,128.1678,0.01,10.0
4408.6,231.7828,69.5204,126.7049,2.7071,132.0242,18.5938,19.1141,17.9823,3.5144,19.8922,3.9341,1.3,128.113,0.01,10.0
4408.8,233.9969,70.0175,127.4727,2.709,130.9873,18.3278,18.3216,17.2506,3.5018,18.8574,4.4032,1.2959,128.0024,0.01,10.0
4408.9,234.5961,70.2842,127.8205,2.7081,130.4652,18.1754,17.9807,16.9395,3.49,18.1251,4.6679,1.3323,127.9475,0.01,10.0
4409.0,234.9099,70.5327,128.0497,2.7065,130.2827,18.1178,17.7188,16.7035,3.4792,17.36,4.9109,1.3325,127.8301,0.01,10.0
4409.2,234.7787,70.7706,128.032,2.7015,129.543,18.2216,17.6525,16.6659,3.421,15.7455,5.3639,1.3222,127.3645,0.01,10.0
4409.5,231.238,69.9366,126.4495,2.6884,126.0508,18.8348,19.4204,18.3777,3.1976,14.5353,5.6683,1.3587,127.2964,0.01,10.0
4409.7,226.9182,68.7548,124.4469,2.6927,124.4725,18.8888,21.8725,20.6873,3.0145,14.47,5.8037,1.3516,127.4285,0.01,10.0
4410.1,220.2524,66.758,120.5772,2.6807,121.1591,14.6732,25.4465,24.0179,2.6912,15.4223,6.1582,1.3904,127.177,0.01,10.0
4410.3,219.1872,66.1896,119.9972,2.6753,120.6065,13.9172,25.5487,24.0773,2.6852,15.6186,6.3008,1.3857,127.6363,0.01,10.0
4410.4,219.496,66.2012,120.2393,2.6776,121.6509,14.2138,25.0061,23.548,2.7379,15.6737,6.2927,1.3848,127.7634,0.01,10.0
4410.5,220.4612,66.3616,120.8953,2.6804,123.5098,14.7232,24.1083,22.6912,2.8395,15.8332,6.1654,1.385,127.9918,0.01,10.0
4411.0,232.5122,68.9383,126.8215,2.6683,134.4077,16.8841,18.9897,17.9144,3.3109,17.2719,5.2968,1.4428,129.155,0.01,10.0
4411.1,234.6366,69.5416,127.9771,2.6655,135.0933,17.9672,18.7566,17.7046,3.3374,17.211,5.321,1.4429,129.1483,0.01,10.0
4411.2,236.2263,70.0958,128.8589,2.6637,135.1175,18.816,18.7814,17.728,3.3501,17.0545,5.3949,1.4476,128.9755,0.01,10.0
4411.5,238.5176,71.0793,130.0862,2.6718,135.1165,17.7955,19.423,18.3224,3.3475,16.0978,5.8259,1.4738,128.5773,0.01,10.0
4411.6,238.8679,71.1512,130.2909,2.6766,135.0284,17.0175,19.5772,18.4749,3.3613,15.6276,5.9662,1.4778,128.6216,0.01,10.0
4411.9,239.5152,71.213,130.709,2.6838,132.8562,17.0157,19.3121,18.2353,3.4163,14.7235,6.1277,1.5165,128.857,0.01,10.0
4412.0,239.7402,71.2524,130.9523,2.6839,132.2695,17.553,19.0403,17.969,3.421,14.7359,6.0588,1.5142,129.0282,0.01,10.0
4412.1,240.0181,71.303,131.2576,2.682,132.4499,17.7968,18.7093,17.6449,3.4183,14.8758,5.9368,1.4921,129.1984,0.01,10.0
4412.3,240.6346,71.411,131.7584,2.6759,133.4923,17.4218,17.9984,16.9632,3.4155,15.305,5.585,1.5119,129.4389,0.01,10.0
4412.4,241.0265,71.4613,131.9657,2.6766,133.1879,17.4802,17.7317,16.7148,3.4186,15.5274,5.4031,1.5287,129.5324,0.01,10.0
4412.8,242.2476,71.475,132.1784,2.6981,131.969,18.6329,17.6059,16.602,3.4487,15.8299,5.0013,1.545,129.6813,0.01,10.0
4412.9,242.2574,71.3932,132.06,2.6962,132.8052,18.4516,17.6741,16.6603,3.4615,15.5569,5.0433,1.5524,129.7155,0.01,10.0
4413.0,242.2301,71.285,131.943,2.6916,132.8116,18.3943,17.705,16.682,3.4667,15.2209,5.1427,1.5372,129.775,0.01,10.0
4413.1,242.2027,71.1853,131.8546,2.6875,131.9846,18.4691,17.6777,16.6516,3.4713,14.8793,5.2592,1.5529,129.82,0.01,10.0
4413.2,242.2139,71.0935,131.7531,2.6862,130.9077,18.5817,17.5902,16.5695,3.4744,14.5099,5.3927,1.5629,129.906,0.01,10.0
4413.3,242.2781,71.016,131.6502,2.6883,130.439,18.6085,17.4571,16.4497,3.4797,14.1833,5.5093,1.5518,129.9252,0.01,10.0
4413.4,242.4003,70.9584,131.6386,2.6924,130.7387,18.5163,17.3168,16.3253,3.483,13.9384,5.6061,1.552,129.9817,0.01,10.0
4413.5,242.5788,70.9355,131.6866,2.6962,131.1523,18.3356,17.2,16.2215,3.484,13.8467,5.6618,1.5448,130.0904,0.01,10.0
4413.7,242.9995,71.0208,131.8122,2.7011,131.678,18.1892,17.1493,16.1746,3.5004,14.1822,5.5831,1.5583,130.0869,0.01,10.0
4413.9,243.2992,71.1973,131.839,2.7017,132.5141,18.8895,17.3882,16.3955,3.5438,14.7618,5.3656,1.5699,129.8908,0.01,10.0
4414.0,243.34,71.2781,131.5743,2.699,132.6682,19.1807,17.5894,16.583,3.535,14.9962,5.3208,1.5556,129.6623,0.01,10.0
4414.2,243.1465,71.0567,131.1747,2.6957,133.3695,18.7091,18.0459,17.0055,3.4559,15.3194,5.3676,1.5692,129.6545,0.01,10.0
4414.4,242.6873,70.9622,130.9879,2.7008,132.1868,17.7259,18.4723,17.3874,3.1992,15.1199,5.8402,1.5732,129.5293,0.01,10.0
4414.5,242.4256,70.9772,130.8632,2.7032,130.185,17.4939,18.6112,17.504,3.0038,14.8392,6.2102,1.5468,129.4532,0.01,10.0
4414.7,241.9829,71.2572,130.8946,2.7045,127.6566,17.2604,18.5114,17.3835,2.811,14.7226,6.4887,1.5507,128.9156,0.01,10.0
4414.8,241.8629,71.2412,131.2555,2.7047,127.7138,17.0308,18.2818,17.1612,2.8067,14.8482,6.4439,1.5608,129.1363,0.01,10.0
4414.9,241.8334,71.2102,131.4832,2.7052,127.9284,16.8568,17.9907,16.8867,2.8215,14.9598,6.3891,1.5649,129.5818,0.01,10.0
4415.0,241.9005,71.2016,131.5527,2.7062,128.3496,16.9653,17.7201,16.6341,2.8502,15.1222,6.3056,1.5622,129.66,0.01,10.0
4415.1,242.0605,71.2261,131.6445,2.7076,129.3162,17.3918,17.5212,16.4493,2.8979,15.4075,6.1752,1.5515,129.6797,0.01,10.0
4415.2,242.2631,71.2804,131.7521,2.7091,130.7662,17.9739,17.4334,16.3685,2.9579,15.7741,6.0216,1.5251,129.7062,0.01,10.0
4415.4,242.5676,71.4368,131.7904,2.7097,132.3871,18.5718,17.6111,16.5374,3.072,16.2577,5.7511,1.499,129.6131,0.01,10.0
4415.5,242.5618,71.5076,131.7253,2.7086,132.1652,18.272,17.8123,16.7225,3.1177,16.3134,5.6431,1.5325,129.3876,0.01,10.0
4415.9,241.7573,71.5558,131.1702,2.6949,129.8675,16.3004,17.4377,16.3573,3.2589,15.6189,5.5023,1.5181,128.8991,0.01,10.0
4416.0,241.6351,71.5334,130.9943,2.6941,130.0942,16.1579,17.2923,16.2301,3.2795,15.3388,5.546,1.5079,128.8523,0.01,10.0
4416.2,241.6359,71.5111,130.6536,2.6936,132.6168,16.1123,17.8012,16.7383,3.2285,14.8327,5.8496,1.4988,128.547,0.01,10.0
4416.3,241.6392,71.4797,130.5217,2.6931,133.8221,16.2419,18.5583,17.4625,3.1541,14.7294,6.0785,1.522,128.5337,0.01,10.0
4416.4,241.5552,71.4408,130.4815,2.6941,133.8853,16.4994,19.553,18.3991,3.0604,14.7601,6.3211,1.5123,128.5596,0.01,10.0
4416.6,241.1113,71.6613,130.5502,2.7014,131.2243,17.0026,21.3401,20.0411,2.8495,15.1817,6.7329,1.5024,128.4615,0.01,10.0
4416.9,239.7577,71.9814,130.7324,2.6997,134.4741,16.9649,21.2791,19.924,2.7539,15.6275,7.0303,1.4859,127.9667,0.01,10.0
4417.0,239.0476,71.9122,130.9479,2.6966,135.4937,16.9988,20.7339,19.407,2.7744,15.6901,7.0206,1.4833,128.3727,0.01,10.0
4417.3,236.1109,71.3649,130.8273,2.7036,133.9038,17.4094,18.9032,17.7189,2.9295,15.6637,6.667,1.4305,128.9328,0.01,10.0
4417.4,235.1402,71.2204,130.4966,2.7084,134.0211,17.7894,18.4697,17.3293,2.9931,15.6831,6.4737,1.4312,128.8553,0.01,10.0
4417.7,234.0498,70.6952,129.9221,2.691,131.5889,19.3378,18.0448,16.9698,3.1648,15.4839,5.8784,1.3967,129.1106,0.01,10.0
4417.8,234.4765,70.5025,129.6839,2.6834,131.694,19.1986,18.0729,16.9978,3.1931,15.1549,5.8361,1.4037,129.289,0.01,10.0
4417.9,235.2031,70.3517,129.452,2.6823,132.1908,18.7099,18.0705,16.9932,3.2004,14.7448,5.8764,1.3816,129.3409,0.01,10.0
4418.3,238.3917,70.1888,130.4534,2.6964,128.075,17.7572,17.1367,16.1159,3.0675,13.0431,6.4945,1.3553,130.1738,0.01,10.0
4418.4,238.4531,70.2078,130.8696,2.6948,127.8639,18.0465,16.8682,15.8658,3.04,12.8846,6.6126,1.3288,130.6,0.01,10.0
4418.5,238.0706,70.258,131.334,2.6909,128.2171,18.3441,16.7079,15.7151,3.0294,12.8951,6.6676,1.3367,130.9269,0.01,10.0
4418.7,236.2503,70.4654,132.2669,2.6759,129.3671,18.8604,16.6954,15.6952,3.0857,13.1149,6.5764,1.3216,131.3062,0.01,10.0
4418.9,234.4039,70.705,133.1298,2.6606,130.5726,19.5668,16.8682,15.8487,3.2728,13.5839,6.1442,1.3061,131.6073,0.01,10.0
4419.2,233.5573,70.9058,133.2393,2.6771,130.3001,19.1533,17.019,15.986,3.6271,14.0871,5.3856,1.2823,131.5162,0.01,10.0
4419.5,233.9312,70.99,133.0475,2.6848,131.9619,18.2001,17.1666,16.1204,3.7983,14.3778,4.8334,1.2442,131.2794,0.01,10.0
4419.7,235.1006,70.9446,132.4369,2.6806,130.578,17.9632,17.3309,16.2934,3.696,14.316,4.9956,1.2185,130.758,0.01,10.0
4419.8,235.9838,70.8834,132.1826,2.6779,129.2757,17.9763,17.4646,16.4336,3.5808,14.3044,5.2014,1.2148,130.7379,0.01,10.0
4419.9,236.8963,70.8185,131.895,2.6753,128.4174,18.0282,17.6594,16.6307,3.4582,14.3935,5.3827,1.2116,130.5641,0.01,10.0
4420.0,237.6086,70.7452,131.3745,2.6734,128.4171,18.0049,17.9422,16.9048,3.3643,14.7201,5.417,1.206,130.271,0.01,10.0
4420.1,237.9259,70.5995,130.6918,2.6725,129.3018,17.8643,18.3229,17.2617,3.3085,15.2649,5.2963,1.1918,130.1195,0.01,10.0
4420.3,236.7114,70.1495,129.2703,2.6727,130.898,17.6866,19.2655,18.1232,3.2723,16.4412,4.8826,1.1784,129.4658,0.01,10.0
4420.5,233.4495,69.5668,128.2308,2.6853,129.2527,17.9205,19.9428,18.7378,3.3093,17.7516,4.3094,1.143,129.5639,0.01,10.0
4420.7,229.4085,69.3085,127.4839,2.7044,127.4718,18.0256,19.9167,18.7146,3.3585,18.8783,3.8397,1.1663,129.3816,0.01,10.0
4420.8,227.4782,69.2089,127.3813,2.7086,127.7792,18.0129,19.7447,18.5567,3.3574,19.1039,3.8181,1.1272,129.3848,0.01,10.0
4421.5,229.4123,69.8015,129.436,2.6977,134.0672,18.5337,18.8019,17.6773,3.3288,13.9192,6.1448,1.0882,130.192,0.01,10.0
4422.1,232.2131,70.2792,130.4143,2.6952,125.8981,18.9468,18.3649,17.2808,3.2047,12.5012,6.2944,1.0079,130.2696,0.01,10.0
4422.3,230.9884,70.2607,130.6689,2.6811,128.8242,18.7955,18.2647,17.195,3.1116,13.3229,6.3124,0.984,130.5647,0.01,10.0
4422.6,230.0308,70.4036,130.9238,2.7006,131.64,17.9127,18.3928,17.3202,3.0332,14.3627,6.4055,0.9703,130.52,0.01,10.0
4422.7,229.9206,70.434,130.9572,2.7042,132.6727,17.9334,18.4343,17.361,3.0335,14.5913,6.4508,0.9696,130.5161,0.01,10.0
4424.1,225.9634,70.1906,130.1574,2.7073,132.2233,17.5478,18.6727,17.587,3.0673,14.5255,6.3607,0.8888,130.2122,0.01,10.0
4424.2,226.3499,70.2641,130.3528,2.7036,132.2213,17.6003,18.3874,17.3147,3.0236,15.0514,6.3145,0.9101,130.3432,0.01,10.0
4424.3,226.7088,70.3461,130.3896,2.7016,132.0008,17.7428,18.0674,17.0107,2.9847,15.5909,6.2713,0.9016,130.3223,0.01,10.0
4424.9,228.2106,70.4865,129.7612,2.702,136.9281,18.319,16.784,15.8348,3.2898,17.0221,5.8771,0.8987,129.441,0.01,10.0
4425.0,228.3958,70.1497,129.6256,2.7075,136.2038,18.5967,16.9037,15.9532,3.3423,16.8717,5.8622,0.9083,129.6535,0.01,10.0
4425.1,228.4677,69.8358,129.6137,2.713,135.179,18.6232,17.1497,16.1896,3.3809,16.7899,5.8303,0.8896,130.3793,0.01,10.0
4425.2,228.4358,69.6901,129.7087,2.7169,134.1682,18.383,17.4951,16.5142,3.3876,16.899,5.771,0.9118,130.7238,0.01,10.0
4425.3,228.3554,69.5505,129.6805,2.7178,133.3345,17.9992,17.8577,16.8477,3.3635,17.2075,5.691,0.8957,130.7984,0.01,10.0
4425.4,228.3392,69.598,129.6714,2.715,132.9669,17.6218,18.1546,17.1137,3.3218,17.6051,5.6138,0.9098,130.8247,0.01,10.0
4425.5,228.4678,69.9493,129.8829,2.7092,133.1018,17.3743,18.2888,17.2251,3.2764,18.0987,5.5149,0.9022,130.2755,0.01,10.0
4425.6,228.759,70.1234,130.435,2.7036,133.1277,17.3235,18.2551,17.1816,3.2328,18.7204,5.3664,0.9143,130.4345,0.01,10.0
4425.8,229.5147,70.3482,131.5417,2.7012,132.2641,17.8068,17.7718,16.7191,3.1816,20.4349,4.7964,0.9162,131.1927,0.01,10.0
4426.0,229.8075,70.551,132.2705,2.7025,132.2501,18.2031,17.1444,16.1311,3.2838,21.713,4.09,0.9212,131.4294,0.01,10.0
4426.1,229.7379,70.6859,132.3826,2.7001,132.7168,18.2736,16.9103,15.9115,3.3784,21.9217,3.8254,0.9611,131.3338,0.01,10.0
4426.5,229.5527,71.0076,131.5036,2.6957,135.5223,20.0595,16.4306,15.4683,3.57,20.8378,3.8547,0.9835,130.3584,0.01,10.0
4426.9,230.3256,71.19,130.525,2.7158,134.0696,20.8088,16.9864,16.0031,3.3379,19.4552,5.0696,0.969,129.2171,0.01,10.0
4427.0,230.6022,71.16,130.3349,2.7153,134.825,20.1705,17.1688,16.1751,3.2814,19.4764,5.2769,1.0161,129.132,0.01,10.0
4427.1,230.9354,71.1356,130.1148,2.7128,136.5342,19.4129,17.2536,16.2528,3.2608,19.6072,5.4018,1.0172,129.0667,0.01,10.0
4427.2,231.3272,71.0818,129.9238,2.7098,138.7274,18.7159,17.2332,16.2294,3.272,19.6894,5.4783,1.0193,128.8514,0.01,10.0
4427.3,231.7836,70.8909,129.9261,2.7066,140.7301,18.3142,17.104,16.1025,3.3061,19.7037,5.5091,1.0243,128.9858,0.01,10.0
4427.7,233.9306,71.1723,129.8309,2.6883,140.3007,19.3574,16.2349,15.2873,3.3065,18.7556,5.8512,1.055,128.7808,0.01,10.0
4427.9,234.1971,71.4017,130.1528,2.6793,134.9636,18.7683,16.2761,15.3338,3.1236,17.8392,6.3126,1.0777,128.671,0.01,10.0
4428.1,233.057,71.4492,130.1879,2.6742,133.4499,17.8329,16.5468,15.5829,2.9805,17.9326,6.3736,1.1052,128.58,0.01,10.0
4428.2,232.1678,71.3578,130.3519,2.6735,134.1595,17.6747,16.6804,15.7007,2.9452,18.1152,6.2904,1.1152,128.6964,0.01,10.0
4428.5,231.407,71.1122,131.1159,2.6736,132.7323,18.1505,16.5039,15.5172,2.9794,18.9033,5.6403,1.1565,129.7207,0.01,10.0
4428.8,235.623,71.2655,132.3403,2.6745,131.1883,18.5752,15.8231,14.8773,3.0009,19.2389,5.3399,1.17,130.4026,0.01,10.0
4429.0,238.8045,71.4489,133.0187,2.6804,132.4257,19.1179,15.5877,14.6613,2.9947,19.0101,5.4937,1.191,130.827,0.01,10.0
4429.2,240.8161,71.653,133.5987,2.68,134.0178,19.2631,15.5013,14.5869,2.9314,19.2013,5.6858,1.1829,130.9862,0.01,10.0
4429.3,241.4755,71.7168,133.7773,2.6778,134.2872,19.0567,15.4319,14.5242,2.8999,19.2755,5.7853,1.1881,131.0335,0.01,10.0
4429.4,242.0554,71.7479,133.956,2.6758,133.9216,18.916,15.3161,14.416,2.8795,19.1798,5.9315,1.2113,131.0762,0.01,10.0
4429.5,242.5824,71.7496,134.1665,2.6752,132.9819,18.95,15.1689,14.2754,2.8789,18.9822,6.0771,1.2366,131.303,0.01,10.0
4429.9,243.0854,71.9099,135.212,2.6991,134.6354,18.5109,14.6671,13.79,2.9765,18.5415,6.251,1.2414,131.8332,0.01,10.0
4430.1,242.2599,72.0737,135.4027,2.6927,138.4577,18.1897,14.5523,13.6895,3.1057,18.2198,6.0965,1.2661,131.7475,0.01,10.0
4430.2,241.8486,72.136,135.4249,2.6825,138.089,18.4264,14.5292,13.6717,3.1643,18.4842,5.809,1.2765,131.6872,0.01,10.0
4430.4,241.5275,72.2477,135.0638,2.6733,134.3646,19.3978,14.5528,13.6964,3.3058,19.6924,4.8524,1.2797,131.293,0.01,10.0
4430.5,241.7217,72.2824,134.9028,2.6786,133.0327,19.7638,14.5846,13.7245,3.363,20.1383,4.4891,1.2931,131.2418,0.01,10.0
4430.8,242.9188,72.2653,135.0103,2.7115,137.4998,19.7425,14.6621,13.7929,3.3763,19.2674,4.8637,1.3226,131.185,0.01,10.0
4431.1,243.9622,71.9828,135.1281,2.722,137.6128,18.8875,14.5955,13.7341,3.2746,17.0546,6.0493,1.3417,131.3833,0.01,10.0
4431.3,244.6251,71.856,135.4801,2.721,135.39,19.2212,14.5773,13.7239,3.2088,16.0346,6.5916,1.3555,132.1591,0.01,10.0
4431.4,244.8929,71.8874,135.5747,2.719,134.8952,19.5635,14.6432,13.7916,3.1608,15.5716,6.8636,1.3785,132.1729,0.01,10.0
4431.6,244.9354,72.2281,135.531,2.7096,134.9846,20.0587,14.9405,14.0851,3.071,15.2171,7.1546,1.3663,131.5666,0.01,10.0
4432.0,242.017,71.8022,134.7672,2.7107,134.4255,19.0515,15.8124,14.8999,3.0173,15.7348,6.9312,1.4223,131.7165,0.01,10.0
4432.1,240.9312,71.6584,134.4791,2.7132,134.4384,18.6296,15.9076,14.9806,2.989,15.6701,6.9799,1.4129,131.7144,0.01,10.0
4432.2,239.9802,71.5613,134.1829,2.7134,134.0917,18.4303,15.8823,14.948,2.9509,15.4771,7.0966,1.45,131.5961,0.01,10.0
4432.3,239.3036,71.5213,134.0877,2.7107,133.3205,18.425,15.7604,14.825,2.9218,15.1814,7.2328,1.4462,131.6091,0.01,10.0
4432.4,239.0923,71.526,134.1247,2.706,132.417,18.4566,15.5654,14.6352,2.9118,14.7983,7.3706,1.4436,131.6467,0.01,10.0
4432.8,242.1291,71.8965,134.7345,2.7096,133.0081,18.9566,14.9212,14.0437,2.9163,13.5875,7.8863,1.484,131.5591,0.01,10.0
4432.9,243.14,71.9989,134.8139,2.713,134.6368,19.3582,14.9643,14.0898,2.9738,13.9341,7.7355,1.5248,131.5463,0.01,10.0
4433.0,243.9261,72.0337,134.8952,2.7125,136.7008,19.6398,15.0392,14.1646,3.0635,14.6868,7.3853,1.5261,131.5721,0.01,10.0
4433.5,243.8629,72.0979,135.8456,2.6969,136.1497,18.6178,15.0859,14.2203,3.3704,18.1398,5.7135,1.5568,132.2463,0.01,10.0
4433.6,243.0404,72.3975,136.0739,2.6913,134.5541,18.4267,15.1046,14.2436,3.4201,18.4211,5.5106,1.5633,131.8558,0.01,10.0
4434.1,235.5757,71.8624,134.6206,2.7095,135.7498,18.0669,16.0269,15.1153,3.3841,14.9709,6.8106,1.5773,131.5975,0.01,10.0
4434.5,233.8437,71.4612,132.9491,2.6868,132.3464,18.3639,16.3513,15.4132,3.066,12.3356,8.131,1.5786,130.8279,0.01,10.0
4434.7,234.5034,71.3069,132.8879,2.6884,131.9409,18.3771,16.3746,15.4436,2.9296,12.4144,8.2941,1.6086,131.1018,0.01,10.0
4435.3,233.6315,71.2475,132.3101,2.7052,131.56,17.6586,16.8007,15.8601,2.5424,14.6684,8.2345,1.6512,130.78,0.01,10.0
4435.5,233.5206,71.1702,131.9528,2.6981,130.4824,18.1294,16.7751,15.8217,2.6033,15.1178,7.7897,1.6316,130.6137,0.01,10.0
4435.6,233.8261,71.177,131.9767,2.6916,131.0247,18.5575,16.7032,15.7497,2.673,15.2315,7.4936,1.6377,130.634,0.01,10.0
4435.8,235.155,71.4114,132.4198,2.6885,131.3662,19.2991,16.4788,15.5388,2.848,15.401,6.8483,1.6327,130.6329,0.01,10.0
4435.9,236.0217,71.5275,132.6161,2.6906,130.9648,19.4304,16.3947,15.4627,2.9378,15.5294,6.5176,1.6051,130.6242,0.01,10.0
4436.1,237.424,71.6654,132.4872,2.6915,130.4589,19.3005,16.4553,15.5272,3.0709,15.8147,5.966,1.6328,130.3826,0.01,10.0
4436.3,237.6555,71.6511,132.2018,2.6958,130.919,19.1363,16.8096,15.8652,3.1343,15.783,5.7245,1.6366,130.1108,0.01,10.0
4436.5,236.711,71.5012,131.6519,2.7034,130.7238,18.8047,17.2453,16.2655,3.203,15.3196,5.742,1.6321,129.9357,0.01,10.0
4436.7,235.0634,71.1267,130.4809,2.694,130.5926,17.9394,17.4786,16.4793,3.2861,14.7161,5.9123,1.6433,129.6411,0.01,10.0
4436.8,234.1157,70.952,130.0111,2.6855,131.261,17.5822,17.4899,16.4917,3.332,14.4078,6.0354,1.609,129.4578,0.01,10.0
4437.7,238.6208,71.0079,131.1093,2.6888,134.003,18.1946,16.0249,15.0852,3.171,16.6391,6.1719,1.5863,130.2841,0.01,10.0
4438.1,243.3567,71.3887,133.093,2.6488,134.0711,18.2601,15.7254,14.7996,3.4133,17.483,5.2672,1.5644,131.1267,0.01,10.0
4438.3,244.3751,71.5884,133.9174,2.6461,134.8973,17.5571,15.4257,14.5141,3.5133,16.5419,5.3375,1.5565,131.6098,0.01,10.0
4438.7,243.968,72.1166,135.5031,2.6684,133.9668,19.041,14.6862,13.8328,3.5797,15.1594,5.6468,1.5307,132.121,0.01,10.0
4438.8,243.2336,72.2831,135.5977,2.672,132.6732,19.3282,14.6318,13.7861,3.5875,15.3528,5.5731,1.4883,131.8766,0.01,10.0
4439.0,241.4609,72.5155,135.7985,2.677,133.0365,19.3155,14.7887,13.9437,3.5729,16.3883,5.3106,1.5009,131.7516,0.01,10.0
4439.4,239.4144,72.4335,134.9747,2.6683,137.0405,17.9364,15.5012,14.6,3.5686,17.5163,5.1347,1.4814,131.2409,0.01,10.0
4439.5,239.5318,72.3158,134.796,2.6737,137.2642,17.7518,15.6288,14.7192,3.5699,17.1805,5.2827,1.485,131.2816,0.01,10.0
4439.8,240.756,71.8808,134.2511,2.69,134.7952,17.793,15.7925,14.8794,3.5191,16.2404,5.6824,1.4578,131.5057,0.01,10.0
4440.0,241.4804,71.7655,134.1744,2.6995,131.8085,18.4402,15.8135,14.9015,3.4359,16.1316,5.8032,1.4222,131.589,0.01,10.0
4440.6,239.3818,71.9512,134.52,2.7019,137.8709,19.6697,15.7139,14.7796,3.4169,16.9644,5.9457,1.3728,131.607,0.01,10.0
4441.1,237.9451,72.3381,134.8233,2.7058,134.367,19.161,15.5068,14.5991,3.0646,16.0609,6.6732,1.3228,131.3498,0.01,10.0
4441.4,241.0352,73.0657,134.8168,2.7283,133.1695,19.0795,15.3581,14.4971,2.6614,14.982,7.6757,1.3065,130.354,0.01,10.0
4441.6,244.0164,73.4499,134.873,2.7202,134.2743,18.3736,15.4448,14.5876,2.5165,14.8926,7.9979,1.2937,129.9384,0.01,10.0
4441.7,245.0628,73.5825,134.9005,2.7124,134.0236,18.0,15.5509,14.6773,2.4709,15.0957,8.0614,1.2938,129.6923,0.01,10.0
4441.9,245.535,73.7437,134.8448,2.7027,132.1741,17.6234,15.7334,14.8136,2.4359,16.0868,7.9539,1.2837,129.4766,0.01,10.0
4442.1,244.0085,73.8776,134.8145,2.7055,132.51,17.7167,15.6421,14.6917,2.4656,16.9855,7.7893,1.2477,129.182,0.01,10.0
4442.3,242.5159,73.8756,134.542,2.7131,135.6451,17.8287,15.1644,14.2234,2.5785,17.1296,7.785,1.2491,129.0268,0.01,10.0
4442.5,242.5879,73.9766,134.6372,2.7141,138.9271,18.185,14.7847,13.8776,2.7769,16.5635,7.9012,1.2089,128.9399,0.01,10.0
4442.6,243.1083,74.1039,134.8748,2.7137,139.8945,18.6028,14.8125,13.9125,2.8485,16.2889,7.9897,1.233,128.9494,0.01,10.0
4443.7,246.1322,75.373,134.9217,2.7032,146.4674,17.7634,15.9335,15.0012,3.2761,15.239,8.6283,1.1529,127.3362,0.01,10.0
4444.0,245.9627,75.7862,134.9906,2.6978,147.5857,18.3674,16.3794,15.4291,3.4371,15.1967,8.4534,1.1365,126.8375,0.01,10.0
4444.1,246.0912,75.9464,135.0112,2.6992,146.6092,18.5428,16.7788,15.8002,3.4407,15.4644,8.3132,1.1158,126.547,0.01,10.0
4444.2,246.0521,76.0802,134.9629,2.7028,145.3228,18.3348,17.1743,16.1656,3.4277,15.8129,8.1379,1.1159,126.5259,0.01,10.0
4444.3,245.7146,76.1767,134.8765,2.7064,143.9632,17.8475,17.4756,16.4407,3.4044,16.2238,7.9153,1.0938,126.191,0.01,10.0
4444.4,245.1007,76.1786,134.7467,2.7081,142.9198,17.4022,17.6078,16.5571,3.3815,16.4915,7.7341,1.0938,126.0341,0.01,10.0
4445.0,239.9481,74.2545,133.866,2.7085,139.5201,18.0108,17.8076,16.7077,3.3203,15.527,7.436,1.0802,128.24,0.01,10.0
4445.2,238.6876,73.9406,134.0,2.7054,138.0024,18.0272,18.0396,16.8859,3.343,15.0888,7.3312,1.0652,128.6029,0.01,10.0
4445.3,238.4438,73.9538,134.3519,2.709,137.4595,18.3048,17.9313,16.7649,3.3441,14.9953,7.2504,1.0524,128.9734,0.01,10.0
4445.4,238.4913,74.0114,134.6888,2.7137,137.2463,18.6601,17.6495,16.4855,3.3271,15.0523,7.16,1.0468,128.9888,0.01,10.0
4445.5,238.7867,74.0903,135.0017,2.7151,137.1233,18.9718,17.2475,16.1,3.299,15.1572,7.0807,1.0412,129.179,0.01,10.0
4446.3,233.3891,72.4262,134.7455,2.6857,134.2751,18.0461,16.4238,15.3142,2.7489,14.6527,8.1659,1.0007,131.1717,0.01,10.0
4446.5,234.4454,72.3914,134.8974,2.691,137.8513,19.089,16.0552,14.9596,2.8454,15.0279,8.1819,0.9697,131.634,0.01,10.0
4447.0,243.7071,74.4589,137.0923,2.7085,149.4845,19.1003,14.9669,13.9615,3.1209,15.9572,8.3038,0.9458,130.191,0.01,10.0
4447.2,246.1801,74.9481,137.7679,2.7082,147.7106,19.1699,15.0347,14.0525,3.0935,15.9237,8.3873,0.9191,130.0749,0.01,10.0
4447.3,246.4892,75.0113,138.0903,2.7086,143.375,19.1142,15.3882,14.396,3.0775,15.8159,8.225,0.9257,130.3222,0.01,10.0
4447.4,245.8851,74.8848,137.489,2.7093,139.0541,18.6263,15.9403,14.9178,3.0621,15.7695,7.9942,0.9664,130.3079,0.01,10.0
4447.5,244.2926,74.6292,136.5589,2.7106,136.4198,17.8766,16.6304,15.5576,3.0619,15.829,7.7304,0.935,129.6675,0.01,10.0
4447.8,236.4599,72.9216,134.1482,2.7095,136.8012,17.2353,18.3576,17.099,3.1282,15.8723,7.0217,0.9283,130.2355,0.01,10.0
4448.1,232.1252,71.4101,130.8595,2.6889,134.1218,17.7324,18.0301,16.7461,3.2256,15.2993,6.6544,0.9097,129.8011,0.01,10.0
4448.2,232.5748,71.189,130.8436,2.6858,133.9801,17.4112,17.6471,16.3904,3.2286,14.9334,6.7746,0.9338,130.2491,0.01,10.0
4448.7,238.9697,71.6003,131.1285,2.6924,137.1205,16.9061,16.8715,15.7032,2.9283,13.9904,8.3035,0.928,129.7859,0.01,10.0
4448.9,238.5249,71.5734,131.1327,2.6917,136.849,17.4218,17.6382,16.4254,2.8554,13.2913,8.7337,0.9315,129.79,0.01,10.0
4449.2,234.9729,70.9174,129.7883,2.696,134.7244,17.29,18.9784,17.6661,2.9146,11.719,8.8736,0.9171,129.6116,0.01,10.0
4449.7,233.9019,70.0534,130.0821,2.6956,130.9306,16.3313,18.8171,17.5,2.9692,11.7682,8.4361,0.9619,131.3672,0.01,10.0
4449.8,234.5175,70.1246,130.107,2.6941,131.518,16.8826,18.6521,17.3495,2.9661,12.4313,8.3134,0.9362,131.076,0.01,10.0
4449.9,235.2234,70.2526,130.5128,2.6919,133.02,17.8428,18.4979,17.2074,2.9785,13.2277,8.1509,0.9576,131.278,0.01,10.0
4450.1,236.6755,70.5222,130.7777,2.6838,136.0712,19.6672,18.2846,17.004,3.032,14.9962,7.6748,0.9521,131.1631,0.01,10.0
4450.2,237.2443,70.63,130.6118,2.6794,137.0553,19.9907,18.267,16.9837,3.072,15.8357,7.3507,0.9522,130.739,0.01,10.0
4450.4,237.7369,70.651,130.3101,2.6784,137.9509,19.3263,18.3371,17.0458,3.2054,17.1259,6.6099,0.9702,130.4903,0.01,10.0
4450.5,237.785,70.646,130.6373,2.6824,138.2531,18.5701,18.3379,17.0482,3.2816,17.4579,6.2969,0.9535,130.8832,0.01,10.0
4450.8,238.77,70.8443,130.9588,2.6881,137.3473,17.2913,17.773,16.5301,3.3986,17.6075,5.8607,0.9798,130.8299,0.01,10.0
4451.1,242.6577,71.4826,132.7938,2.6919,139.4451,18.5681,16.6174,15.469,3.4155,16.7394,6.3377,0.9745,131.2832,0.01,10.0
4451.2,244.3414,71.8745,133.239,2.698,141.745,18.8813,16.3122,15.1869,3.3958,16.4533,6.6612,0.9642,131.283,0.01,10.0
4451.5,248.7536,73.4,134.954,2.7323,147.4105,19.2866,15.9604,14.8622,3.4079,16.6612,7.2392,0.9642,130.332,0.01,10.0
4451.6,249.7221,73.858,135.6016,2.7471,149.0635,19.2509,15.9928,14.8917,3.4336,17.0891,7.3151,0.9643,130.1642,0.01,10.0
4451.7,250.3429,74.284,135.4808,2.7597,150.529,19.0942,16.0351,14.9247,3.4621,17.6303,7.2858,0.97,129.1415,0.01,10.0
4452.2,248.6159,74.7601,135.0326,2.7405,156.2845,16.9433,12.044,11.1636,3.5429,20.2803,6.4136,0.9869,128.4719,0.01,10.0
4452.4,244.4928,74.1565,133.7629,2.7185,143.978,15.5895,10.2637,9.5955,3.3401,19.6873,5.958,0.9792,128.1749,0.01,10.0
4452.5,241.1672,73.6756,133.4106,2.7115,135.3782,15.1964,10.365,9.7385,3.1784,18.8603,5.763,0.9792,128.7814,0.01,10.0
4452.6,237.4442,72.9674,132.7269,2.7052,129.611,14.9749,11.1571,10.5171,3.0785,18.3094,5.6125,0.9705,129.5033,0.01,10.0
4452.7,234.0629,72.2492,131.9448,2.6984,129.0907,14.8597,12.6856,11.9626,3.0912,18.2115,5.5607,1.0166,129.521,0.01,10.0
4452.9,230.6745,71.2012,130.3389,2.688,134.4595,15.2247,16.379,15.3736,3.2039,17.8714,5.4072,1.0134,129.9659,0.01,10.0
4453.1,232.8445,70.7834,129.7982,2.6929,136.2405,16.7515,17.916,16.7387,3.2727,17.1371,5.5103,1.016,130.0798,0.01,10.0
4453.7,240.4652,71.6347,130.9917,2.7076,139.6784,18.2097,16.6367,15.5533,3.2337,15.6011,6.4407,1.0198,129.772,0.01,10.0
4453.9,240.1552,71.6975,131.2896,2.7105,139.0872,18.4369,16.6564,15.5841,3.2932,15.2788,6.483,1.0254,129.9011,0.01,10.0
4454.2,239.8111,71.6765,131.2379,2.7106,141.2325,19.2167,16.6101,15.5305,3.4551,14.7258,6.4015,1.0767,129.9216,0.01,10.0
4454.4,240.6211,71.8014,131.6445,2.7091,143.0932,18.5205,15.7975,14.766,3.5351,14.6192,6.3898,1.0831,130.0078,0.01,10.0
4454.6,242.496,72.1061,132.3568,2.7162,141.9424,18.1612,14.7973,13.8471,3.5183,14.7347,6.5881,1.0868,130.2038,0.01,10.0
4454.7,243.7443,72.3138,132.8376,2.7238,140.8842,18.3772,14.4903,13.5706,3.4581,14.8194,6.8079,1.084,130.205,0.01,10.0
4454.8,245.1742,72.5446,133.4129,2.732,140.8912,18.7449,14.3646,13.4612,3.3809,14.8328,7.0991,1.1104,130.3893,0.01,10.0
4454.9,246.7193,72.8727,133.8884,2.739,142.457,19.0669,14.421,13.5173,3.2937,14.6358,7.4999,1.1127,130.2511,0.01,10.0
4455.0,248.3096,73.2263,134.3799,2.7429,144.8476,19.1689,14.6027,13.6874,3.2038,14.2533,7.9629,1.1245,130.2488,0.01,10.0
4455.6,250.8363,74.9038,135.7964,2.7195,144.3295,18.0755,16.2512,15.2574,3.0025,13.4397,8.4644,1.1158,128.9057,0.01,10.0
4455.7,249.7086,74.7754,135.7191,2.7202,141.639,17.8872,16.5729,15.5559,3.0358,13.7522,8.1333,1.1158,129.0924,0.01,10.0
4455.8,248.658,74.5497,135.5043,2.719,139.8704,17.6668,16.8316,15.7946,3.0919,14.0829,7.7723,1.1159,129.103,0.01,10.0
4455.9,247.9093,74.301,135.189,2.7141,139.8437,17.4984,16.963,15.9147,3.1522,14.3444,7.4849,1.1358,129.3258,0.01,10.0
4456.2,247.7247,73.6456,134.4404,2.6956,139.7927,17.5511,16.857,15.8241,3.3534,15.0263,6.7537,1.157,129.6148,0.01,10.0
4456.4,247.4655,73.4272,134.3769,2.698,137.5558,17.9297,16.7614,15.7405,3.4631,15.347,6.3934,1.1767,129.9316,0.01,10.0
4456.6,245.6527,73.096,133.9441,2.7023,138.2808,18.9431,16.7863,15.7687,3.5398,15.8543,6.05,1.1914,130.1049,0.01,10.0
4456.7,244.3527,72.7731,133.7884,2.7018,137.3739,19.3258,16.9032,15.8815,3.5714,16.29,5.82,1.1733,130.114,0.01,10.0
4457.2,243.0003,71.4153,133.6707,2.6986,140.489,18.1276,17.1756,16.1409,3.543,18.0297,5.6507,1.1921,132.2538,0.01,10.0
4457.6,249.418,71.9936,134.6089,2.7046,139.9142,19.4947,15.9934,15.0452,3.6343,16.4672,6.1323,1.2124,132.3366,0.01,10.0
4457.7,250.4069,72.3419,134.7553,2.71,140.6536,19.473,15.8767,14.936,3.7082,16.1189,6.0063,1.24,131.8175,0.01,10.0
4457.8,250.909,72.7297,134.8613,2.7142,141.8799,19.0826,15.8776,14.9329,3.8006,15.7995,5.78,1.219,131.1266,0.01,10.0
4457.9,250.9686,73.0325,134.9605,2.7145,142.4103,18.585,15.9462,14.9943,3.8896,15.5698,5.5283,1.2244,131.0795,0.01,10.0
4458.0,250.6494,73.2525,135.0492,2.7103,141.967,18.2132,16.0596,15.1004,3.9658,15.4901,5.265,1.2367,130.7569,0.01,10.0
4458.2,249.5605,73.2973,134.8688,2.6957,140.8745,17.7601,16.4531,15.4631,4.0582,15.7619,4.6945,1.2587,130.53,0.01,10.0
4458.3,249.0472,73.2307,134.7672,2.6918,141.4375,17.4265,16.7246,15.7064,4.0794,15.8849,4.4698,1.242,130.565,0.01,10.0
4458.4,248.6624,73.1588,134.6579,2.6919,141.6904,17.0827,17.0042,15.957,4.1066,15.8726,4.3174,1.2769,130.5974,0.01,10.0
4458.5,248.4231,73.0483,134.582,2.696,140.5496,16.9303,17.2267,16.1592,4.1516,15.6451,4.2364,1.2768,130.6,0.01,10.0
4458.6,248.358,72.8941,134.5448,2.7023,138.6819,17.0638,17.3496,16.2724,4.1963,15.3027,4.2119,1.3024,130.8751,0.01,10.0
4459.0,250.3157,72.409,134.4667,2.712,137.8275,17.9631,16.9801,15.9265,4.0343,14.5,4.892,1.3204,131.4726,0.01,10.0
4459.2,252.0316,72.4036,134.5088,2.7108,137.1502,18.1472,16.9223,15.8855,3.8518,14.4503,5.3024,1.2932,131.5332,0.01,10.0
4459.6,251.1971,72.4718,134.348,2.7079,130.3972,18.7136,17.532,16.4551,3.202,15.222,6.3648,1.3315,131.4075,0.01,10.0
4459.9,247.6363,72.44,134.0674,2.7008,136.9792,19.0657,17.8926,16.8028,3.2992,15.1737,6.6676,1.345,131.1674,0.01,10.0
4460.2,245.8369,72.0022,133.9159,2.6845,142.6286,17.8923,17.7163,16.6262,3.4234,15.3886,6.5359,1.3504,131.5649,0.01,10.0
4460.3,245.7534,71.8337,133.8559,2.6821,142.037,17.9341,17.5614,16.4757,3.4294,15.3529,6.4694,1.3611,131.8224,0.01,10.0
4460.4,245.8585,71.7298,133.9354,2.6822,139.9795,18.3037,17.4129,16.3348,3.394,15.0866,6.4567,1.3408,132.1351,0.01,10.0
4460.6,246.6455,71.815,134.4143,2.678,135.6843,19.3363,17.2057,16.1203,3.2985,14.4131,6.562,1.3407,132.2909,0.01,10.0
4460.8,248.0474,72.2481,135.5613,2.6708,135.0016,19.9118,15.9974,14.9001,3.2004,14.1764,6.7716,1.3706,132.5899,0.01,10.0
4461.2,250.2552,74.1485,137.8277,2.6823,139.0411,19.8645,9.2341,8.6332,2.8538,15.3962,7.2552,1.3877,131.6751,0.01,10.0
4461.3,250.1056,74.474,138.1658,2.6831,138.9781,19.665,8.7542,8.2314,2.786,15.8703,7.2848,1.3855,131.3843,0.01,10.0
4461.5,249.5732,74.8641,138.4019,2.6828,140.2038,18.9981,9.8712,9.344,2.64,16.7299,7.3913,1.3942,131.1248,0.01,10.0
4461.6,249.6424,74.9254,138.3501,2.6812,141.6801,18.7682,11.217,10.6119,2.5709,16.9886,7.4887,1.4053,130.9477,0.01,10.0
4461.7,250.095,74.985,138.2083,2.6807,142.7134,18.6632,12.6932,11.9761,2.5221,17.0141,7.6135,1.4454,130.929,0.01,10.0
4462.0,253.405,74.6193,137.7548,2.6934,139.1245,18.839,14.3877,13.4956,2.4497,16.1692,8.0733,1.4218,131.0054,0.01,10.0
4462.4,256.3542,75.6028,137.7105,2.6766,138.0327,20.1796,14.3039,13.4455,2.5643,16.3036,7.6856,1.4575,129.5431,0.01,10.0
4462.6,256.0916,75.9409,137.9033,2.6979,137.1339,19.7733,15.009,14.107,2.7113,17.3231,7.0806,1.4581,129.477,0.01,10.0
4462.8,255.2159,76.0125,137.3204,2.71,138.5295,19.6978,15.5823,14.6343,2.8492,17.9504,6.7603,1.4887,128.6721,0.01,10.0
4463.0,254.601,75.6906,136.5169,2.7058,139.9284,19.2239,15.457,14.5062,2.9362,17.7827,6.967,1.4806,128.599,0.01,10.0
4463.1,254.7047,75.479,136.3425,2.7046,141.2866,18.9334,15.1927,14.2574,2.9759,17.563,7.1744,1.5137,128.55,0.01,10.0
4463.2,255.1219,75.2573,136.2884,2.7036,143.4191,18.8426,14.9008,13.9857,3.0207,17.2034,7.4607,1.5238,129.0457,0.01,10.0
4463.3,255.7521,75.2629,136.2473,2.7005,146.3198,18.9737,14.6467,13.7511,3.0714,16.7865,7.7352,1.5228,129.0128,0.01,10.0
4463.5,257.1781,75.5035,136.3911,2.6886,151.8571,19.2017,14.2465,13.3774,3.1985,15.8298,8.1998,1.5229,128.8638,0.01,10.0
4463.8,258.2167,75.99,136.5017,2.6741,146.8322,18.4591,13.1106,12.2949,3.3959,15.6487,7.8547,1.5289,128.2734,0.01,10.0
4463.9,258.1888,76.0761,136.471,2.6687,144.6144,18.4753,12.5979,11.8218,3.4813,15.8312,7.5548,1.5302,128.0627,0.01,10.0
4464.0,258.0614,76.1077,136.3892,2.6633,144.6227,18.6838,12.1989,11.4609,3.5511,16.1053,7.2563,1.5337,128.0402,0.01,10.0
4464.3,257.5699,76.075,136.2789,2.6648,147.3361,19.3051,12.1927,11.4893,3.6561,16.8596,6.5792,1.5475,127.8783,0.01,10.0
4464.9,255.9088,76.2053,136.4048,2.6717,143.9956,16.9501,14.6428,13.791,3.313,16.2955,7.051,1.6048,127.9573,0.01,10.0
4465.1,254.7933,76.1568,135.9077,2.6675,144.2874,16.83,15.4971,14.5857,3.1713,16.1034,7.2903,1.6202,127.5131,0.01,10.0
4465.4,253.3335,75.8935,134.9352,2.6579,144.6481,18.0762,15.7655,14.8153,3.0698,15.8915,7.2586,1.6114,127.2682,0.01,10.0
4465.5,253.0195,75.7387,134.5823,2.6649,141.1696,18.1262,15.5943,14.6569,3.0623,15.5455,7.1255,1.6167,127.1783,0.01,10.0
4465.6,252.7794,75.5862,134.2605,2.6712,137.8729,18.0382,15.4442,14.5216,3.065,15.2392,6.9738,1.6306,127.1196,0.01,10.0
4465.9,252.3406,75.2897,133.6345,2.6609,136.0448,17.9032,15.7301,14.8186,3.0595,15.2793,6.8264,1.6311,127.0515,0.01,10.0
4466.0,252.2334,75.2724,133.5621,2.6601,136.6389,17.904,16.1381,15.2066,3.043,15.3224,6.9021,1.6502,127.0631,0.01,10.0
4466.3,251.3729,75.2638,133.3599,2.6748,139.0509,18.6621,16.6122,15.6099,2.912,15.166,7.514,1.6382,126.9104,0.01,10.0
4466.5,250.0214,75.1434,133.1414,2.6846,138.74,18.627,15.0652,14.1547,2.764,14.6674,8.1294,1.648,126.8916,0.01,10.0
4467.3,247.4516,74.9428,132.1037,2.7076,136.9892,19.0581,13.8485,13.0675,2.7619,17.6788,6.7572,1.6331,126.3479,0.01,10.0
4467.4,247.2695,74.9576,132.2319,2.7005,136.3796,19.3624,14.0587,13.2632,2.8302,18.1359,6.4386,1.6326,126.4763,0.01,10.0
4467.5,247.1077,74.9592,132.4107,2.6946,136.9277,19.3511,14.3012,13.4894,2.9099,18.3091,6.2545,1.6316,126.5008,0.01,10.0
4467.7,247.2135,74.9116,133.169,2.6897,141.1389,18.5328,14.9226,14.0569,3.0507,17.3204,6.5848,1.6335,127.4709,0.01,10.0
4467.9,248.1567,74.8084,133.6704,2.6799,141.7283,18.4786,15.0276,14.1217,3.0683,15.5621,7.3754,1.6141,127.7977,0.01,10.0
4468.0,248.9404,74.7931,133.8735,2.6737,140.6016,18.8324,14.6016,13.6959,3.0527,14.8836,7.6919,1.6411,128.0775,0.01,10.0
4468.2,250.7195,74.8197,134.1897,2.6722,140.0747,18.5023,12.4177,11.6121,2.9759,14.1518,8.1635,1.6229,128.2021,0.01,10.0
4468.7,250.8117,74.7257,133.1193,2.6896,141.2988,18.3711,10.3011,9.7884,2.8805,14.8193,8.013,1.6023,127.5506,0.01,10.0
4468.8,249.9451,74.7704,132.9281,2.6901,140.9465,18.5867,11.765,11.1857,2.9647,15.3447,7.6642,1.619,127.2851,0.01,10.0
4468.9,249.1142,74.8412,132.6877,2.6918,141.9985,18.4593,13.5906,12.9003,3.1161,15.8112,7.2225,1.61,127.2101,0.01,10.0
4469.3,247.7388,75.44,132.6406,2.6905,146.6574,18.4164,16.2548,15.289,3.7083,16.1027,6.0114,1.5731,126.1278,0.01,10.0
4469.7,247.5666,75.5413,133.031,2.6864,141.9748,18.7129,14.6288,13.8099,3.5968,15.7996,6.2118,1.5611,126.3639,0.01,10.0
4469.9,249.1072,75.6224,133.4428,2.6878,143.48,18.3615,14.721,13.8985,3.5442,16.5444,5.9005,1.5467,126.5254,0.01,10.0
4470.1,251.5582,75.7686,133.9441,2.6819,142.0016,18.6947,14.3812,13.496,3.6514,17.629,5.0153,1.5384,126.665,0.01,10.0
4470.2,252.4123,75.8407,134.2826,2.6822,139.9019,18.7201,13.5266,12.6538,3.7358,18.1714,4.4899,1.5762,126.8733,0.01,10.0
4470.5,251.9014,76.0757,135.3309,2.6924,138.0502,18.5835,9.6599,9.0589,3.805,18.5844,3.9553,1.5568,127.402,0.01,10.0
4470.6,251.0681,76.1721,135.5891,2.6853,139.2056,18.8586,9.0937,8.5619,3.7629,18.3674,4.1186,1.5458,127.51,0.01,10.0
4470.8,249.5468,76.2932,135.9547,2.6649,141.1325,19.1716,9.617,9.1011,3.6205,17.8826,4.6538,1.5403,127.6028,0.01,10.0
4470.9,249.0178,76.2621,135.985,2.6616,141.5383,19.0528,10.5988,10.0068,3.534,17.6561,4.9639,1.5003,127.7078,0.01,10.0
4471.0,248.616,76.1782,135.9247,2.6618,142.0803,18.8987,11.5779,10.8608,3.4428,17.3924,5.2832,1.5341,127.7355,0.01,10.0
4471.1,248.3105,76.0521,135.791,2.6616,143.1102,18.8073,11.8681,11.0449,3.3473,17.0833,5.6137,1.5338,127.8218,0.01,10.0
4471.2,248.0871,75.952,135.6184,2.6606,144.3929,18.7547,10.975,10.1406,3.2761,16.8224,5.8629,1.529,127.8274,0.01,10.0
4471.3,247.9374,75.914,135.4348,2.6622,144.7198,18.6642,9.0144,8.2998,3.2326,16.6088,6.0145,1.5096,127.8277,0.01,10.0
4471.5,247.6107,75.9424,134.9914,2.6793,140.3457,18.2598,5.253,4.9002,3.143,15.9737,6.2751,1.4794,127.2902,0.01,10.0
4471.6,247.1778,75.8667,134.908,2.6893,137.2639,17.9447,4.6155,4.3708,3.0948,15.6009,6.4085,1.4769,127.2425,0.01,10.0
4471.8,245.6229,75.471,135.5542,2.695,135.1519,17.1809,5.8471,5.6277,3.0052,15.3342,6.6335,1.477,127.9728,0.01,10.0
4472.1,244.4616,75.0773,137.0317,2.6876,139.8956,17.1439,12.6315,11.9187,2.9021,15.0958,7.1277,1.4367,129.903,0.01,10.0
4472.4,246.3057,75.1466,138.7602,2.6835,137.87,18.7723,12.863,12.0146,3.0836,14.2179,7.1926,1.4096,131.1945,0.01,10.0
4472.5,246.9392,75.2,139.0171,2.6789,136.4278,19.2752,11.9772,11.2035,3.1565,14.0244,7.1395,1.4122,131.4839,0.01,10.0
4472.6,247.3853,75.357,138.8741,2.6764,136.5428,19.4472,11.4551,10.7421,3.1826,14.1866,7.0426,1.4004,131.0709,0.01,10.0
4472.7,247.6514,75.6045,138.6127,2.677,137.7723,19.267,11.3605,10.6784,3.1861,14.5934,6.8857,1.3758,130.9282,0.01,10.0
4472.8,247.825,75.8795,138.415,2.6799,139.0627,18.8312,11.6543,10.9699,3.1747,15.1285,6.6989,1.3884,130.2218,0.01,10.0
4472.9,247.9764,76.11,138.5082,2.6847,139.4944,18.3065,12.2292,11.5133,3.1562,15.6704,6.5134,1.3832,129.8281,0.01,10.0
4473.0,248.1,76.1961,138.6723,2.6915,139.0525,17.8462,12.8838,12.1228,3.128,16.2122,6.3406,1.3561,129.7776,0.01,10.0
4473.1,248.1473,76.1784,138.8063,2.6999,137.956,17.5421,13.4558,12.6508,3.0945,16.852,6.127,1.3709,129.9582,0.01,10.0
4473.2,248.1207,76.1006,138.8119,2.7072,136.4373,17.4513,13.7948,12.9625,3.0798,17.4829,5.8681,1.3568,130.1267,0.01,10.0
4473.3,248.0724,76.0777,139.0353,2.7091,135.0537,17.5104,13.9384,13.0957,3.088,18.0355,5.5873,1.3384,130.1672,0.01,10.0
4473.4,248.1044,76.1062,139.4717,2.7043,134.5467,17.5819,13.9573,13.1176,3.1237,18.4089,5.3254,1.3447,130.5152,0.01,10.0
4473.6,248.5206,76.0858,140.1796,2.6876,138.0648,17.2371,13.9426,13.1266,3.2891,18.8922,4.7453,1.3126,131.1466,0.01,10.0
4473.8,249.0859,75.9601,140.2647,2.6923,140.8303,16.7773,14.1907,13.3735,3.4054,18.778,4.5257,1.2994,131.423,0.01,10.0
4473.9,249.2641,75.886,140.2938,2.7058,140.2241,16.8317,14.4122,13.5765,3.429,18.4839,4.5921,1.2994,131.4901,0.01,10.0
4474.5,249.254,75.7047,140.8075,2.7042,142.0018,18.3043,13.3267,12.4384,3.4067,17.0912,5.171,1.2666,132.182,0.01,10.0
4474.6,249.2566,75.7532,140.7421,2.6992,141.7299,18.2941,12.1569,11.3448,3.3755,17.1063,5.2186,1.2399,132.0215,0.01,10.0
4474.9,248.7544,75.9092,140.8292,2.6943,135.3464,18.3688,9.8909,9.3068,3.0628,17.8231,5.5066,1.2464,131.8775,0.01,10.0
4475.3,247.4448,75.8618,141.0403,2.7007,138.1538,18.4123,12.1825,11.5,2.7396,17.8302,6.4181,1.2075,132.021,0.01,10.0
4475.7,248.8481,76.0394,141.5965,2.6844,139.4988,18.7724,13.3029,12.5385,2.6854,17.325,7.156,1.1756,132.27,0.01,10.0
4475.8,249.1686,76.0418,141.6316,2.681,141.0458,19.1113,13.2823,12.5202,2.711,17.456,7.1413,1.1619,132.2998,0.01,10.0
4476.1,248.3986,76.1886,142.0117,2.6801,141.3889,19.7905,13.3247,12.5562,2.8363,18.4001,6.6451,1.1342,132.3939,0.01,10.0
4476.3,246.6295,76.1075,142.0827,2.6832,140.1367,20.0026,13.3147,12.5587,2.8802,19.139,6.2786,1.153,132.5028,0.01,10.0
4476.4,245.7534,75.9483,142.0902,2.6859,140.1725,19.8142,13.2869,12.5442,2.8618,19.3041,6.2467,1.1531,132.8223,0.01,10.0
4476.5,245.1168,75.786,142.1215,2.6896,140.4113,19.4219,13.2564,12.5271,2.8277,19.3668,6.2913,1.136,132.9247,0.01,10.0
4476.7,245.2337,75.5936,142.0824,2.6888,142.4708,18.4881,13.2235,12.5061,2.7717,19.2045,6.4439,1.1264,133.2226,0.01,10.0
4477.1,249.1422,75.7296,141.8942,2.6761,140.5282,17.852,13.1312,12.3889,2.8912,19.0405,5.8869,1.1159,132.795,0.01,10.0
4477.2,249.6888,75.5993,141.9821,2.683,137.9663,17.7488,13.0431,12.3023,3.0143,19.5933,5.2463,1.0977,133.1248,0.01,10.0
4477.5,248.7926,75.8141,142.495,2.6822,137.656,18.5045,12.67,11.9677,3.2012,20.6738,4.2726,1.0732,133.2531,0.01,10.0
4477.7,247.6161,76.2254,142.7518,2.6736,137.1084,18.7527,12.5602,11.8763,3.3048,20.611,4.0958,1.0704,132.8093,0.01,10.0
4478.0,248.615,76.1686,143.0596,2.6865,139.5578,18.3945,12.8559,12.1544,3.4415,18.9241,4.6861,1.0652,133.2176,0.01,10.0
4478.1,249.6722,76.1426,143.0452,2.6892,140.0997,18.4758,13.0111,12.2944,3.477,18.1144,5.0029,1.0568,133.2284,0.01,10.0
4478.2,250.7451,76.1081,142.9601,2.6927,139.9661,18.5785,13.1505,12.4174,3.4943,17.4019,5.3035,1.052,133.232,0.01,10.0
4478.6,250.8517,75.8884,140.8174,2.7018,139.8719,17.8147,13.4938,12.725,3.2976,15.752,6.4137,1.0235,132.1145,0.01,10.0
4478.7,249.6503,75.7438,140.4007,2.6978,138.9468,17.685,13.5981,12.8303,3.1936,15.5439,6.6774,1.0176,131.9106,0.01,10.0
4478.8,248.2446,75.5259,139.8549,2.6959,136.6645,17.7665,13.7318,12.9606,3.0457,15.3335,7.0089,1.0161,131.893,0.01,10.0
4479.0,245.8767,75.0061,138.917,2.6989,133.2006,18.193,13.998,13.1998,2.7593,15.1417,7.6075,0.9701,131.8603,0.01,10.0
4479.3,245.4164,74.4388,139.7407,2.6987,140.0056,18.4338,13.9678,13.1379,2.6557,16.3645,7.5705,0.962,133.2719,0.01,10.0
4479.4,245.9215,74.3888,140.1529,2.6957,141.1862,18.2665,13.8188,12.9913,2.6812,16.56,7.4635,0.9738,133.4923,0.01,10.0
4479.6,247.3439,74.4653,141.0353,2.691,138.652,17.8821,13.4391,12.6316,2.8423,16.4844,7.1109,0.9643,134.1349,0.01,10.0
4479.8,249.0887,74.7927,141.8001,2.6976,136.3456,18.3509,13.1222,12.341,3.0478,15.6933,6.9303,0.9516,134.1993,0.01,10.0
4480.1,252.3733,75.5091,142.6098,2.7096,139.0065,19.5798,12.9749,12.2187,3.1702,14.0498,7.5036,0.9365,133.8545,0.01,10.0
4480.6,254.5477,76.8904,143.0865,2.7002,140.2306,19.3882,13.0367,12.2671,2.8011,12.931,9.0474,0.93,132.4112,0.01,10.0
4480.7,254.3151,77.1197,143.112,2.7004,139.4824,19.6593,12.9217,12.1534,2.7594,13.2566,8.9635,0.947,132.1254,0.01,10.0
4480.8,254.035,77.2239,143.0629,2.7023,139.3879,20.0759,12.7849,12.0217,2.7506,13.7118,8.7221,0.916,131.8707,0.01,10.0
4481.1,253.279,76.9968,142.9057,2.7144,137.4614,20.503,12.5196,11.7861,2.9553,16.0863,6.948,0.9516,132.1988,0.01,10.0
4481.6,252.8167,75.5433,142.7724,2.6888,137.0349,19.0937,12.8113,12.0653,3.4869,17.3066,4.9812,0.9607,133.9348,0.01,10.0
4481.7,252.8406,75.5802,142.7799,2.6863,137.2608,19.485,12.8859,12.1311,3.513,16.8407,5.0767,0.9504,134.0487,0.01,10.0
4481.8,252.7256,75.7146,142.7794,2.6877,137.5081,19.7938,12.9678,12.2032,3.5163,16.2271,5.2841,0.954,133.781,0.01,10.0
4481.9,252.3893,75.771,142.8108,2.6899,137.5854,19.9475,13.0474,12.2735,3.5059,15.4978,5.5443,0.9703,133.6689,0.01,10.0
4482.0,251.7831,75.7579,142.7574,2.6901,137.2139,19.9778,13.1092,12.3275,3.4673,14.6611,5.8781,0.955,133.6781,0.01,10.0
4482.2,250.1897,75.7126,142.3142,2.6857,135.1942,19.4154,13.1373,12.3532,3.3154,13.0135,6.6442,0.9718,133.3857,0.01,10.0
4482.9,251.8831,75.32,139.7632,2.7121,137.011,19.0451,12.848,12.0916,2.7958,11.7306,8.2827,0.988,132.1134,0.01,10.0
4483.0,252.2541,75.5331,139.8435,2.7106,138.116,18.9681,12.8242,12.071,2.741,11.7703,8.4972,1.0125,131.9756,0.01,10.0
4483.2,252.4897,75.6799,139.2601,2.7051,138.2928,18.8142,12.9103,12.154,2.8265,12.0289,8.4092,1.0167,131.4703,0.01,10.0
4483.7,249.4902,75.616,138.0159,2.6973,138.352,18.7487,13.5088,12.6958,3.5063,12.6146,6.9069,1.0413,130.3998,0.01,10.0
4483.9,247.9628,75.5067,137.405,2.6949,137.1261,19.196,13.4683,12.65,3.6252,12.9484,6.436,1.0621,130.2015,0.01,10.0
4484.0,247.7394,75.4914,137.3205,2.69,136.7227,19.2059,13.4216,12.6048,3.6215,13.0504,6.3112,1.0814,130.1438,0.01,10.0
4484.1,247.9139,75.495,137.2662,2.6837,135.9296,19.0735,13.3841,12.5716,3.5724,13.2273,6.2093,1.0971,130.128,0.01,10.0
4484.7,250.017,75.4918,137.0783,2.6645,133.24,19.5895,14.0451,13.192,3.2484,13.5385,6.2742,1.1646,130.0845,0.01,10.0
4484.8,249.7566,75.4285,136.7078,2.6645,134.674,19.3469,14.2152,13.3517,3.2015,13.3403,6.4351,1.1587,129.7982,0.01,10.0
4485.2,246.3414,74.7189,135.7052,2.6579,131.1685,18.8145,14.6787,13.7928,3.3136,12.9215,6.2281,1.202,130.161,0.01,10.0
4485.3,244.845,74.3958,134.8698,2.6652,130.6971,18.9924,14.7728,13.8832,3.3563,12.9115,6.0929,1.2082,129.8794,0.01,10.0
4485.6,240.8553,73.3765,133.8126,2.6884,129.4921,18.8232,14.9367,14.0328,3.3641,12.8236,6.077,1.2425,130.3555,0.01,10.0
4485.8,240.4504,73.0102,134.0219,2.6797,129.3147,17.923,14.8523,13.9454,3.2843,13.0924,6.2794,1.2721,130.8557,0.01,10.0
4485.9,241.1143,72.9495,134.7296,2.6733,131.7432,17.5279,14.7864,13.8834,3.1984,13.3096,6.4831,1.2562,131.5332,0.01,10.0
4486.1,243.1947,73.1071,136.4753,2.6709,137.2125,17.5065,14.7392,13.8463,3.0684,13.6707,6.7692,1.277,132.711,0.01,10.0
4486.8,243.1832,73.4068,139.123,2.6916,131.5767,18.3935,15.2927,14.3683,3.4101,12.944,6.0913,1.3459,134.3006,0.01,10.0
4486.9,242.4209,73.1563,139.0381,2.6868,133.0013,17.8273,15.2769,14.3531,3.4949,13.0455,5.9246,1.3709,134.7195,0.01,10.0
4487.2,240.6799,72.6959,138.8203,2.6827,136.6602,18.0637,14.9907,14.0657,3.5952,13.8375,5.5893,1.3881,135.082,0.01,10.0
4487.3,240.4449,72.6768,138.7666,2.6928,136.2544,18.5365,14.8355,13.9167,3.5489,14.2616,5.5586,1.3771,135.0718,0.01,10.0
4487.5,240.6339,72.6647,138.7145,2.7114,133.831,19.0728,14.5454,13.6481,3.4388,15.3354,5.404,1.4116,135.0477,0.01,10.0
4487.6,240.9094,72.7216,138.7291,2.7112,132.6221,19.3714,14.4659,13.5761,3.3946,15.7293,5.3039,1.4038,135.0224,0.01,10.0
4488.2,241.2682,73.0447,138.8001,2.6923,128.6615,20.3995,14.8118,13.8909,3.325,18.0068,4.3023,1.4311,134.6584,0.01,10.0
4488.3,241.4613,73.1847,138.9507,2.6875,129.1185,19.5401,14.8089,13.8883,3.3015,18.2819,4.3062,1.4552,134.557,0.01,10.0
4488.4,241.9756,73.4042,139.1634,2.6799,130.3703,18.7959,14.72,13.8009,3.2448,18.6432,4.4199,1.4797,134.5001,0.8414,49.7076
4488.7,244.9133,74.5636,140.0871,2.6682,139.827,18.6747,13.8773,12.9751,2.896,19.1864,5.881,1.4931,133.0972,1.0605,57.495
4488.9,247.6076,75.6444,140.8548,2.6765,143.979,19.6168,13.0252,12.1738,2.7699,17.9172,7.0961,1.4607,131.4672,1.2428,51.8511
4489.0,249.0227,76.213,141.2625,2.683,144.0857,19.9521,12.6337,11.8149,2.7882,17.4404,7.3281,1.4666,131.1284,1.2776,47.7613
4489.1,250.3902,76.7475,141.6709,2.6874,143.848,19.9096,12.3136,11.5227,2.8422,17.0774,7.3949,1.4773,130.7061,1.2876,45.1698
4489.2,251.6583,77.2714,142.0681,2.6869,143.7181,19.5508,12.0659,11.2939,2.9206,16.7002,7.3997,1.4897,130.0141,1.2884,45.4688
4489.3,252.7848,77.7765,142.452,2.6815,143.7678,19.0046,11.8356,11.0783,3.0167,16.4472,7.3036,1.4979,129.7495,1.2739,48.6828
4489.7,255.5539,79.3663,143.8408,2.6691,143.5582,18.4059,10.8261,10.1338,3.4157,16.9648,6.2437,1.5126,128.5399,1.115,56.889
4490.0,256.546,79.9989,144.6725,2.6786,143.7781,19.1541,10.2851,9.65,3.4156,18.4969,5.8579,1.5443,128.2515,1.0571,50.5016
4490.1,256.7621,80.1365,144.9101,2.6765,146.1556,19.2447,10.4978,9.8575,3.2886,19.2034,6.0608,1.5096,128.2438,1.0875,51.855
4490.2,256.97,80.2387,145.1245,2.6696,149.6418,19.3298,10.9526,10.2871,3.0728,20.3073,6.4506,1.5387,128.245,1.146,56.5172
4490.3,257.1854,80.2976,145.3181,2.661,152.5958,19.4478,11.5589,10.8519,2.8482,21.2392,6.9098,1.5407,128.3237,1.2149,62.7245
4490.4,257.3913,80.5909,145.4681,2.6547,153.658,19.6033,12.2289,11.4669,2.6763,21.6153,7.3389,1.5379,127.8605,1.2792,67.6115
4490.5,257.5428,80.9172,145.5836,2.6537,152.7327,19.7647,12.822,12.0007,2.5806,21.281,7.6895,1.5487,127.5166,1.3318,68.4364
4490.7,257.3992,80.8817,145.7402,2.6621,150.9137,20.0924,13.3329,12.4387,2.4779,20.3839,8.1772,1.5788,127.919,1.405,61.8987
4490.8,257.0014,80.6974,145.7808,2.6666,150.5009,20.1463,13.1474,12.2595,2.4928,19.658,8.3152,1.5431,128.005,1.4257,58.6191
4491.2,253.96,79.6104,145.6862,2.6889,147.0361,19.1456,11.8969,11.1307,2.7977,15.2879,8.7191,1.5349,129.603,1.4863,44.2849
4491.3,253.3071,79.4705,145.5626,2.6908,149.5533,18.9589,11.8478,11.0924,2.8912,14.4848,8.8209,1.5373,129.7206,1.5015,43.1837
4491.5,252.3271,79.0495,145.2231,2.6861,151.2905,18.7712,12.1128,11.3372,3.005,13.3366,8.9976,1.5433,130.0656,1.528,45.9248
4491.7,251.0142,78.6129,144.7869,2.6862,146.0367,18.8578,12.4581,11.6426,2.9476,13.0998,9.0982,1.5159,130.295,1.5431,45.8316
4491.8,250.0316,78.3235,144.5665,2.6853,143.5137,18.811,12.4457,11.6218,2.9182,13.195,9.0387,1.5247,130.6205,1.5342,46.3908
4491.9,248.9539,78.0801,144.3549,2.6788,141.7264,18.6474,12.2505,11.4321,2.893,13.345,8.927,1.5058,130.8501,1.5175,50.4224
4492.3,248.7308,77.3347,143.7115,2.652,140.9953,18.5021,10.3951,9.7128,2.8674,14.5114,8.0779,1.4674,131.3806,1.3901,69.8094
4492.4,249.9862,77.2923,143.6433,2.6623,141.7742,18.7185,10.2087,9.5565,2.8577,14.7146,7.9577,1.5078,131.4001,1.3721,61.7219
4492.5,251.2397,77.3954,143.6124,2.6729,141.9272,19.0293,10.2898,9.6518,2.8435,14.8531,7.9176,1.495,131.4128,1.366,54.2443
4493.0,250.3828,78.2037,143.9816,2.6856,147.3008,19.2949,13.3756,12.5282,2.8838,15.0384,8.3977,1.4725,130.4012,1.4381,46.2329
4493.2,250.1342,78.1141,144.3003,2.6883,151.9877,19.0578,13.2024,12.3372,3.0056,15.2298,8.6164,1.4358,130.6953,1.4709,44.627
4493.3,250.5722,78.1131,144.4198,2.6879,150.9901,18.9964,12.7814,11.9403,3.0754,15.5006,8.4376,1.4322,130.8443,1.444,44.8603
4493.4,251.1766,78.1298,144.5048,2.6896,148.9767,18.8717,12.3248,11.5159,3.1455,15.8187,8.191,1.4224,130.8797,1.4071,43.858
4493.5,251.813,78.1344,144.5704,2.6941,147.8963,18.6866,11.9192,11.1438,3.2015,16.0042,8.0586,1.4156,130.9238,1.3872,41.3916
4493.6,252.3936,78.2974,144.6404,2.7001,148.4543,18.5065,11.6444,10.8983,3.2332,16.0449,8.0423,1.4048,130.6289,1.3847,38.1928
4494.3,255.8845,79.433,145.5544,2.707,151.4379,20.4575,13.0678,12.2257,2.7859,16.3622,8.6829,1.3395,129.9132,1.4808,34.7787
4494.9,255.6049,79.2814,144.9102,2.6692,150.8472,20.0827,10.6946,10.0124,2.824,15.9935,8.1928,1.2654,129.6492,1.4073,56.7777
4495.0,255.0459,79.216,144.6799,2.6637,152.2008,20.042,10.6303,9.9584,2.8517,15.6334,8.2615,1.3067,129.5008,1.4176,60.7327
4495.2,253.8204,78.8379,144.2352,2.6505,152.0423,19.1424,10.9433,10.2568,2.8617,15.3373,8.3004,1.2775,129.6277,1.4235,71.029
4495.4,252.8856,78.3864,143.8779,2.6463,146.5523,18.2937,11.6388,10.9018,2.7935,16.1371,7.9025,1.267,130.0759,1.3638,74.6108
4495.7,252.193,78.0966,143.2248,2.6359,138.3886,18.261,12.6617,11.8259,2.7083,19.0086,6.5995,1.2355,129.9267,1.1683,84.014
4496.1,250.988,76.7241,141.8427,2.6751,145.9264,18.3291,11.5756,10.7738,2.7973,19.0706,6.945,1.1822,130.8588,1.2201,81.6531
4496.4,250.6851,76.3525,140.697,2.7092,147.8712,19.0438,9.7024,9.067,2.8595,17.452,7.7858,1.1827,130.684,1.3463,84.1085
4496.7,252.7092,77.2704,139.9945,2.6779,149.5786,18.8889,9.7437,9.1247,2.8946,16.4046,8.4105,1.1575,128.8152,1.44,117.8517
4496.9,254.4244,78.2752,139.7229,2.6736,151.5781,19.0212,9.7875,9.152,2.8962,16.4377,8.5797,1.1356,126.9922,1.4654,123.3271
4497.0,255.2119,78.8224,139.6089,2.6698,152.2868,18.9355,9.6223,8.9985,2.8741,16.4844,8.686,1.1291,126.2914,1.4813,128.0972
4497.1,255.998,79.2841,139.5335,2.6628,153.5825,18.8366,9.4365,8.8353,2.8116,16.4787,8.912,1.117,125.6781,1.5152,137.4909
4497.2,256.8406,79.5919,139.5056,2.6548,155.9564,18.8519,9.4312,8.8482,2.7072,16.4348,9.2619,1.1155,125.2686,1.5677,148.9167
4497.4,258.6563,79.7746,139.5774,2.6475,159.046,19.0651,10.3059,9.6932,2.5453,16.2461,9.7901,1.1116,124.7917,1.6469,159.9613
4497.8,259.9095,80.0636,139.9628,2.6587,151.1876,18.4411,12.72,11.9117,2.8612,15.5169,8.7627,1.0768,124.7972,1.4928,143.3234
4497.9,259.0637,80.038,140.0338,2.6626,151.0568,18.1363,12.7623,11.9414,2.9882,15.6,8.4015,1.0622,124.8669,1.4386,137.7997
4498.0,257.6064,79.8041,140.0532,2.6662,150.4343,17.79,12.6679,11.8513,3.1294,15.7273,8.0189,1.0458,125.0205,1.3812,132.9128
4498.1,255.6572,79.4199,140.0172,2.6694,148.9155,17.5069,12.5507,11.7463,3.2697,15.9473,7.6319,1.016,125.4359,1.3232,128.6876
4498.2,253.4962,78.9454,139.9222,2.6717,147.3205,17.4343,12.4865,11.6914,3.3571,16.3412,7.3405,1.0156,126.3015,1.2795,125.7412
4498.3,251.4573,78.4575,139.7783,2.6721,146.5733,17.6716,12.4506,11.6601,3.3803,16.8815,7.1696,1.0417,126.7532,1.2538,125.1716
4498.5,249.2214,77.6469,139.47,2.6658,147.5395,18.5312,12.2852,11.5073,3.3178,17.9594,7.1317,1.0147,127.7932,1.2482,133.4426
4498.8,252.2374,77.1953,139.4724,2.6494,153.3837,18.7687,12.0458,11.2878,3.0212,18.952,8.2385,1.003,128.4263,1.4142,157.0336
4499.1,258.2484,77.9002,140.5256,2.6208,161.5982,19.394,11.6736,10.8968,2.7102,17.9362,10.6672,0.9907,128.2312,1.7785,205.7786
4499.3,261.2335,78.7221,141.7088,2.6122,163.7134,18.9448,10.5934,9.8834,2.7183,16.9187,11.5166,0.9739,128.0603,2.2236,213.045
4499.4,262.5516,79.1963,142.3659,2.6134,166.4153,18.7314,9.976,9.3184,2.7588,16.0972,12.1825,0.9707,127.8363,2.3235,210.7273
4499.5,263.9351,79.7506,143.0276,2.619,169.5864,18.669,9.5008,8.8923,2.8165,15.503,12.6937,0.9618,127.6955,2.4002,200.6538
4499.6,265.4745,80.3936,143.6728,2.6268,172.3817,18.6712,9.2662,8.6929,2.8791,15.2992,12.9293,0.9515,127.3448,2.4355,187.0118
4499.7,267.1691,81.0764,144.2833,2.6339,174.7733,18.6683,9.3388,8.778,2.9715,15.5097,12.9191,0.9496,126.6413,2.434,175.1168
4500.0,271.987,82.8461,145.8114,2.6291,185.6501,19.4549,10.7851,10.122,3.3688,17.4747,12.2382,0.921,125.4799,2.3318,183.1236
4500.3,273.4124,83.9656,146.6486,2.6244,181.2307,20.1802,10.7728,10.0413,3.3855,18.9295,11.3998,0.8962,124.845,2.2061,191.1004
4500.4,272.9093,84.1689,146.731,2.6277,176.5206,20.1821,10.1094,9.4123,3.3191,19.4994,11.0604,0.8964,124.6812,2.1552,185.4747
4500.5,272.0432,84.2679,146.7346,2.6304,173.8378,20.0604,9.3197,8.6744,3.2494,19.9637,10.9289,0.8921,124.4552,2.1354,180.8594
4500.6,270.8679,84.2193,146.6414,2.6307,173.9521,19.8901,8.5473,7.956,3.1691,20.3652,10.997,0.8887,124.396,2.1456,180.3986
4500.8,268.153,83.8068,146.2382,2.6217,177.5445,19.7401,7.2658,6.7611,3.0087,20.9887,11.4306,0.8831,124.6664,2.2107,195.8829
4500.9,266.8692,83.4904,145.9532,2.6141,178.7942,19.81,6.7065,6.242,2.9672,21.0674,11.6259,0.8833,124.795,2.24,209.6234
4501.2,264.7712,82.5657,145.0417,2.5891,184.3851,19.5152,5.576,5.1888,2.9108,20.2705,12.7585,0.8777,125.4165,2.4099,260.0803
4501.3,264.9184,82.4023,144.7991,2.5877,186.7752,19.0977,5.2932,4.92,2.9205,19.8432,13.1494,0.833,125.4361,2.4685,263.2425
4501.6,267.2145,82.2483,144.5496,2.6355,191.1014,17.6927,4.4869,4.2119,3.0659,18.8105,13.5798,0.8431,125.4371,2.5331,172.6435
4501.7,268.075,82.2311,144.6273,2.6492,192.1092,17.4825,4.5565,4.3003,3.128,18.5453,13.6354,0.8513,125.5562,2.5414,151.7528
4502.0,269.6536,82.528,145.1479,2.6218,189.3652,18.0695,5.9265,5.613,3.4178,16.6923,13.898,0.8232,125.5405,2.5808,195.5566
4502.1,270.0898,82.776,145.3126,2.6092,188.6156,18.4114,6.4969,6.1378,3.4935,15.9222,14.0356,0.8333,125.4339,2.6014,218.7435
4502.2,270.5698,83.0805,145.4297,2.6016,188.7883,18.6764,6.9239,6.5226,3.5369,15.3188,14.1624,0.8342,125.1804,2.6205,233.7078
4502.6,268.9694,83.8384,144.9877,2.5933,183.0233,20.0087,8.251,7.7926,3.4971,14.5271,14.1453,0.7882,123.8001,2.6179,250.9811
4502.7,267.0358,83.5399,144.6771,2.5926,179.59,20.1875,9.4975,8.9628,3.491,14.8331,13.8239,0.8076,123.8943,2.5697,252.6217
4502.8,265.0331,83.1695,144.3406,2.5939,177.3867,19.7822,10.8935,10.2495,3.4971,15.2513,13.4832,0.8075,124.0863,2.5186,249.8528
4502.9,263.5881,82.6874,143.9961,2.5981,177.2138,18.9407,11.936,11.1893,3.5229,15.6689,13.2485,0.8059,124.6461,2.4834,240.8474
4503.2,264.8774,81.769,143.17,2.6207,184.9373,18.1763,11.2635,10.4989,3.584,16.5962,13.2949,0.7858,125.1051,2.4903,197.4739
4503.3,266.5422,81.706,143.0531,2.6273,186.0712,18.873,10.6153,9.8927,3.5512,16.7058,13.5098,0.7858,125.1058,2.5226,186.0934
4503.4,268.1156,81.704,143.0319,2.6352,186.5112,19.4708,10.0911,9.4002,3.492,16.7659,13.7971,0.8053,125.0987,2.5657,173.0036
4503.5,269.1938,81.8251,143.0768,2.6452,187.1031,19.6821,9.6354,8.9673,3.3932,16.8104,14.1882,0.7848,125.0865,2.6243,157.6409
4503.6,269.7478,82.0631,143.1247,2.655,188.438,19.477,9.1004,8.4599,3.2509,16.8766,14.6841,0.8076,124.892,2.6987,143.4978
4503.7,269.8784,82.3377,143.1516,2.6581,190.2843,18.9891,8.4081,7.8124,3.0892,16.9734,15.1902,0.7853,124.4107,2.7746,139.2996
4503.8,269.7687,82.6625,143.1515,2.6546,192.0546,18.492,7.6072,7.0744,2.9547,17.0968,15.5693,0.8175,124.113,2.8315,144.0099
4504.0,269.5813,83.1315,143.0941,2.642,192.8533,18.0799,6.4594,6.0549,2.754,17.4707,16.0325,0.7801,123.3263,2.901,162.4916
4504.1,269.5894,83.1076,142.9511,2.636,192.1512,18.1729,6.459,6.0862,2.6682,17.7497,16.1852,0.7807,123.2729,2.9239,171.8349
4504.2,269.674,83.0288,142.6732,2.6318,191.1416,18.2416,6.9643,6.5881,2.5954,18.0459,16.2994,0.7885,123.2141,2.941,178.5236
4504.8,273.2784,82.9812,140.9418,2.6392,198.9139,17.9249,13.9289,13.0625,2.519,18.8171,16.2235,0.8328,122.0242,2.9296,166.7202
4505.0,272.9835,82.5889,140.0873,2.6397,194.1411,17.9517,13.7569,12.7771,2.7529,18.2188,15.3168,0.8466,121.839,2.7936,165.9912
4505.1,271.9002,82.3356,139.6239,2.6346,191.1508,17.817,12.2005,11.2796,2.878,17.8509,14.7903,0.8342,121.8128,2.7146,173.9888
4505.2,270.2729,81.9677,139.1705,2.6281,188.9166,17.592,9.8828,9.1177,2.9597,17.5557,14.3951,0.8331,121.9711,2.6554,184.8097
4505.5,261.8873,80.5618,138.1689,2.6259,179.2091,17.214,5.2457,4.9518,3.0362,16.4609,13.2616,0.8783,123.0342,2.4853,188.5084
4506.0,230.9735,75.0977,130.0692,2.6908,119.5974,10.0833,28.1967,26.6734,2.1435,13.4434,8.4188,0.9043,123.9037,1.7589,100.0298
4506.3,227.8156,70.428,122.7041,2.6897,108.896,8.9232,34.6083,32.3227,2.0974,14.4263,7.0819,0.9302,124.5464,1.5584,101.1741
4506.4,233.0665,69.2313,121.2715,2.6881,115.0122,9.9917,30.4889,28.4272,2.2249,15.9238,6.9203,0.9356,125.4481,1.5342,102.9407
4506.5,240.1529,68.402,120.7707,2.6845,121.5139,11.4668,26.1303,24.3558,2.3378,17.296,6.7066,0.9414,126.1903,1.5021,106.8885
4506.6,248.0411,67.9839,121.0094,2.6807,127.5712,13.4184,22.5393,21.0143,2.431,18.1508,6.6366,0.9648,126.7814,1.4916,111.1521
4506.7,255.5326,68.2107,121.9793,2.6753,134.3143,15.6676,19.7434,18.414,2.532,18.5191,6.9582,0.9724,127.5412,1.5398,117.4008
4507.0,270.4567,72.7548,127.6382,2.6593,161.3143,18.6818,14.9431,13.9262,2.7824,17.0939,10.7321,1.0147,125.9188,2.1059,137.6609
4507.2,274.3117,76.869,131.497,2.647,169.081,19.0185,12.8572,11.9073,2.85,16.7302,11.4132,1.032,122.8346,2.7768,154.8983
4507.4,275.0513,79.6045,135.1536,2.6413,171.8985,18.4554,9.4578,8.6968,2.9129,17.0711,11.4765,1.0582,122.0265,2.7901,163.4259
4507.7,274.4058,82.3517,138.3079,2.6414,177.2172,16.44,5.0805,4.7326,2.9026,18.756,11.3569,1.0519,121.2179,2.765,163.3015
4507.8,273.8496,82.9513,138.7218,2.6423,176.1587,16.1242,4.7606,4.468,2.766,19.3247,11.4349,1.0927,120.4852,2.7813,162.0279
4508.1,269.8001,82.6545,138.8541,2.6438,171.4467,15.3327,6.4286,6.0584,2.2902,20.7008,11.8348,1.1333,120.948,2.8653,159.7658
4508.5,264.4528,80.7524,136.8618,2.637,169.3133,17.3384,8.0743,7.5781,2.2434,21.118,11.7034,1.1602,121.8204,2.8377,170.2842
4508.9,264.1711,79.1384,135.0417,2.6247,168.3622,17.2203,10.7095,10.0805,2.6161,21.3984,10.5579,1.2013,122.5431,2.5972,190.4898
4509.0,264.2103,79.0177,134.8449,2.6228,166.3301,17.3831,11.8668,11.1373,2.7287,21.4632,10.1433,1.2007,122.5472,2.5101,193.8245
4509.1,264.1502,79.0213,135.0257,2.6213,164.7991,17.5141,12.5727,11.7631,2.818,21.2819,9.8656,1.2189,122.6767,2.4518,196.4081
4509.4,263.5303,79.4992,135.5837,2.62,166.8804,17.3221,11.2763,10.5461,2.8881,19.3696,10.2664,1.2442,122.4278,2.5359,198.7654
4509.6,263.4966,80.023,135.9449,2.6197,165.6286,17.3904,11.3553,10.6686,2.857,17.73,11.0548,1.2869,122.0494,2.7015,199.3784
4509.9,264.3121,80.2867,135.868,2.6188,170.1922,17.6069,14.3671,13.4009,2.9126,16.1521,12.0267,1.2696,121.6408,2.9056,200.9646
4510.1,265.3287,80.4306,136.315,2.6193,182.3469,17.1783,12.6761,11.7053,3.1235,15.9688,12.2419,1.3283,121.8361,2.9508,199.9881
4510.2,265.1842,80.7379,136.958,2.6208,187.2205,16.9128,10.4841,9.6436,3.1888,15.8852,12.3266,1.3383,121.894,2.9686,197.3122
4510.3,263.5232,81.1384,137.7544,2.6193,188.158,16.782,8.1279,7.4702,3.2124,15.7619,12.3781,1.337,121.9857,2.9794,199.9604
4510.5,252.2997,81.0909,137.9435,2.6464,173.4894,17.9472,5.0314,4.6923,3.0135,14.1057,12.6035,1.3748,121.71,3.0267,155.6605
4511.0,217.8122,71.9643,132.9902,2.6967,128.8017,15.1251,12.9651,12.2017,1.7929,14.0597,11.1747,1.3912,131.1947,2.7267,93.9903
4511.1,222.7226,70.9828,131.9642,2.6925,142.516,16.288,15.1727,14.1812,2.0148,15.6063,11.5224,1.3943,131.8928,2.7997,98.3042
4511.2,231.8237,70.4661,131.5637,2.6838,158.6196,17.5649,15.6088,14.5158,2.2384,17.3533,11.9268,1.3969,132.1846,2.8846,107.6597
4511.3,242.3379,70.3107,131.4003,2.6664,171.9264,18.3635,14.2054,13.1874,2.3648,18.4174,12.2467,1.4025,132.4692,2.9518,128.3292
4511.4,252.0235,70.759,131.505,2.6499,180.6868,18.6661,12.3578,11.493,2.4194,18.7732,12.4714,1.4083,132.2094,2.999,150.8029
4511.7,259.8914,75.1678,133.5253,2.6052,173.0997,18.2592,12.3466,11.6384,2.3973,18.7038,12.0937,1.4315,126.7018,2.9197,226.6226
4511.8,255.7882,76.2964,133.5152,2.6016,160.2723,17.9033,14.634,13.796,2.2616,17.7882,11.5942,1.4427,125.7691,2.8148,233.7338
4512.3,245.2887,73.6358,130.1142,2.5907,146.9128,16.4351,19.0894,17.7975,2.0951,15.2609,12.0094,1.4667,126.3951,2.902,256.66
4512.4,249.3989,73.4338,129.5674,2.5882,158.0675,16.7071,17.1871,16.0435,2.3638,15.5602,12.5317,1.4582,126.1814,3.0117,262.2018
4512.6,256.4451,74.3919,130.0097,2.589,173.9366,17.1217,14.7496,13.8443,2.7877,16.1958,12.9879,1.4694,125.034,3.1075,260.3679
4513.5,259.5558,80.3389,137.4818,2.5893,160.7191,17.0872,11.1803,10.6021,2.951,17.0283,11.7356,1.4761,122.6864,2.8445,259.8086
4513.7,260.3782,80.092,136.5409,2.5779,170.1058,17.2668,13.2042,12.529,2.8993,17.4945,12.7074,1.4695,122.4094,3.0486,285.778
4513.8,261.3561,79.9641,136.3293,2.5754,174.9017,17.594,14.2727,13.5226,2.8399,17.8404,13.2383,1.4972,122.4747,3.1601,291.562
4514.0,263.7649,79.9973,136.2673,2.5796,180.4482,18.5407,15.3641,14.4828,2.7344,18.0539,13.7983,1.4715,122.3484,3.2776,281.772
4514.7,269.3432,81.7767,139.7375,2.5795,175.7068,17.7425,6.2151,5.864,2.7976,16.7565,14.145,1.4487,122.6825,3.3504,281.8867
4514.9,269.9516,82.1018,140.5126,2.5815,178.1288,15.1638,7.0623,6.659,2.9715,17.5642,13.4155,1.4271,123.0191,3.1973,277.2065
4515.1,268.5125,82.2574,140.1956,2.5816,180.8952,13.5192,7.6795,7.1568,3.1082,19.142,12.4782,1.4029,122.5031,3.0004,276.9387
4515.2,266.8498,82.2407,140.0027,2.5834,179.1395,13.749,7.0808,6.5818,3.1404,19.3704,12.1813,1.3896,122.327,2.9381,272.8358
4515.3,264.5771,82.2206,140.0329,2.5884,176.7656,14.4852,6.1352,5.7153,3.1543,19.1917,12.0163,1.4121,122.407,2.9034,261.6177
4515.4,261.7869,82.1064,139.8474,2.5959,175.8454,15.3376,5.3213,4.9979,3.1579,18.859,11.948,1.4013,122.4298,2.8891,245.5815
4515.5,258.4924,81.7536,138.9354,2.6037,176.1801,15.9122,5.1384,4.8821,3.1515,18.5271,11.943,1.3904,122.197,2.888,229.6377
4515.6,254.5995,81.1982,137.7327,2.6089,175.3479,16.0818,5.8806,5.6369,3.1285,18.2303,11.9532,1.3817,122.1094,2.8902,219.3365
4515.7,250.1708,80.324,136.2763,2.6099,171.2915,15.8986,7.9363,7.6183,3.0528,17.7228,11.9908,1.3692,122.153,2.8981,217.4216
4515.8,245.5535,79.0813,134.6782,2.6067,164.4205,15.5672,11.4629,10.9379,2.9322,16.9819,12.0835,1.3666,122.5453,2.9175,223.702
4516.0,237.8585,76.4089,131.2825,2.5927,156.3322,15.1724,18.3021,17.1975,2.7964,16.2091,12.1384,1.349,123.5388,2.9291,252.3914
4516.2,235.3135,73.5463,128.0844,2.5826,165.1369,15.3951,16.9081,15.7379,2.8833,17.2386,11.7463,1.2975,124.6257,2.8467,274.8622
4516.4,239.1686,71.6523,126.558,2.5837,169.7786,15.3212,12.3281,11.5194,2.8312,17.5351,11.7023,1.2961,125.7813,2.8375,272.2878
4516.6,245.5783,71.3931,126.7337,2.5855,161.683,15.1302,12.2919,11.5675,2.2684,16.3652,12.4304,1.2566,127.058,2.9904,268.1924
4517.0,253.3754,75.2944,128.7555,2.5913,151.2443,16.2661,14.5002,13.5571,2.0393,17.8577,11.3947,1.2354,123.5088,2.9004,240.5012
4517.1,253.9984,76.343,129.3357,2.5953,149.8902,16.1168,13.6647,12.7872,2.1263,18.6285,10.7105,1.2205,122.0569,2.756,232.5899
4518.3,250.3564,77.1287,127.6883,2.5799,142.3013,14.4874,24.1968,22.723,2.9015,15.0356,8.541,1.0543,119.7794,2.2983,264.6137
4518.4,249.9134,76.845,127.4026,2.5841,140.4397,14.1515,24.1705,22.6661,2.9294,14.9768,8.4138,1.0325,119.9369,2.2714,255.6305
4518.6,248.1613,76.3782,126.808,2.6019,138.3109,14.5374,21.8365,20.4431,2.9103,14.6683,8.4269,0.9843,120.0276,2.2742,219.6392
4518.7,247.1625,76.2483,126.4531,2.6104,138.0966,15.1021,19.8143,18.5742,2.8766,14.3906,8.5139,0.9589,119.8996,2.2925,204.0387
4518.8,246.3273,76.0743,126.1106,2.6143,137.8963,15.5986,18.0429,16.9545,2.8353,14.1077,8.6146,0.9541,119.9052,2.3138,197.0521
4518.9,245.7924,75.8663,125.8147,2.6131,138.2484,15.8431,16.9304,15.9491,2.7863,13.9069,8.7006,0.9377,119.9651,2.3319,199.1395
4519.1,245.573,75.4267,125.4472,2.6022,139.8122,15.726,17.0751,16.1398,2.6398,14.0076,8.765,0.9397,120.1757,2.3455,219.1422
4519.4,245.9793,75.1665,125.4784,2.5967,133.0972,15.1428,22.4392,21.1248,2.3718,16.0254,8.0909,0.8937,120.5881,2.2033,229.6973
4519.8,247.5458,75.4322,126.0294,2.5942,137.9063,15.9692,18.3216,17.2225,1.9959,13.7144,10.0096,0.8458,120.682,2.6081,234.637
4519.9,248.6145,75.5452,126.2018,2.5958,138.5115,16.2296,16.5782,15.648,1.943,12.985,10.4179,0.8292,120.6841,2.6943,231.5683
4520.0,249.8016,75.6541,126.3464,2.599,138.4301,16.4116,15.7632,14.9362,1.9167,12.4163,10.6786,0.7879,120.6635,2.7493,225.186
4520.1,250.9936,75.7315,126.5044,2.6025,138.197,16.5836,15.8051,15.0175,1.8887,11.9082,10.9159,0.7872,120.6068,2.7994,218.4714
4520.2,252.0651,75.7329,126.7885,2.605,137.5596,16.7368,16.7514,15.9342,1.8647,11.4665,11.1046,0.7884,120.7371,2.8392,213.8834
4520.5,253.0047,76.0793,127.7291,2.6023,129.9562,16.3947,22.6644,21.427,2.1253,12.7355,9.6096,0.7733,121.2803,2.5237,218.8975
4520.6,252.2291,76.4261,127.9792,2.5993,128.5399,16.2418,23.9152,22.5632,2.218,13.3286,9.144,0.7466,120.9583,2.4255,224.5811
4520.7,251.0548,76.8066,128.1454,2.5964,129.2196,16.305,24.5395,23.1241,2.2824,13.8525,8.9033,0.7589,120.5195,2.3747,230.269
4520.8,249.7624,77.0189,128.2431,2.5946,131.931,16.5465,24.7813,23.334,2.3523,14.5533,8.716,0.7234,120.4562,2.3352,233.8484
4520.9,248.6986,77.0999,128.3419,2.5951,136.2231,16.7743,24.778,23.3092,2.458,15.5269,8.6143,0.7448,120.3665,2.3137,232.909
4521.2,249.2405,76.7526,128.7767,2.6095,149.566,16.4752,23.0952,21.6662,2.6376,17.238,9.0628,0.7279,121.1413,2.4083,205.6411
4521.3,250.5698,76.7888,128.77,2.6139,151.6819,16.1073,22.2653,20.8798,2.6346,17.2885,9.1883,0.7381,121.0632,2.4348,197.7179
4521.4,252.0185,76.8359,128.8776,2.6152,152.105,15.745,21.561,20.1989,2.6446,17.3222,9.2343,0.7224,121.0941,2.4445,195.4706
4521.6,254.0806,77.0131,129.4465,2.6062,148.4941,15.7133,19.34,17.9969,2.6804,17.4745,9.2147,0.7209,121.397,2.4404,211.603
4521.7,254.5003,77.1683,129.6966,2.5986,146.5507,16.1659,17.0281,15.7812,2.6964,17.5729,9.1882,0.7276,121.3603,2.4348,226.073
4522.0,255.0762,77.9274,130.225,2.5824,151.7983,17.5155,9.2295,8.6302,2.6777,19.2783,9.0978,0.7282,120.8017,2.4157,259.1731
4522.2,255.9989,78.2282,130.636,2.584,160.4272,17.1068,10.0046,9.512,2.5537,21.0547,9.2637,0.7403,120.707,2.4507,255.8309
4522.6,253.9693,78.4519,130.9507,2.5841,162.484,15.6272,18.3425,17.3145,2.5297,19.7376,10.1183,0.7572,120.6721,2.6311,255.5887
4522.8,249.855,78.3943,130.9431,2.5695,161.8056,16.3565,18.1347,17.0999,2.6405,18.493,10.2424,0.7874,120.7032,2.6572,247.6385
4522.9,248.0699,78.2024,130.8445,2.5639,161.3371,16.5806,17.8418,16.8275,2.6922,18.1268,10.2218,0.7944,120.8545,2.6529,259.5722
4523.1,246.8893,77.4321,130.1964,2.5621,159.0564,16.3492,18.001,16.9836,2.7755,18.027,9.9102,0.8094,121.2683,2.5871,225.7
4523.3,248.1601,76.4691,128.9535,2.5602,156.6019,15.9222,18.9601,17.8969,2.7425,18.8279,9.405,0.8286,121.7351,2.4806,179.9591
4523.4,248.8669,76.1001,128.2617,2.5522,155.6225,15.7287,19.7374,18.6307,2.6811,19.2711,9.2543,0.8858,121.707,2.4488,193.3783
4523.5,249.183,75.8217,127.5515,2.5397,154.8753,15.5511,20.6639,19.4974,2.6061,19.5152,9.2069,0.8668,121.4919,2.4388,215.9507
4523.6,248.9515,75.67,126.821,2.5261,154.3947,15.3603,21.5796,20.3499,2.537,19.6091,9.1927,0.8601,121.135,2.4358,242.5911
4523.8,247.3268,75.645,125.7127,2.5106,152.9892,14.7561,23.1047,21.7781,2.4872,19.4766,9.065,0.8898,120.2744,2.4088,276.1376
4524.1,244.8574,75.7238,125.3446,2.5216,146.3193,14.5564,24.936,23.3617,2.8855,18.3292,8.202,0.919,119.9046,2.2267,251.8918
4524.2,244.171,75.6154,125.0133,2.5287,144.5324,14.6431,23.7348,22.1108,3.0077,17.959,7.9937,0.9517,119.6927,2.1828,237.2477
4524.5,242.269,74.8964,125.0477,2.5406,142.7801,14.4971,12.2714,11.3344,3.0354,17.4463,8.0092,1.0124,120.9267,2.186,214.1611
4524.6,241.6409,74.6125,124.6501,2.5369,142.2558,14.7058,9.2861,8.645,2.9632,17.2654,8.1918,1.0417,120.8626,2.2246,221.2528
4524.7,241.0118,74.3754,124.1457,2.5295,142.3721,14.8649,8.0948,7.633,2.8427,17.1527,8.4504,1.0523,120.7193,2.2791,235.7149
4524.8,240.4088,74.2078,123.9754,2.5213,143.0405,14.74,8.7041,8.294,2.7117,17.1506,8.6876,1.0541,120.833,2.3292,252.5557
4525.4,240.078,73.4542,122.015,2.5059,148.3304,15.2908,24.6784,23.272,2.8494,16.7543,8.6497,1.1518,120.272,2.3212,286.9627
4525.5,241.5369,73.4969,121.8378,2.5021,147.9843,15.5134,23.1774,21.8776,2.8981,16.5379,8.7345,1.1699,120.1598,2.3391,295.8717
4525.6,243.4435,73.6157,121.7573,2.4979,148.2452,15.7114,21.8877,20.692,2.9191,16.3365,8.898,1.1685,119.8459,2.3736,305.9349
4525.8,247.7006,74.1908,122.7902,2.4887,151.4284,16.2752,21.458,20.2871,2.8534,15.7769,9.6967,1.1919,119.9314,2.5421,329.2487
4526.0,251.7026,75.0167,124.1471,2.4788,154.1074,16.7492,21.5215,20.186,2.7504,15.5165,10.374,1.2209,119.8871,2.685,355.9977
4526.1,253.4873,75.4859,124.9506,2.4748,156.4746,16.9712,20.0003,18.6493,2.6782,15.4432,10.8692,1.2366,119.9355,2.7895,367.0538
4526.2,255.0751,76.0355,125.852,2.4727,160.0578,17.1754,17.1451,15.9047,2.5734,15.2701,11.6198,1.2486,119.94,2.9479,372.9063
4526.5,257.3682,77.8656,128.4262,2.4843,169.5582,16.2141,8.6817,8.1503,2.3982,14.457,13.1818,1.2471,119.4405,3.3923,340.8677
4526.7,255.4034,77.7161,129.5064,2.501,167.2128,14.1635,9.2797,8.8158,2.3844,13.6032,13.7692,1.3001,120.5434,3.5496,254.1844
4526.9,252.2956,77.2757,129.6732,2.5053,168.0723,13.4856,11.6874,11.0004,2.3767,12.6821,14.6602,1.3133,121.0741,3.7855,245.3286
4527.5,256.488,76.1288,127.26,2.4743,213.6307,16.3619,7.9727,7.6155,2.4242,12.5106,20.1402,1.3625,121.3055,4.8076,314.8365
4527.6,257.5345,76.5618,126.9676,2.4765,223.6086,16.5354,9.6312,9.2163,2.5478,12.9846,20.5497,1.3884,120.1306,4.9649,309.4553
4527.7,257.8089,77.1031,126.8764,2.4819,229.3752,16.4957,11.9944,11.4428,2.6671,13.3207,20.7072,1.3941,119.3199,4.9649,296.3423
4527.9,255.2815,78.2289,126.6122,2.499,221.8189,16.2438,15.4247,14.5504,2.813,13.0497,20.0372,1.3746,117.9349,4.9649,258.3164
4528.0,252.875,77.9698,126.4266,2.5062,210.3549,16.3115,14.9229,14.0149,2.8106,12.3726,19.2307,1.4083,118.0932,4.8076,243.32
4528.6,246.146,74.9276,122.9336,2.5275,196.6237,15.1643,13.2886,12.6849,2.1096,10.9303,19.6528,1.3745,119.128,4.4145,203.2158
4529.0,248.8351,73.9964,119.3095,2.5121,214.029,11.9543,23.7008,22.3956,1.7511,11.62,21.6688,1.3706,117.7694,5.0435,231.8995
4529.1,248.2185,74.0117,118.6991,2.4956,212.6814,11.0293,23.969,22.6344,1.7498,11.5996,21.6641,1.3641,117.1321,5.0435,265.5913
4529.4,244.0157,73.6259,117.7828,2.4505,199.7023,11.6499,24.7305,23.3983,1.6868,11.5634,20.7473,1.3431,116.952,5.1221,377.7274
4529.6,240.7814,72.9341,116.8605,2.4339,185.8585,10.4713,24.625,23.2825,1.6,11.965,19.1963,1.3217,117.0859,4.8863,427.1636
4529.8,238.2563,72.0798,115.5921,2.4288,176.5189,9.4289,23.6635,22.3794,1.5581,12.3633,18.5052,1.3007,117.1833,4.5718,443.1712
4530.0,236.7238,71.1388,114.17,2.4298,178.3358,10.9493,24.46,23.1483,1.5665,12.5012,18.67,1.2803,117.1814,4.9649,440.0516
4530.1,236.481,70.5743,113.7235,2.4306,186.3075,11.8997,25.4152,24.0411,1.6158,12.6646,19.4318,1.2676,117.329,5.358,437.5956
4530.3,237.1033,70.0064,113.2958,2.4317,228.5801,12.8821,25.8223,24.3477,1.7628,13.3116,24.9117,1.2566,117.9772,5.6725,434.0148
4530.5,239.4629,70.0906,113.6613,2.4372,302.4381,12.9895,22.361,21.0303,1.6366,13.8427,33.0331,1.25,118.1543,6.3015,416.7724
4530.6,241.2674,70.4211,114.4673,2.4404,333.3296,12.9237,20.1256,18.9425,1.4802,13.997,36.0974,1.2483,118.381,6.6947,407.0623
4530.7,243.2982,70.7573,115.4163,2.4436,345.0175,12.8694,18.4595,17.4102,1.3485,14.0749,37.4476,1.2048,118.4942,6.9305,397.6729
4531.0,246.011,71.9991,118.3575,2.4426,246.3138,13.0935,18.0237,16.9847,1.1433,12.7541,28.853,1.1685,119.2971,6.4588,400.6376
4531.2,242.2692,72.566,119.7247,2.4384,178.1046,12.8803,16.0389,14.9953,1.5271,11.4772,19.283,1.1764,119.7892,5.9084,413.2055
4531.4,236.7307,72.5611,120.004,2.4391,149.3593,12.6108,11.7802,10.9998,1.6884,11.4334,14.3675,1.1459,119.9896,5.5939,448.0461
4531.6,234.1272,72.0974,119.3021,2.4499,141.5892,12.6774,9.4822,8.9073,1.691,12.1707,13.0265,1.1043,120.0981,5.0435,413.5409
4531.7,234.6681,71.7812,118.6433,2.4582,142.4486,12.7285,9.1922,8.6578,1.6861,12.3379,12.9053,1.0986,119.9426,4.8076,388.484
4531.8,235.9887,71.1583,117.8921,2.4666,146.8395,12.6713,9.3559,8.8303,1.7009,12.5973,12.9957,1.1016,120.224,4.729,364.3573
4532.0,239.7199,70.2121,117.2021,2.4794,158.7892,11.7596,10.5759,10.0002,1.8288,13.0206,13.6964,1.0555,120.874,4.8863,329.7178
4532.1,241.8497,70.0973,117.2113,2.485,161.8985,11.3535,11.4146,10.7985,1.9247,12.9706,13.7986,1.0493,120.9299,4.8863,315.1976
4532.3,246.6865,71.1268,118.0425,2.4952,159.485,12.5124,13.2938,12.5954,2.1656,12.5843,13.0931,1.002,120.3891,4.8076,290.5084
4532.4,249.2661,72.1793,118.8518,2.4964,156.3813,13.8286,14.3168,13.567,2.2873,12.3491,12.6961,1.0164,120.1849,4.729,287.6275
4532.5,251.7403,73.2736,119.718,2.492,153.2526,14.8182,15.2042,14.4093,2.3859,12.0964,12.3155,0.9841,119.0513,4.729,298.1228
4532.7,255.2752,75.3236,121.5438,2.4805,145.637,14.7901,16.7994,15.9762,2.4859,11.1359,11.3512,0.9467,118.1068,4.4931,326.7498
4532.9,255.3789,76.98,122.8511,2.4746,135.9117,14.4396,22.6303,21.6378,2.5032,10.0849,10.4317,0.9404,116.7967,4.1,342.25
4533.0,253.7251,77.3661,122.9053,2.4742,130.5692,14.4254,28.6573,27.3904,2.4531,9.7982,10.0722,0.9433,116.6999,4.0214,343.3066
4533.1,251.1411,77.4336,122.7481,2.4749,125.002,14.4303,35.8799,34.2048,2.3504,9.4893,9.7335,0.9158,116.2688,3.8641,341.386
4533.6,237.9555,73.6485,118.6072,2.552,118.9903,14.52,33.9995,31.6477,1.9587,9.8578,9.5459,0.8952,117.588,3.7069,178.3127
4533.7,238.3679,72.9794,117.7698,2.5641,123.1395,14.5856,28.0754,26.0499,1.8924,10.6636,9.5602,0.8701,117.7915,3.6282,159.5788
4534.0,245.6771,71.9309,118.4632,2.5921,127.3315,14.708,17.2728,16.0119,1.9193,11.8903,9.2651,0.8469,119.6522,3.4027,122.0354
4534.5,249.1104,73.7801,124.7279,2.5761,120.0872,13.3227,16.9235,15.92,2.1005,11.6486,8.2572,0.8054,122.2381,3.1004,142.5174
4534.8,238.2303,74.2588,124.9913,2.5936,106.9807,9.1732,31.447,29.5999,1.8359,12.0674,7.2821,0.8199,121.726,2.8078,120.1964
4535.3,219.0674,69.7767,117.3556,2.6039,105.9005,12.5137,43.6777,40.4779,1.8931,12.7543,7.0511,0.7509,121.4962,2.5799,108.3979
4535.4,218.7285,68.429,115.6058,2.6094,108.3939,13.0156,38.0382,35.2008,1.9454,12.7661,7.1296,0.7467,121.9514,2.475,55.8071
4535.6,223.0505,65.8587,112.6145,2.598,118.1993,14.1103,26.9352,24.9431,2.2257,13.4439,7.4767,0.7443,122.9805,2.3702,75.7527
4535.7,226.6947,65.0463,111.8331,2.601,125.6523,14.9609,23.1387,21.4686,2.5101,14.7452,7.459,0.7417,123.7719,2.3178,72.9799
4535.8,230.5941,64.7936,112.0436,2.6197,132.5065,16.0141,20.5167,19.0806,2.7858,16.184,7.3148,0.7396,124.6021,2.2654,57.0206
4536.0,237.1809,66.1658,114.9266,2.6715,138.0453,17.9279,18.0153,16.8338,2.9896,17.5999,7.1358,0.7391,125.0395,1.8006,26.5906
4536.1,239.3201,67.2599,116.6396,2.6826,137.8857,18.204,17.7176,16.5875,2.9956,17.8664,7.159,0.7386,124.8287,1.8044,22.14
4536.3,241.1518,69.5519,120.3263,2.6908,138.9926,17.4359,18.325,17.1952,2.9927,18.2643,7.3113,0.693,124.5647,1.8296,19.2606
4536.4,241.2048,70.5288,122.214,2.6928,140.1696,17.0063,18.8383,17.6864,2.972,18.3063,7.4316,0.6937,124.8317,1.8494,18.6151
4536.5,240.9689,71.4486,123.7509,2.6937,140.3849,16.6981,19.3204,18.1417,2.9478,18.2649,7.5379,0.693,124.8121,1.8669,18.324
4536.7,240.2138,73.0068,125.5341,2.6937,137.2572,16.1419,19.827,18.6029,2.9056,18.1667,7.632,0.7056,123.804,1.8825,18.3261
4536.8,239.7072,73.3409,126.0037,2.6948,135.5468,15.9513,19.7336,18.5071,2.8914,18.2075,7.6218,0.7158,123.83,1.8808,17.9614
4536.9,239.1178,73.3818,126.3685,2.6972,135.0337,15.9328,19.3376,18.1318,2.879,18.3491,7.5865,0.7162,124.0971,1.875,17.2106
4537.2,237.3718,72.2882,126.5934,2.7033,137.0993,16.615,17.4938,16.4123,2.8696,19.3752,7.1985,0.703,125.9079,1.811,15.4371
4537.4,236.3655,71.8168,126.2411,2.7003,138.374,16.8301,16.8075,15.789,2.9053,20.0929,6.728,0.6848,126.2892,1.7333,16.303
4537.5,235.5913,71.6005,126.0141,2.6989,138.0874,16.7002,16.7471,15.7469,2.9348,20.3669,6.4474,0.6644,126.4713,1.687,16.6918
4537.6,234.3501,71.2909,125.9919,2.6988,136.6672,16.3339,16.8546,15.8636,2.9716,20.5377,6.1234,0.6819,127.102,1.6336,16.7289
4537.8,230.1852,70.7495,125.3916,2.7012,130.9489,15.1378,17.5476,16.543,3.0857,20.3497,5.2819,0.7012,127.2152,1.4947,10.0
4538.0,224.153,70.0124,123.876,2.7055,127.4807,14.1976,19.3522,18.2531,3.1894,19.3523,4.8652,0.6853,127.061,1.426,10.0
4538.1,221.6996,69.5007,122.9619,2.7081,127.548,14.0348,20.3977,19.2282,3.1792,18.9056,4.9698,0.6926,127.0535,1.4432,10.0
4538.2,219.7842,68.8771,122.1274,2.71,128.1759,14.0146,21.2707,20.0296,3.122,18.5109,5.197,0.6862,127.4071,1.4807,10.0
4538.7,214.3201,66.4846,118.285,2.6977,125.5292,15.022,22.5322,21.4498,2.7231,16.4431,6.357,0.6925,127.6652,1.6721,10.0
4538.9,207.7079,66.0412,117.6329,2.7061,109.7115,12.5385,38.8147,37.3336,2.2136,13.6558,6.6363,0.7045,127.6687,1.7182,10.0
4539.0,203.3957,65.5557,117.294,2.7135,98.3549,10.0172,63.149,60.7813,1.8808,11.8359,6.4426,0.685,128.2982,1.6862,10.0
4539.2,194.9129,63.5856,115.5519,2.7246,77.4958,5.3954,148.4939,141.987,1.3601,9.1492,5.5821,0.7133,129.7197,0.01,10.0
4539.3,191.6611,62.1037,114.2609,2.7255,71.1611,4.0705,188.6221,179.5726,1.2473,8.6591,5.318,0.7361,131.663,0.01,10.0
4539.6,188.4005,57.3606,107.7288,2.7131,70.2232,4.2029,171.2455,161.5868,1.195,9.2198,4.9997,0.7485,134.2295,0.01,10.0
4539.7,189.0565,55.9002,105.073,2.709,73.1398,5.0469,138.8661,131.0115,1.2023,10.0426,4.705,0.7516,134.2219,0.01,10.0
4539.8,189.8453,54.6023,102.7209,2.7071,76.1332,5.9548,112.7988,106.5864,1.2343,10.9388,4.3644,0.7473,134.2052,0.01,10.0
4540.1,187.9279,52.8899,99.9827,2.7146,78.2283,7.8581,94.0486,89.7062,1.3387,12.0506,3.7321,0.7845,134.76,0.01,10.0
4540.3,182.2027,53.2452,100.5507,2.7218,76.5755,7.9853,123.2091,118.0495,1.3741,12.1078,3.5635,0.8274,134.4113,0.01,10.0
4540.6,177.4826,53.6757,102.8966,2.7147,70.8598,6.2812,230.4301,220.487,1.2468,10.1825,4.3437,0.8497,136.0435,0.01,10.0
4540.8,181.1566,53.6372,102.851,2.7028,71.1011,4.7964,265.7838,253.3987,1.1858,9.0325,5.0092,0.8624,136.055,0.01,10.0
4541.1,191.2927,52.621,102.1181,2.7032,76.9051,4.2813,201.6313,192.7137,1.2481,7.9863,5.5983,0.8985,137.368,0.01,10.0
4541.2,194.2071,52.2532,101.8244,2.7068,78.12,4.6527,186.2474,178.4504,1.3058,7.9702,5.5571,0.9091,137.4216,0.01,10.0
4541.3,196.2921,51.8921,101.5052,2.7099,78.3872,5.1418,179.6133,172.4517,1.3746,7.989,5.4276,0.9293,137.9432,0.01,10.0
4541.5,197.3107,51.8309,101.2251,2.7094,76.2709,6.0122,185.2269,178.2006,1.5059,7.8874,5.0911,0.94,137.847,0.01,10.0
4541.8,190.1342,52.4024,101.3507,2.6962,71.3263,5.9508,223.4381,215.4861,1.5376,7.2904,4.8288,0.9877,136.9988,0.01,10.0
4542.0,183.5773,52.5328,101.6464,2.6872,67.6992,5.1742,270.3138,260.6786,1.3857,6.9981,4.8836,0.9879,136.6475,0.01,10.0
4542.1,181.1476,52.2354,101.6317,2.6878,66.7044,4.7804,292.3787,281.7667,1.3051,7.0754,4.9564,1.0293,137.2584,0.01,10.0
4542.3,179.9516,50.9002,101.2903,2.6899,66.5908,4.1015,315.08,303.1435,1.1708,7.4485,5.0502,1.0175,138.4538,0.01,10.0
4542.5,182.6278,49.5785,100.823,2.6897,68.034,3.618,296.2648,284.8157,1.0549,8.2499,4.9675,1.0735,141.6129,0.01,10.0
4542.6,184.2845,49.5678,100.431,2.6894,68.6598,3.4989,282.2561,271.6154,1.0124,8.6745,4.8826,1.056,141.5354,0.01,10.0
4542.7,185.5017,49.8307,100.0556,2.6873,69.0839,3.4805,281.0422,271.07,0.9925,8.9649,4.7866,1.1045,140.5042,0.01,10.0
4542.8,185.9833,50.3591,99.8018,2.6815,69.2819,3.5882,311.7056,301.5722,0.9874,9.101,4.7005,1.1087,138.8618,0.01,10.0
4542.9,185.5948,50.8798,99.6839,2.6734,69.0437,3.7949,386.6227,374.8874,0.997,9.167,4.5851,1.1016,138.7474,0.01,10.0
4543.0,184.5591,51.2866,99.5935,2.6665,68.1502,4.0582,515.4283,500.0111,1.0323,9.0727,4.3991,1.1166,137.3325,0.01,10.0
4543.2,181.3911,51.3052,99.3026,2.6684,64.755,4.3656,951.2764,919.6594,1.1054,8.5434,4.0334,1.1362,137.0223,0.01,10.0
4543.3,179.7023,51.2738,99.1315,2.6743,62.8773,4.2297,1225.2047,1182.183,1.0937,8.1693,3.9919,1.1716,136.9405,0.01,10.0
4543.5,176.5637,51.0467,97.7259,2.681,60.3175,3.3525,1826.9584,1755.3684,1.0298,7.5305,4.0323,1.185,136.2709,0.01,10.0
4543.7,173.7525,50.6538,96.5589,2.681,58.3797,2.4379,2391.5884,2282.8982,0.9963,7.0334,4.0841,1.2115,135.629,0.01,10.0
4543.8,172.5685,50.3975,95.859,2.6807,57.0199,2.1951,2553.6646,2429.3755,0.994,6.7428,4.0771,1.2005,135.5908,0.01,10.0
4543.9,171.6177,50.1451,94.995,2.6791,55.7152,2.083,2585.9456,2453.0493,1.0008,6.4983,4.0322,1.2412,135.0149,0.01,10.0
4544.0,170.9055,49.8731,94.1397,2.6757,55.1981,2.0429,2473.2659,2341.1113,1.0079,6.341,3.9773,1.2479,134.5094,0.01,10.0
4544.1,170.429,49.6599,93.625,2.6719,55.4021,2.0279,2224.2595,2102.5027,1.0124,6.2732,3.9373,1.2673,134.5245,0.01,10.0
4544.3,170.0096,49.4631,93.2309,2.6713,55.3991,1.9888,1548.1293,1463.054,1.0211,6.2398,3.8681,1.2755,134.4852,0.01,10.0
4544.6,170.0289,49.4274,93.617,2.6814,55.5415,2.1092,1020.913,971.793,1.0113,6.5942,3.7694,1.2926,135.2242,0.01,10.0
4544.8,169.7062,49.5009,94.5066,2.6993,58.2554,2.4804,1141.0723,1087.234,0.9668,6.8183,3.8653,1.3414,135.793,0.01,10.0
4545.3,169.6768,49.6426,94.8471,2.7219,55.4482,2.3246,1741.0747,1649.0332,0.6553,6.3669,4.7165,1.3767,135.8925,0.01,10.0
4545.4,170.2783,49.5773,94.5864,2.7155,56.4448,2.0642,2011.9105,1902.9821,0.6139,6.2356,4.8635,1.3863,135.6603,0.01,10.0
4545.5,170.8441,49.522,94.9164,2.7118,57.0632,1.8735,2347.5989,2215.2766,0.6106,6.2162,4.8894,1.4034,135.7093,0.01,10.0
4545.8,171.0481,49.2911,95.4777,2.717,56.1229,2.0421,2809.907,2633.062,0.8068,6.4798,4.3855,1.4073,136.8093,0.01,10.0
4546.1,169.3484,49.2443,96.3636,2.7271,56.5341,2.264,2200.6973,2057.3682,1.061,7.7258,3.345,1.4649,137.8718,0.01,10.0
4546.3,168.2609,49.3305,96.0871,2.7261,56.7493,2.1533,1604.9457,1500.8445,1.1493,8.5171,2.8797,1.4637,137.4321,0.01,10.0
4546.7,166.8665,47.9414,96.9242,2.7293,57.88,2.216,1158.7177,1090.8669,1.2071,9.1815,2.6138,1.4741,140.3015,0.01,10.0
4546.8,166.8625,47.586,97.3769,2.7291,58.3948,2.2711,1206.4994,1136.5686,1.196,9.0319,2.7248,1.4775,142.0133,0.01,10.0
4546.9,167.0798,47.5954,97.4883,2.7265,58.6967,2.3576,1299.7449,1224.912,1.1764,8.7109,2.9015,1.4845,142.1562,0.01,10.0
4547.0,167.516,47.8715,97.6711,2.7218,58.5089,2.4913,1438.9424,1356.2323,1.1479,8.2435,3.1284,1.4683,142.1279,0.01,10.0
4547.2,168.6953,48.8546,98.104,2.707,57.0465,2.8028,1814.7543,1710.3307,1.0431,7.0555,3.7099,1.488,140.0709,0.01,10.0
4547.7,166.847,49.8175,97.9469,2.7009,56.8737,2.3495,4761.5098,4425.3018,0.8201,6.588,4.0724,1.459,138.5437,0.01,10.0
4547.9,163.5272,49.7625,97.8471,2.7041,56.0349,2.1207,4908.7993,4540.4565,0.7608,7.1549,3.8821,1.4477,138.5338,0.01,10.0
4548.0,161.9939,49.6999,97.7681,2.6994,54.4681,2.0234,4493.6362,4156.0542,0.7135,7.5128,3.7916,1.4259,138.6021,0.01,10.0
4548.1,160.7595,49.6115,97.6484,2.6926,52.9511,1.9206,3997.8386,3701.2632,0.6732,7.6791,3.7693,1.4599,138.6098,0.01,10.0
4548.2,159.8991,49.5455,97.5339,2.6866,52.2612,1.8215,3557.5662,3298.8499,0.6595,7.5117,3.8462,1.4444,138.6844,0.01,10.0
4548.3,159.4682,49.5227,97.4368,2.6833,52.5163,1.7478,3239.5957,3009.0249,0.6713,6.9877,4.0468,1.4267,138.6122,0.01,10.0
4548.5,159.3848,49.5092,97.3523,2.6867,54.1706,1.7231,2935.4185,2733.0828,0.7141,5.7588,4.5252,1.4483,138.5808,0.01,10.0
4548.6,159.5433,49.5213,97.3701,2.6922,54.5922,1.753,2910.9072,2712.4072,0.7348,5.4343,4.6465,1.4343,138.5731,0.01,10.0
4548.7,159.7532,49.5405,97.3745,2.6977,54.5183,1.7939,2967.2544,2766.49,0.7591,5.2821,4.6894,1.4293,138.58,0.01,10.0
4549.0,160.5554,49.6493,97.5076,2.691,54.3551,1.8387,3278.7246,3054.4216,0.8243,5.5483,4.5775,1.4018,138.555,0.01,10.0
4549.3,161.2258,49.6541,97.4485,2.6803,57.6777,2.0497,3211.3337,2989.6892,0.7766,7.8269,3.9482,1.4213,138.4768,0.01,10.0
4549.7,162.0987,49.601,97.208,2.6838,56.4223,2.1937,3002.0906,2789.6731,0.8216,8.4547,3.5739,1.3452,138.3181,0.01,10.0
4549.8,162.4106,49.595,97.206,2.6829,56.1039,2.1241,2872.2156,2668.9978,0.8623,8.2793,3.5206,1.3428,138.332,0.01,10.0
4550.0,163.0151,49.5821,97.2282,2.6859,56.4663,2.1266,2446.2529,2274.3186,0.9821,7.5333,3.4923,1.339,138.3781,0.01,10.0
4550.1,163.2638,49.598,97.2702,2.6876,56.5609,2.1712,2185.1992,2031.9619,1.0565,7.0625,3.4986,1.3388,138.402,0.01,10.0
4550.3,163.6496,49.633,97.4131,2.6847,56.5669,2.1699,1767.5309,1645.6102,1.1852,6.355,3.5049,1.2933,138.468,0.01,10.0
4550.4,163.8245,49.683,97.503,2.6789,56.8352,2.1708,1689.0663,1574.6643,1.2225,6.1735,3.5204,1.2932,138.464,0.01,10.0
4550.5,163.996,49.7539,97.5909,2.6721,57.1253,2.2377,1722.5885,1608.4823,1.2426,6.0737,3.5593,1.298,138.47,0.01,10.0
4550.9,164.2199,49.9169,97.8346,2.6877,58.2021,2.7726,2920.2266,2723.1272,1.2068,6.1786,3.876,1.267,138.3687,0.01,10.0
4551.2,163.8783,49.9589,97.6893,2.7043,59.551,2.8278,3256.9421,3021.0984,1.1711,6.7038,3.9915,1.2444,138.1618,0.01,10.0
4551.4,164.0844,49.935,97.5895,2.71,60.9977,2.5009,3243.6287,3012.5093,1.1706,7.3737,3.8686,1.2296,138.1808,0.01,10.0
4551.6,164.8409,50.09,97.4641,2.7069,61.5411,2.0957,3379.916,3143.0095,1.1524,7.7461,3.8462,1.1854,137.946,0.01,10.0
4551.7,165.3103,50.1907,97.388,2.7068,61.6515,1.9687,3526.2866,3280.521,1.1341,7.7647,3.8997,1.1989,137.567,0.01,10.0
4551.9,166.1788,50.3506,97.3089,2.7159,61.8686,1.9504,3909.2178,3635.2502,1.0665,7.5287,4.1297,1.1754,137.169,0.01,10.0
4552.0,166.5054,50.1955,97.245,2.7186,61.3145,1.9943,4001.9971,3718.5278,1.0204,7.1459,4.3405,1.1663,137.0814,0.01,10.0
4552.3,166.9397,48.3915,97.0297,2.6952,57.9156,1.8415,3904.0359,3621.5735,0.9386,5.5884,4.969,1.1235,140.2215,0.01,10.0
4552.8,166.3381,47.586,96.5808,2.7212,60.9659,1.702,3061.4307,2829.0266,0.9625,4.7519,5.3305,1.0899,141.576,0.01,10.0
4552.9,166.3475,47.6201,96.5098,2.7185,61.4547,1.7432,2479.2815,2286.1804,0.9766,4.8997,5.2813,1.1089,141.4727,0.01,10.0
4553.1,167.0075,48.2179,96.4781,2.7017,61.8952,1.9228,1394.2286,1285.0287,1.0037,5.4249,5.0562,1.1167,140.6078,0.01,10.0
4553.3,168.286,49.1355,96.56,2.685,60.2206,2.0735,985.9274,915.4875,1.0453,6.1194,4.6128,1.103,138.2342,0.01,10.0
4553.4,168.8813,49.4983,96.6289,2.6827,59.4546,2.1376,984.0249,916.0411,1.0557,6.4338,4.414,1.0638,138.1919,0.01,10.0
4553.5,169.3042,49.6514,96.6998,2.6865,59.3372,2.2296,1055.6699,984.0417,1.0522,6.6879,4.2725,1.1169,137.8984,0.01,10.0
4553.7,169.5672,49.858,96.9191,2.7077,59.166,2.5657,1280.8497,1193.5496,1.0559,6.9995,4.053,1.1169,137.5577,0.01,10.0
4553.8,169.4906,49.744,97.0515,2.7178,58.5369,2.81,1353.9176,1260.3076,1.0811,7.0504,3.9699,1.1169,138.0642,0.01,10.0
4553.9,169.3988,49.7998,97.1612,2.7234,57.9544,3.0654,1372.3916,1276.3818,1.1258,7.0526,3.8959,1.1169,138.0502,0.01,10.0
4554.0,169.3768,49.8811,97.2653,2.7238,57.9688,3.2655,1344.7003,1249.9547,1.1783,7.0325,3.8174,1.1169,138.0509,0.01,10.0
4554.2,169.8602,50.0657,97.4554,2.7184,59.9268,3.2965,1186.2292,1100.7578,1.3164,6.9049,3.5959,1.0925,137.821,0.01,10.0
4554.5,172.2264,50.1261,97.6895,2.7179,59.1945,2.9133,642.2552,592.2006,1.4226,6.9856,3.3197,1.1168,137.8867,0.01,10.0
4554.6,173.3123,50.103,97.7725,2.7194,58.4765,2.9053,455.8823,420.0077,1.4156,7.2167,3.2201,1.0966,138.0556,0.01,10.0
4554.8,175.3644,50.2109,98.0629,2.7182,59.9472,3.0497,263.7578,244.5672,1.3245,8.0779,3.0204,1.1169,138.264,0.01,10.0
4555.0,176.4248,50.5803,98.5073,2.7128,61.054,3.4346,268.2308,251.2014,1.1844,8.679,3.0904,1.1103,137.9066,0.01,10.0
4555.4,176.3032,51.304,99.7311,2.6927,59.1343,5.4017,796.5721,745.8538,1.099,7.4113,3.8802,1.1169,137.5726,0.01,10.0
4555.9,182.5291,51.05,99.3969,2.7204,62.0246,4.113,695.8286,649.2349,1.2427,5.5118,4.3614,1.0889,137.955,0.01,10.0
4556.1,184.6911,50.7723,98.8159,2.7154,60.068,3.5066,735.7351,689.5497,1.2804,6.5552,3.6775,1.1079,137.9557,0.01,10.0
4556.3,185.3784,50.6708,97.9742,2.7093,59.0085,3.8314,1066.2572,1003.0878,1.2738,7.3348,3.2277,1.1135,137.3051,0.01,10.0
4556.4,185.1803,50.6624,97.9327,2.7094,58.4876,4.1278,1355.2473,1275.6495,1.2653,7.6282,3.0654,1.1047,137.2918,0.01,10.0
4556.8,181.7173,50.5496,97.8136,2.7002,58.9284,4.188,2590.999,2434.2661,1.2456,7.4309,3.2153,1.1169,137.4061,0.01,10.0
4556.9,180.9645,50.4965,97.6632,2.7029,59.6359,3.7569,2768.6257,2599.5583,1.2465,7.212,3.3732,1.0901,137.408,0.01,10.0
4557.0,180.7305,50.4295,97.4101,2.708,60.1614,3.3487,2865.3606,2688.7637,1.2531,7.0336,3.5179,1.1169,137.2408,,
4557.4,184.0673,50.0799,96.3009,2.7085,61.62,3.053,2297.0144,2144.6858,1.2595,6.8075,4.0249,1.1057,136.7469,,
4557.5,185.1881,50.022,96.045,2.7047,61.776,3.1147,1916.1064,1785.9061,1.2535,6.826,4.1275,1.1035,136.7356,,
4557.6,186.2346,49.9762,95.8386,2.7016,61.9024,3.1347,1543.8171,1437.4294,1.2476,6.8526,4.1898,1.1169,136.5736,,
4557.9,189.9751,49.9988,96.3449,2.7021,61.723,3.1327,947.2464,885.343,,,,1.0925,137.0557,,
4558.5,194.9905,50.4687,97.5934,2.7071,,4.0204,2068.9717,1970.436,,,,1.1171,137.3928,,
4558.6,193.8822,50.4792,97.6475,2.7114,,4.2812,2512.2859,2395.5527,,,,1.0834,137.395,,
4558.7,192.5536,50.4873,97.6942,2.7104,,4.5097,2946.073,2810.2878,,,,1.1171,137.4592,,
4558.9,190.2705,50.5081,97.6871,2.694,,4.6256,3438.9944,3273.968,,,,1.1172,137.436,,
4559.2,189.9431,50.511,97.6598,2.6952,,3.7654,2369.8123,2237.7163,,,,1.1171,137.405,,
4559.6,193.4496,50.506,97.6276,2.7027,,2.6862,1012.6736,963.7874,,,,1.1106,137.3755,,
4559.8,194.3118,50.6259,97.8749,2.7009,,2.8502,1013.7319,976.9142,,,,1.1118,137.645,,
4560.0,194.3707,50.8967,97.9078,2.7034,,3.292,1133.009,1104.5162,,,,1.1016,136.961,,
4560.1,194.3714,50.8906,97.9198,2.7028,,3.6312,1214.1569,1188.9272,,,,1.108,136.9704,,
4560.2,194.4854,50.8873,97.9336,2.7017,,4.0301,1348.8179,1327.1549,,,,1.056,136.9962,,
4560.3,194.7093,50.65,97.926,2.701,,4.3833,1603.5245,1585.3607,,,,1.1035,137.6685,,
4560.4,194.9852,50.4881,97.8557,2.701,,4.5704,2013.5509,1996.8542,,,,1.1056,137.7492,,
4560.6,195.3682,50.476,97.6436,2.7028,,4.2388,2912.6233,2884.0293,,,,1.1171,137.4702,,
4560.7,195.4338,50.4787,97.6085,2.7047,,3.961,3045.6504,3007.2964,,,,1.1171,137.4677,,
4560.8,195.4407,50.4844,97.5745,2.7068,,3.7626,2847.4519,2803.0996,,,,1.1169,137.4088,,
4561.0,195.4033,50.485,97.5232,2.7059,,3.5286,2045.0736,2006.7573,,,,1.0973,137.3716,,
4561.3,195.3008,50.4879,97.5005,2.6925,,2.8947,1614.11,1591.8579,,,,,137.3462,,
4561.4,195.2749,50.4907,97.5071,2.6903,,2.7346,1656.1509,1636.7998,,,,,137.3565,,
4561.6,195.2568,50.4939,97.5164,2.6889,,2.8526,2063.6592,2049.4211,,,,,137.3487,,
4561.7,195.2618,50.4913,97.5241,2.6879,,3.0958,2350.1223,2334.8069,,,,,131.1558,,
4562.0,195.2965,50.486,97.4875,2.6822,,3.5756,2031.8856,1997.9402,,,,,130.3352,,
4562.1,195.3071,50.4878,97.4825,2.6836,,3.4769,1620.4036,1585.0258,,,,,130.334,,
4562.3,195.3239,50.4936,97.4738,2.6895,,3.1568,1168.2957,1139.2853,,,,,130.3183,,
4562.4,195.3296,50.4949,97.5575,2.6892,,3.0359,1213.1136,1186.7932,,,,,130.317,,
4562.6,195.332,50.7629,97.7116,2.68,,2.902,1709.3198,1674.7206,,,,,130.0574,,
4562.7,195.325,50.8951,97.7138,2.6737,,2.9004,1970.4772,1924.0999,,,,,130.003,,
4562.9,195.3051,50.9079,97.6965,2.6589,,3.0715,1999.3608,1934.0762,,,,,129.9921,,
4563.1,195.2841,50.5235,97.6989,2.648,,3.3638,1649.5234,1589.7461,,,,,130.3943,,
4563.2,195.2803,50.4899,97.5753,2.646,,3.4645,1626.5991,1572.2445,,,,,130.3448,,
4563.3,195.283,50.4883,97.4986,2.6448,,3.5197,1789.379,1736.3297,,,,,130.329,,
4563.5,195.3033,50.4849,97.519,2.6386,,3.5674,2529.6489,2461.7043,,,,,130.3587,,
4563.6,195.3112,50.485,97.5375,2.6345,,3.6037,2912.6716,2832.5525,,,,,130.36,,
4563.7,195.3099,50.4824,97.5599,2.6313,,3.6478,3197.6897,3105.2258,,,,,130.3808,,
4563.8,195.2995,50.4846,97.5769,2.6294,,3.6757,3323.2844,3219.2051,,,,,130.3909,,
4564.2,195.2354,50.4754,97.5917,2.6342,,3.5119,1462.0334,1387.0962,,,,,130.404,,
4564.5,,50.4802,97.594,2.6366,,3.3884,759.3436,728.7485,,,,,130.4053,,
4564.8,,50.4901,97.5979,2.6315,,3.458,1851.5579,1774.6606,,,,,130.3921,,
4564.9,,50.4866,97.5963,2.6284,,3.5002,1883.4338,1797.5176,,,,,130.3971,,
4565.0,,50.4792,97.5951,2.6263,,3.5126,1671.4554,1588.5721,,,,,130.398,,
4565.1,,50.4712,97.5941,2.6257,,3.5226,1386.9293,1314.4905,,,,,130.4108,,
4565.3,,50.4692,97.5777,2.6249,,3.6097,1150.1604,1090.9042,,,,,130.413,,
4565.5,,50.4768,97.534,2.6218,,3.6484,1235.5823,1173.938,,,,,130.3674,,
4565.8,,50.4827,97.4305,2.6247,,3.5223,1499.6606,1425.1421,,,,,130.3025,,
4565.9,,50.483,97.4076,2.627,,3.5656,1565.9193,1487.3809,,,,,130.299,,
4566.1,,50.4812,97.3813,2.6312,,3.7655,1630.0892,1547.7701,,,,,130.282,,
4566.7,,50.483,97.418,2.6276,,4.5161,1661.4437,1580.6876,,,,,130.2993,,
4566.8,,50.4822,97.4255,2.6314,,4.619,1661.9089,1581.7164,,,,,130.299,,
4567.4,,50.4833,97.4402,2.625,,4.8609,1664.5223,1583.7201,,,,,130.3165,,
4567.5,,50.4948,97.445,2.625,,4.8535,1664.1249,1583.5023,,,,,130.3019,,
4567.7,,50.5146,97.4458,2.6246,,4.6789,1662.9001,1582.0012,,,,,130.2841,,
4567.9,,50.5184,97.466,2.6191,,4.556,1663.1097,1579.5995,,,,,130.28,,
4568.1,,50.5046,97.5036,2.6132,,4.5966,1664.229,1576.991,,,,,130.3285,,
4568.2,,50.5014,97.5193,2.6129,,4.6361,1664.6144,1577.0591,,,,,130.334,,
4568.3,,50.4994,97.5302,2.6145,,4.6857,1664.7815,1578.6865,,,,,130.3438,,
4568.4,,50.4924,97.5328,2.6167,,4.7417,1664.8433,1581.0327,,,,,130.3567,,
4568.5,,50.4894,97.5379,2.618,,4.7648,1664.8536,1583.072,,,,,130.359,,
4568.7,,50.4882,97.546,2.6199,,4.6795,1664.5032,1583.7833,,,,,130.3666,,
4568.9,,50.488,97.5478,2.6257,,4.5716,1663.4913,1582.8512,,,,,130.3678,,
4569.0,,50.488,97.5488,2.6303,,4.5496,1663.0713,1582.5176,,,,,130.3696,,
4569.2,,50.5038,97.7874,2.6405,,4.5535,1662.9498,1582.2148,,,,,130.4853,,
4569.6,,50.8973,97.8125,2.6416,,4.5824,1663.4506,1583.1511,,,,,130.075,,
4569.8,,50.5664,97.7939,2.5646,,4.6157,1664.1342,1583.7216,,,,,130.4065,,
4570.0,,50.4818,97.5426,2.4914,,4.5993,1664.5854,1584.0378,,,,,130.362,,
4570.1,,50.4784,97.5262,2.4861,,,1664.3621,1583.8193,,,,,130.366,,
4570.2,,50.4772,97.5214,2.4858,,,1663.988,1583.4492,,,,,130.3638,,
4570.3,,50.477,97.5192,2.488,,,1663.8198,1583.1964,,,,,130.363,,
4570.8,,50.4866,97.5744,2.4958,,,1664.1521,1583.6998,,,,,130.387,,
4570.9,,50.4878,97.5798,2.4955,,,1664.3896,1583.9623,,,,,130.383,,
4571.1,,50.4804,97.6012,2.4994,,,1666.0601,1584.8046,,,,,130.407,,
